FishID,pop,sex,habitat_temp,pair,state,subgroup,latitude,accl_order,phenotype,Date,accl_temp,length,mass,tenth_perc_MO2_mg_hr,tenth_perc_MO2_mg_hr_kg
O1O2O3,OCME,M,18.06903,OCME-PEAME,ME,N,44.421147,12 to 28,WAM,4/9/19,12,61,5.7,3.035792077,0.000532595
P1G2G5,PENME,F,21.35523,PENME-DIME,ME,N,44.4663861,12 to 28,WAM,4/9/19,12,62,6.8,4.067457397,0.000598155
O4R5O6,DIME,F,16.92318,PENME-DIME,ME,N,44.165011,12 to 28,WAM,4/9/19,12,82,14.2,4.596912086,0.000323726
G1P4O5,PENME,M,21.35523,PENME-DIME,ME,N,44.4663861,12 to 28,WAM,4/9/19,12,65,6.7,4.207203517,0.000627941
O1G3P5,RVMA,M,23.49572,RVMA-EHMA,MA,N,41.674169,12 to 28,WAM,4/9/19,12,72,10.5,4.225842494,0.000402461
G2P3G6,OCME,M,18.06903,OCME-PEAME,ME,N,44.421147,12 to 28,WAM,4/9/19,12,56,4,4.600733175,0.001150183
O2P3O4,EHMA,F,19.31422,RVMA-EHMA,MA,N,41.82633,12 to 28,WAM,4/9/19,12,62,6,4.93630781,0.000822718
R3G4P5,DIME,F,16.92318,PENME-DIME,ME,N,44.165011,12 to 28,WAM,4/9/19,12,83,13.9,6.745224318,0.000485268
P2O5R6,PEAME,F,15.63283,OCME-PEAME,ME,N,44.29059,12 to 28,WAM,4/9/19,12,67,10.4,5.582217787,0.000536752
P2R3G5,EHMA,M,19.31422,RVMA-EHMA,MA,N,41.82633,12 to 28,WAM,4/9/19,12,58,5.2,4.346367337,0.00083584
G1O2P4,DIME,M,16.92318,PENME-DIME,ME,N,44.165011,12 to 28,WAM,4/9/19,12,64,5.9,5.933549663,0.001005686
R1O4R5,RVMA,F,23.49572,RVMA-EHMA,MA,N,41.674169,12 to 28,WAM,4/9/19,12,66,11,7.282768448,0.00066207
G1G3O5,PEAME,M,15.63283,OCME-PEAME,ME,N,44.29059,12 to 28,WAM,4/9/19,12,60,5.6,4.493514442,0.000802413
P2P3O6,RVMA,F,23.49572,RVMA-EHMA,MA,N,41.674169,12 to 28,WAM,4/9/19,12,67,7.7,6.150796724,0.000798805
G1P2R3,PEAME,F,15.63283,OCME-PEAME,ME,N,44.29059,12 to 28,WAM,4/9/19,12,64,7.7,5.755494031,0.000747467
O3O4R5,RVMA,M,23.49572,RVMA-EHMA,MA,N,41.674169,12 to 28,WAM,4/9/19,12,69,11.4,6.106242694,0.000535635
O2G5O6,PEAME,F,15.63283,OCME-PEAME,ME,N,44.29059,12 to 28,WAM,4/9/19,12,64,7.3,5.913915599,0.000810125
R1R2G6,DIME,F,16.92318,PENME-DIME,ME,N,44.165011,12 to 28,WAM,4/9/19,12,71,12.2,7.059366057,0.000578637
P3P4R5,DIME,M,16.92318,PENME-DIME,ME,N,44.165011,12 to 28,WAM,4/9/19,12,62,12.6,6.24495691,0.000495632
P2G3P4,OCME,F,18.06903,OCME-PEAME,ME,N,44.421147,12 to 28,WAM,4/9/19,12,62,6.8,4.713941931,0.000693227
G1P4R6,DIME,M,16.92318,PENME-DIME,ME,N,44.165011,28 to 12,WAM,4/10/19,28,67,5.4,2.131897836,0.000394796
G2O3O6,DIME,M,16.92318,PENME-DIME,ME,N,44.165011,28 to 12,WAM,4/10/19,28,65,5.6,3.810659597,0.000680475
O1P4R5,EHMA,F,19.31422,RVMA-EHMA,MA,N,41.82633,28 to 12,WAM,4/10/19,28,70,9.2,4.835457452,0.000525593
G1O4P5,OCME,F,18.06903,OCME-PEAME,ME,N,44.421147,28 to 12,WAM,4/10/19,28,77,10.7,8.992999,0.000840467
R1R3P5,OCME,M,18.06903,OCME-PEAME,ME,N,44.421147,28 to 12,WAM,4/10/19,28,58,3.4,3.426528777,0.001007803
P4G5R6,PEAME,M,15.63283,OCME-PEAME,ME,N,44.29059,28 to 12,WAM,4/10/19,28,62,5,4.132116018,0.000826423
P3G5R6,OCME,F,18.06903,OCME-PEAME,ME,N,44.421147,28 to 12,WAM,4/10/19,28,73,9.5,6.843994891,0.000720421
O1R2O5,PENME,F,21.35523,PENME-DIME,ME,N,44.4663861,28 to 12,WAM,4/10/19,28,74,10.5,8.981107789,0.000855344
G1O4O5,RVMA,M,23.49572,RVMA-EHMA,MA,N,41.674169,28 to 12,WAM,4/10/19,28,76,9.4,6.581540284,0.000700164
O1P2R3,RVMA,M,23.49572,RVMA-EHMA,MA,N,41.674169,28 to 12,WAM,4/10/19,28,76,12.3,10.23105253,0.000831793
G1G3G6,DIME,M,16.92318,PENME-DIME,ME,N,44.165011,28 to 12,WAM,4/10/19,28,74,7.5,5.848118439,0.000779749
P1P2R4,EHMA,F,19.31422,RVMA-EHMA,MA,N,41.82633,28 to 12,WAM,4/10/19,28,67,8.3,6.545608688,0.000788628
R1G4R6,RVMA,F,23.49572,RVMA-EHMA,MA,N,41.674169,28 to 12,WAM,4/10/19,28,78,11.8,8.68873899,0.000736334
O3R5G6,RVMA,F,23.49572,RVMA-EHMA,MA,N,41.674169,28 to 12,WAM,4/10/19,28,76,11.4,9.763799476,0.000856474
O1G2G3,PENME,M,21.35523,PENME-DIME,ME,N,44.4663861,28 to 12,WAM,4/10/19,28,69,7,6.840879593,0.000977269
G1O3G6,PENME,M,21.35523,PENME-DIME,ME,N,44.4663861,28 to 12,WAM,4/10/19,28,68,6.7,5.161849223,0.000770425
G1P2R5,PENME,F,21.35523,PENME-DIME,ME,N,44.4663861,12 to 28,WAM,4/11/19,12,78,12,1.700303777,0.000141692
O1P4P5,PEAME,F,15.63283,OCME-PEAME,ME,N,44.29059,12 to 28,WAM,4/11/19,12,62,8,1.882315171,0.000235289
P1R3G4,DIME,M,16.92318,PENME-DIME,ME,N,44.165011,12 to 28,WAM,4/11/19,12,65,6.2,2.343836408,0.000378038
O1R3R6,RVMA,M,23.49572,RVMA-EHMA,MA,N,41.674169,12 to 28,WAM,4/11/19,12,62,8,1.816999964,0.000227125
O1O2R4,DIME,M,16.92318,PENME-DIME,ME,N,44.165011,12 to 28,WAM,4/11/19,12,69,8.2,2.206924335,0.000269137
R2R4R5,PENME,M,21.35523,PENME-DIME,ME,N,44.4663861,12 to 28,WAM,4/11/19,12,70,8.9,3.626448668,0.000407466
G3O4G5,PENME,F,21.35523,PENME-DIME,ME,N,44.4663861,12 to 28,WAM,4/11/19,12,68,9,3.023989738,0.000335999
O2G3G4,EHMA,F,19.31422,RVMA-EHMA,MA,N,41.82633,12 to 28,WAM,4/11/19,12,72,10,2.718485817,0.000271849
O4G5P6,EHMA,M,19.31422,RVMA-EHMA,MA,N,41.82633,12 to 28,WAM,4/11/19,12,63,6.1,2.369634162,0.000388465
P3R5R6,OCME,M,18.06903,OCME-PEAME,ME,N,44.421147,12 to 28,WAM,4/11/19,12,59,5,2.36354031,0.000472708
O3G4G5,PENME,F,21.35523,PENME-DIME,ME,N,44.4663861,28 to 12,WAM,4/23/19,28,72,13.5,6.185153311,0.00045816
G1O2G5,PENME,F,21.35523,PENME-DIME,ME,N,44.4663861,28 to 12,WAM,4/23/19,28,63,6.3,3.576962255,0.000567772
R3P4G5,PENME,F,21.35523,PENME-DIME,ME,N,44.4663861,28 to 12,WAM,4/23/19,28,76,11.8,5.009367657,0.000424523
P3O5G6,PEAME,F,15.63283,OCME-PEAME,ME,N,44.29059,28 to 12,WAM,4/23/19,28,69,7.8,4.164083708,0.000533857
O2P4G5,RVMA,M,23.49572,RVMA-EHMA,MA,N,41.674169,28 to 12,WAM,4/23/19,28,72,10.1,4.903482114,0.000485493
O2O5R6,EHMA,F,19.31422,RVMA-EHMA,MA,N,41.82633,28 to 12,WAM,4/23/19,28,62,5.5,2.569642649,0.000467208
P2G4G5,PENME,F,21.35523,PENME-DIME,ME,N,44.4663861,28 to 12,WAM,4/23/19,28,66,7.4,3.371001334,0.000455541
G1G2G4,RVMA,F,23.49572,RVMA-EHMA,MA,N,41.674169,28 to 12,WAM,4/23/19,28,68,9.1,4.372169337,0.000480458
O2R5O6,PEAME,M,15.63283,OCME-PEAME,ME,N,44.29059,28 to 12,WAM,4/23/19,28,63,4.7,2.375104426,0.000505341
G3G5G6,PEAME,M,15.63283,OCME-PEAME,ME,N,44.29059,28 to 12,WAM,4/23/19,28,68,6.7,4.811156208,0.000718083
O2O3G4,DIME,M,16.92318,PENME-DIME,ME,N,44.165011,28 to 12,WAM,4/23/19,28,66,5.7,2.874790677,0.000504349
P1O4O5,RVMA,F,23.49572,RVMA-EHMA,MA,N,41.674169,28 to 12,WAM,4/23/19,28,72,11.3,6.613664754,0.00058528
G2G3G4,EHMA,F,19.31422,RVMA-EHMA,MA,N,41.82633,28 to 12,WAM,4/23/19,28,70,8.9,4.506076559,0.000506301
P2O4R6,OCME,M,18.06903,OCME-PEAME,ME,N,44.421147,28 to 12,WAM,4/23/19,28,76,8.6,5.256732696,0.000611248
R1P2G5,RVMA,M,23.49572,RVMA-EHMA,MA,N,41.674169,28 to 12,WAM,4/23/19,28,74,10.2,5.629763065,0.000551938
G2P3R5,RVMA,M,23.49572,RVMA-EHMA,MA,N,41.674169,28 to 12,WAM,4/23/19,28,63,5.9,3.422130475,0.000580022
O2R3O6,EHMA,M,19.31422,RVMA-EHMA,MA,N,41.82633,28 to 12,WAM,4/23/19,28,74,10,5.318306208,0.000531831
O1R2R5,OCME,F,18.06903,OCME-PEAME,ME,N,44.421147,28 to 12,WAM,4/23/19,28,65,7.1,2.361958435,0.00033267
G3P4G5,RVMA,M,23.49572,RVMA-EHMA,MA,N,41.674169,28 to 12,WAM,4/23/19,28,72,9,3.526813002,0.000391868
G2P3G5,EHMA,M,19.31422,RVMA-EHMA,MA,N,41.82633,28 to 12,WAM,4/23/19,28,69,7.2,3.678790745,0.000510943
P1G4R5,RVMA,F,23.49572,RVMA-EHMA,MA,N,41.674169,12 to 28,WAM,4/24/19,12,72,11.9,2.438810321,0.000204942
G1R2P4,PEAME,F,15.63283,OCME-PEAME,ME,N,44.29059,12 to 28,WAM,4/24/19,12,68,7.8,2.117065929,0.000271419
O1R4P6,PEAME,F,15.63283,OCME-PEAME,ME,N,44.29059,12 to 28,WAM,4/24/19,12,67,7.6,1.906547639,0.000250862
O2O4O6,PENME,M,21.35523,PENME-DIME,ME,N,44.4663861,12 to 28,WAM,4/24/19,12,76,9.7,1.853766015,0.00019111
P1G3G5,PEAME,F,15.63283,OCME-PEAME,ME,N,44.29059,12 to 28,WAM,4/24/19,12,71,9.2,2.051018411,0.000222937
O1O3R5,RVMA,F,23.49572,RVMA-EHMA,MA,N,41.674169,12 to 28,WAM,4/24/19,12,77,13.3,3.580701521,0.000269226
R1R2O5,OCME,M,18.06903,OCME-PEAME,ME,N,44.421147,12 to 28,WAM,4/24/19,12,56,3.9,1.442994732,0.000369999
P1O5R6,PENME,F,21.35523,PENME-DIME,ME,N,44.4663861,12 to 28,WAM,4/24/19,12,70,7.7,2.71157804,0.000352153
P2R4G6,DIME,M,16.92318,PENME-DIME,ME,N,44.165011,12 to 28,WAM,4/24/19,12,65,5.3,1.594785873,0.000300903
R2O4G6,RVMA,M,23.49572,RVMA-EHMA,MA,N,41.674169,12 to 28,WAM,4/24/19,12,65,6.3,2.184930171,0.000346814
G1R3O4,EHMA,F,19.31422,RVMA-EHMA,MA,N,41.82633,12 to 28,WAM,4/24/19,12,74,10.5,4.031063093,0.000383911
P1P4P6,OCME,M,18.06903,OCME-PEAME,ME,N,44.421147,12 to 28,WAM,4/24/19,12,67,6.3,2.467931654,0.000391735
G1R4R6,PENME,F,21.35523,PENME-DIME,ME,N,44.4663861,12 to 28,WAM,4/24/19,12,66,7.5,1.932956082,0.000257727
G1R4G5,RVMA,F,23.49572,RVMA-EHMA,MA,N,41.674169,12 to 28,WAM,4/24/19,12,72,9.9,3.185079006,0.000321725
O1O4R5,PEAME,M,15.63283,OCME-PEAME,ME,N,44.29059,12 to 28,WAM,4/24/19,12,57,4.6,1.943276548,0.000422451
P2R3G6,DIME,M,16.92318,PENME-DIME,ME,N,44.165011,28 to 12,WAM,4/25/19,28,73,9,4.666587128,0.00051851
R2G5O6,PENME,F,21.35523,PENME-DIME,ME,N,44.4663861,28 to 12,WAM,4/25/19,28,74,11.4,6.414339688,0.000562661
O1R5P6,PEAME,F,15.63283,OCME-PEAME,ME,N,44.29059,28 to 12,WAM,4/25/19,28,69,8.3,5.527154724,0.000665922
P4G5G6,EHMA,M,19.31422,RVMA-EHMA,MA,N,41.82633,28 to 12,WAM,4/25/19,28,80,13.4,7.4744554,0.000557795
G1O3R4,DIME,F,16.92318,PENME-DIME,ME,N,44.165011,28 to 12,WAM,4/25/19,28,80,13.2,6.448929243,0.000488555
G2G4O6,PENME,F,21.35523,PENME-DIME,ME,N,44.4663861,28 to 12,WAM,4/25/19,28,79,12,4.959647779,0.000413304
G1O2P6,PEAME,F,15.63283,OCME-PEAME,ME,N,44.29059,28 to 12,WAM,4/25/19,28,67,7.9,4.020391915,0.00050891
P1G3O5,DIME,M,16.92318,PENME-DIME,ME,N,44.165011,28 to 12,WAM,4/25/19,28,62,5.4,4.15251567,0.000768984
O2R3G6,DIME,F,16.92318,PENME-DIME,ME,N,44.165011,28 to 12,WAM,4/25/19,28,75,11.2,6.311772045,0.000563551
G1G2R4,OCME,M,18.06903,OCME-PEAME,ME,N,44.421147,28 to 12,WAM,4/25/19,28,66,6.1,5.326249223,0.000873156
P1O4G5,PEAME,F,15.63283,OCME-PEAME,ME,N,44.29059,28 to 12,WAM,4/25/19,28,70,10.6,5.85158998,0.000552037
P1R2G3,OCME,F,18.06903,OCME-PEAME,ME,N,44.421147,28 to 12,WAM,4/25/19,28,69,8,6.363845484,0.000795481
P3G4G5,DIME,F,16.92318,PENME-DIME,ME,N,44.165011,28 to 12,WAM,4/25/19,28,78,8.9,4.870710262,0.000547271
G1P2O3,PEAME,M,15.63283,OCME-PEAME,ME,N,44.29059,28 to 12,WAM,4/25/19,28,67,6.6,4.963909096,0.000752107
R2O5G6,DIME,F,16.92318,PENME-DIME,ME,N,44.165011,28 to 12,WAM,4/25/19,28,92,16.1,7.431420523,0.000461579
P1O3G4,PENME,F,21.35523,PENME-DIME,ME,N,44.4663861,28 to 12,WAM,4/25/19,28,71,9.1,7.474865093,0.000821414
R3G5P6,EHMA,F,19.31422,RVMA-EHMA,MA,N,41.82633,28 to 12,WAM,4/25/19,28,85,15.6,7.261143503,0.000465458
G2G3R6,OCME,F,18.06903,OCME-PEAME,ME,N,44.421147,28 to 12,WAM,4/25/19,28,56,4.1,3.725823523,0.000908737
O2O3P5,OCME,M,18.06903,OCME-PEAME,ME,N,44.421147,28 to 12,WAM,4/25/19,28,60,4.9,4.929011841,0.001005921
G2P3P4,PEAME,F,15.63283,OCME-PEAME,ME,N,44.29059,28 to 12,WAM,4/25/19,28,71,8.1,4.341456906,0.000535982
R3G4R6,PENME,M,21.35523,PENME-DIME,ME,N,44.4663861,12 to 28,WAM,4/26/19,12,71,7.8,1.739256952,0.000222982
G1O5R6,RVMA,F,23.49572,RVMA-EHMA,MA,N,41.674169,12 to 28,WAM,4/26/19,12,65,7.2,2.194190462,0.000304749
O1G3R4,OCME,F,18.06903,OCME-PEAME,ME,N,44.421147,12 to 28,WAM,4/26/19,12,65,7.2,2.127196963,0.000295444
G4G5O6,PENME,F,21.35523,PENME-DIME,ME,N,44.4663861,12 to 28,WAM,4/26/19,12,85,19.3,3.178068269,0.000164667
G2R4R5,DIME,F,16.92318,PENME-DIME,ME,N,44.165011,12 to 28,WAM,4/26/19,12,55,2.9,1.40423643,0.000484219
P1G2O4,OCME,M,18.06903,OCME-PEAME,ME,N,44.421147,12 to 28,WAM,4/26/19,12,66,6.1,2.758525923,0.000452217
R1P3R6,PEAME,M,15.63283,OCME-PEAME,ME,N,44.29059,12 to 28,WAM,4/26/19,12,60,4.6,1.684663157,0.000366231
R4O5R6,PENME,M,21.35523,PENME-DIME,ME,N,44.4663861,12 to 28,WAM,4/26/19,12,59,4,1.389700155,0.000347425
R2R3G6,OCME,M,18.06903,OCME-PEAME,ME,N,44.421147,12 to 28,WAM,4/26/19,12,58,4.6,1.58005332,0.00034349
R2R4P6,OCME,M,18.06903,OCME-PEAME,ME,N,44.421147,12 to 28,WAM,4/26/19,12,55,3.3,2.261820862,0.0006854
O2G4P5,RVMA,M,23.49572,RVMA-EHMA,MA,N,41.674169,12 to 28,WAM,4/26/19,12,76,11.6,2.108563851,0.000181773
R1O2G5,PEAME,F,15.63283,OCME-PEAME,ME,N,44.29059,12 to 28,WAM,4/26/19,12,70,8.5,1.952795598,0.000229741
G1P3P4,DIME,F,16.92318,PENME-DIME,ME,N,44.165011,12 to 28,WAM,4/26/19,12,58,4.6,1.75734239,0.000382031
G3O5G6,PENME,M,21.35523,PENME-DIME,ME,N,44.4663861,12 to 28,WAM,4/26/19,12,67,7.5,1.51546712,0.000202062
R1O5P6,EHMA,F,19.31422,RVMA-EHMA,MA,N,41.82633,12 to 28,WAM,4/26/19,12,67,8,2.286251461,0.000285781
R1O2R4,RVMA,F,23.49572,RVMA-EHMA,MA,N,41.674169,12 to 28,WAM,4/26/19,12,79,13.1,2.609353571,0.000199187
O2R4P6,PEAME,F,15.63283,OCME-PEAME,ME,N,44.29059,12 to 28,WAM,4/26/19,12,64,7,1.75098294,0.00025014
R2G4R6,RVMA,M,23.49572,RVMA-EHMA,MA,N,41.674169,12 to 28,WAM,4/26/19,12,62,5.1,1.703554866,0.00033403
P2O4O5,RVMA,M,23.49572,RVMA-EHMA,MA,N,41.674169,12 to 28,WAM,4/26/19,12,61,5.1,1.52288657,0.000298605
G2O3P6,PENME,M,21.35523,PENME-DIME,ME,N,44.4663861,12 to 28,WAM,4/27/19,12,66,5.6,1.344955321,0.000240171
P2R3P6,RVMA,F,23.49572,RVMA-EHMA,MA,N,41.674169,12 to 28,WAM,4/27/19,12,67,7.1,2.767483818,0.000389786
P2G4G6,DIME,M,16.92318,PENME-DIME,ME,N,44.165011,12 to 28,WAM,4/27/19,12,72,7.7,2.031410876,0.00026382
O1P2R6,DIME,M,16.92318,PENME-DIME,ME,N,44.165011,12 to 28,WAM,4/27/19,12,67,6.4,2.361418825,0.000368972
O1O2G5,RVMA,M,23.49572,RVMA-EHMA,MA,N,41.674169,12 to 28,WAM,4/27/19,12,77,9.3,2.323917165,0.000249884
P1O2P6,OCME,F,18.06903,OCME-PEAME,ME,N,44.421147,12 to 28,WAM,4/27/19,12,59,5.5,2.245190281,0.000408216
R4O5G6,OCME,F,18.06903,OCME-PEAME,ME,N,44.421147,12 to 28,WAM,4/27/19,12,75,10,2.964302834,0.00029643
G2R3R6,RVMA,M,23.49572,RVMA-EHMA,MA,N,41.674169,12 to 28,WAM,4/27/19,12,74,9.7,2.397954135,0.000247212
G3O5P6,EHMA,F,19.31422,RVMA-EHMA,MA,N,41.82633,12 to 28,WAM,4/27/19,12,76,11.6,3.819017121,0.000329226
P1G3P4,PENME,F,21.35523,PENME-DIME,ME,N,44.4663861,12 to 28,WAM,4/27/19,12,71,9.1,3.238299752,0.000355857
G1O3G5,PENME,M,21.35523,PENME-DIME,ME,N,44.4663861,12 to 28,WAM,4/27/19,12,70,6.8,2.114109348,0.000310898
R2G3G5,PENME,F,21.35523,PENME-DIME,ME,N,44.4663861,12 to 28,WAM,4/27/19,12,81,12.4,3.056843046,0.00024652
P1O3P4,EHMA,M,19.31422,RVMA-EHMA,MA,N,41.82633,12 to 28,WAM,4/27/19,12,75,13.1,3.992385363,0.000304762
P3G4O6,PEAME,F,15.63283,OCME-PEAME,ME,N,44.29059,12 to 28,WAM,4/27/19,12,71,8.8,2.650228054,0.000301162
R2G5G6,PEAME,M,15.63283,OCME-PEAME,ME,N,44.29059,12 to 28,WAM,4/27/19,12,71,7.8,1.949144291,0.00024989
G1O2P5,PEAME,M,15.63283,OCME-PEAME,ME,N,44.29059,12 to 28,WAM,4/27/19,12,62,5,2.104769817,0.000420954
P2O3O4,OCME,F,18.06903,OCME-PEAME,ME,N,44.421147,12 to 28,WAM,4/27/19,12,85,13.8,3.404909831,0.000246733
G2O3G6,DIME,M,16.92318,PENME-DIME,ME,N,44.165011,12 to 28,WAM,4/27/19,12,70,6.5,1.762291859,0.000271122
R3P4R6,DIME,M,16.92318,PENME-DIME,ME,N,44.165011,12 to 28,WAM,4/27/19,12,71,6.9,2.1297509,0.00030866
G3G4O5,OCME,M,18.06903,OCME-PEAME,ME,N,44.421147,28 to 12,WAM,4/28/19,28,63,6.2,3.881845506,0.000626104
O1G5R6,EHMA,M,19.31422,RVMA-EHMA,MA,N,41.82633,28 to 12,WAM,4/28/19,28,67,8.2,6.40695122,0.000781336
R1G3P6,DIME,M,16.92318,PENME-DIME,ME,N,44.165011,28 to 12,WAM,4/28/19,28,72,7.1,3.493087132,0.000491984
G1G2P3,PEAME,M,15.63283,OCME-PEAME,ME,N,44.29059,28 to 12,WAM,4/28/19,28,65,5.9,2.881582192,0.000488404
P1P2G5,EHMA,M,19.31422,RVMA-EHMA,MA,N,41.82633,28 to 12,WAM,4/28/19,28,66,7.2,4.328280457,0.00060115
O1O5G6,DIME,F,16.92318,PENME-DIME,ME,N,44.165011,28 to 12,WAM,4/28/19,28,61,5,5.44200311,0.001088401
G2R3G6,RVMA,F,23.49572,RVMA-EHMA,MA,N,41.674169,28 to 12,WAM,4/28/19,28,65,6.7,3.832629558,0.000572034
R3G4G5,PEAME,M,15.63283,OCME-PEAME,ME,N,44.29059,28 to 12,WAM,4/28/19,28,68,5.3,5.078952747,0.000958293
P1R3P4,EHMA,F,19.31422,RVMA-EHMA,MA,N,41.82633,28 to 12,WAM,4/28/19,28,57,5.5,8.72019912,0.001585491
G1R3R4,DIME,M,16.92318,PENME-DIME,ME,N,44.165011,28 to 12,WAM,4/28/19,28,67,6.7,4.577879305,0.000683266
R1P4O6,EHMA,M,19.31422,RVMA-EHMA,MA,N,41.82633,28 to 12,WAM,4/28/19,28,62,7.1,4.453445124,0.000627246
R2P3P5,RVMA,M,23.49572,RVMA-EHMA,MA,N,41.674169,28 to 12,WAM,4/28/19,28,85,18.9,8.791477356,0.000465158
R4R5G6,RVMA,F,23.49572,RVMA-EHMA,MA,N,41.674169,28 to 12,WAM,4/28/19,28,76,14.9,6.642726162,0.000445821
O3R4G5,PEAME,M,15.63283,OCME-PEAME,ME,N,44.29059,28 to 12,WAM,4/28/19,28,64,6.1,3.850390635,0.000631212
G2O4P5,RVMA,M,23.49572,RVMA-EHMA,MA,N,41.674169,28 to 12,WAM,4/28/19,28,66,6.7,4.886483017,0.000729326
G1R2O3,RVMA,F,23.49572,RVMA-EHMA,MA,N,41.674169,28 to 12,WAM,4/28/19,28,61,5.7,3.879235147,0.000680568
G1G4P5,RVMA,F,23.49572,RVMA-EHMA,MA,N,41.674169,28 to 12,WAM,4/28/19,28,64,6.6,4.303672427,0.000652072
R2P3G5,RVMA,M,23.49572,RVMA-EHMA,MA,N,41.674169,28 to 12,WAM,4/28/19,28,69,8.3,4.838928677,0.000583003
P1P3G6,RVMA,M,23.49572,RVMA-EHMA,MA,N,41.674169,28 to 12,WAM,4/28/19,28,70,10.2,7.594308744,0.00074454
P2R5O6,PEAME,F,15.63283,OCME-PEAME,ME,N,44.29059,28 to 12,WAM,4/28/19,28,70,9.4,7.270398705,0.000773447
G3P5P6,PENME,F,21.35523,PENME-DIME,ME,N,44.4663861,28 to 12,WAM,4/30/19,28,84,14.3,4.956463948,0.000346606
O3O5R6,DIME,M,16.92318,PENME-DIME,ME,N,44.165011,28 to 12,WAM,4/30/19,28,71,5.5,3.385826708,0.000615605
G3R4O5,DIME,M,16.92318,PENME-DIME,ME,N,44.165011,28 to 12,WAM,4/30/19,28,80,9,4.66133938,0.000517927
R3R5O6,PENME,F,21.35523,PENME-DIME,ME,N,44.4663861,28 to 12,WAM,4/30/19,28,76,9,4.615428971,0.000512825
G2G5P6,OCME,M,18.06903,OCME-PEAME,ME,N,44.421147,28 to 12,WAM,4/30/19,28,62,5.4,3.471564416,0.000642882
R1P2R6,PEAME,M,15.63283,OCME-PEAME,ME,N,44.29059,28 to 12,WAM,4/30/19,28,63,5.2,2.893426984,0.000556428
R1O2P3,RVMA,F,23.49572,RVMA-EHMA,MA,N,41.674169,28 to 12,WAM,4/30/19,28,62,6.8,8.165829796,0.001200857
R2O3P4,OCME,F,18.06903,OCME-PEAME,ME,N,44.421147,28 to 12,WAM,4/30/19,28,66,6,3.511390799,0.000585232
G1R3G4,DIME,M,16.92318,PENME-DIME,ME,N,44.165011,28 to 12,WAM,4/30/19,28,62,4.6,4.662809769,0.001013654
P3G5O6,PENME,F,21.35523,PENME-DIME,ME,N,44.4663861,28 to 12,WAM,4/30/19,28,75,9.2,4.544023702,0.000493916
O2R4R6,RVMA,M,23.49572,RVMA-EHMA,MA,N,41.674169,28 to 12,WAM,4/30/19,28,82,12,5.645002792,0.000470417
O1R2P6,RVMA,M,23.49572,RVMA-EHMA,MA,N,41.674169,28 to 12,WAM,4/30/19,28,82,13.4,7.681281871,0.00057323
G2R5G6,PENME,F,21.35523,PENME-DIME,ME,N,44.4663861,28 to 12,WAM,4/30/19,28,68,7.4,3.134839869,0.000423627
P1R2R3,RVMA,F,23.49572,RVMA-EHMA,MA,N,41.674169,28 to 12,WAM,4/30/19,28,70,9.1,6.462572227,0.000710173
O4O5O6,RVMA,F,23.49572,RVMA-EHMA,MA,N,41.674169,28 to 12,WAM,4/30/19,28,71,7.9,4.500127254,0.000569636
O3P4G6,PEAME,M,15.63283,OCME-PEAME,ME,N,44.29059,28 to 12,WAM,4/30/19,28,69,5.8,2.6170038,0.000451208
G2G5G6,EHMA,F,19.31422,RVMA-EHMA,MA,N,41.82633,28 to 12,WAM,4/30/19,28,68,8.9,4.089670306,0.000459514
R1P3O6,EHMA,M,19.31422,RVMA-EHMA,MA,N,41.82633,28 to 12,WAM,4/30/19,28,80,12.5,7.158928958,0.000572714
O1P4O6,OCME,M,18.06903,OCME-PEAME,ME,N,44.421147,12 to 28,WAM,5/1/19,12,64,5.5,1.582337043,287.6976442
G3R4O6,PENME,M,21.35523,PENME-DIME,ME,N,44.4663861,12 to 28,WAM,5/1/19,12,67,7,1.644376744,234.9109635
O2G3O5,RVMA,M,23.49572,RVMA-EHMA,MA,N,41.674169,12 to 28,WAM,5/1/19,12,73,9.3,1.438238046,154.6492523
P2R4O5,EHMA,M,19.31422,RVMA-EHMA,MA,N,41.82633,12 to 28,WAM,5/1/19,12,56,4.3,1.479258897,344.0136969
R1R2G4,OCME,F,18.06903,OCME-PEAME,ME,N,44.421147,12 to 28,WAM,5/1/19,12,60,5.4,1.682634972,311.5990688
O2G4G6,EHMA,M,19.31422,RVMA-EHMA,MA,N,41.82633,12 to 28,WAM,5/1/19,12,57,4.3,1.298523422,301.9821911
R2R3O6,EHMA,M,19.31422,RVMA-EHMA,MA,N,41.82633,12 to 28,WAM,5/1/19,12,56,3.7,1.297400784,350.6488605
O1G2O5,EHMA,F,19.31422,RVMA-EHMA,MA,N,41.82633,12 to 28,WAM,5/1/19,12,61,5.5,1.789475411,325.3591656
R2R3R4,OCME,M,18.06903,OCME-PEAME,ME,N,44.421147,12 to 28,WAM,5/1/19,12,56,3.9,1.547932429,396.9057511
G2R4O6,OCME,M,18.06903,OCME-PEAME,ME,N,44.421147,12 to 28,WAM,5/1/19,12,61,5.2,1.321656577,254.1647264
P2R4P5,PEAME,M,15.63283,OCME-PEAME,ME,N,44.29059,12 to 28,WAM,5/1/19,12,67,6.5,1.62932768,250.6657969
P2G3O4,EHMA,F,19.31422,RVMA-EHMA,MA,N,41.82633,12 to 28,WAM,5/1/19,12,67,9.3,1.519019314,163.3354101
R4R5P6,PEAME,F,15.63283,OCME-PEAME,ME,N,44.29059,12 to 28,WAM,5/1/19,12,69,8.9,1.549422356,174.0923996
O2G3O4,EHMA,F,19.31422,RVMA-EHMA,MA,N,41.82633,12 to 28,WAM,5/1/19,12,62,5.9,1.434836274,243.1925889
G1O4G5,DIME,M,16.92318,PENME-DIME,ME,N,44.165011,12 to 28,WAM,5/1/19,12,65,5.7,1.705472228,299.2056541
P2R3O5,RVMA,M,23.49572,RVMA-EHMA,MA,N,41.674169,12 to 28,WAM,5/1/19,12,65,6.3,1.348153697,213.9926504
G2O3G5,PEAME,M,15.63283,OCME-PEAME,ME,N,44.29059,12 to 28,WAM,5/1/19,12,66,6.5,1.67805948,258.162997
G1G3R6,RVMA,M,23.49572,RVMA-EHMA,MA,N,41.674169,12 to 28,WAM,5/1/19,12,63,6.1,1.59026696,260.6995017
O1P3P4,OCME,F,18.06903,OCME-PEAME,ME,N,44.421147,12 to 28,WAM,5/1/19,12,71,8.5,1.397718314,164.4374487
O3G5P6,EHMA,M,19.31422,RVMA-EHMA,MA,N,41.82633,28 to 12,WAM,5/2/19,28,70,7.7,2.08412363,270.6654065
R1R4O5,EHMA,F,19.31422,RVMA-EHMA,MA,N,41.82633,28 to 12,WAM,5/2/19,28,68,7.4,2.909151901,393.1286353
O1G2G6,PEAME,M,15.63283,OCME-PEAME,ME,N,44.29059,28 to 12,WAM,5/2/19,28,59,5.2,2.198247091,422.7398253
P2G3G4,OCME,M,18.06903,OCME-PEAME,ME,N,44.421147,28 to 12,WAM,5/2/19,28,60,4.9,2.297192213,468.8147374
O1G4P6,PEAME,F,15.63283,OCME-PEAME,ME,N,44.29059,28 to 12,WAM,5/2/19,28,61,5.1,2.72597136,534.5041883
P1O3R5,PENME,M,21.35523,PENME-DIME,ME,N,44.4663861,28 to 12,WAM,5/2/19,28,70,8.3,2.681669289,323.0926855
G1R3O5,RVMA,M,23.49572,RVMA-EHMA,MA,N,41.674169,28 to 12,WAM,5/2/19,28,80,12.3,2.070225671,168.3110301
O1O3O6,PENME,M,21.35523,PENME-DIME,ME,N,44.4663861,28 to 12,WAM,5/2/19,28,75,9.6,2.76985767,288.5268406
O1G3G5,OCME,M,18.06903,OCME-PEAME,ME,N,44.421147,28 to 12,WAM,5/2/19,28,66,7.3,1.17969178,161.6016136
R2G3P4,PENME,M,21.35523,PENME-DIME,ME,N,44.4663861,28 to 12,WAM,5/2/19,28,70,6.4,2.594039909,405.3187358
G1R2R5,OCME,F,18.06903,OCME-PEAME,ME,N,44.421147,28 to 12,WAM,5/2/19,28,72,10.3,2.554367489,247.9968436
O2G4O5,OCME,M,18.06903,OCME-PEAME,ME,N,44.421147,28 to 12,WAM,5/2/19,28,56,4.6,2.310833559,502.3551215
G1G2R6,PEAME,M,15.63283,OCME-PEAME,ME,N,44.29059,28 to 12,WAM,5/2/19,28,67,8.2,2.338014444,285.1237127
P2R3R4,DIME,M,16.92318,PENME-DIME,ME,N,44.165011,28 to 12,WAM,5/2/19,28,62,5.5,2.44981516,445.4209382
O2P3G5,EHMA,M,19.31422,RVMA-EHMA,MA,N,41.82633,28 to 12,WAM,5/2/19,28,68,7.9,2.386432285,302.0800361
O2G3P5,PEAME,F,15.63283,OCME-PEAME,ME,N,44.29059,28 to 12,WAM,5/2/19,28,71,8.5,2.466679262,290.1975602
G1G3O6,RVMA,M,23.49572,RVMA-EHMA,MA,N,41.674169,28 to 12,WAM,5/2/19,28,72,9.1,2.245982633,246.8112784
G3O4R5,PENME,M,21.35523,PENME-DIME,ME,N,44.4663861,28 to 12,WAM,5/2/19,28,77,10.6,2.745174376,258.9787147
G1P3O6,PEAME,M,15.63283,OCME-PEAME,ME,N,44.29059,28 to 12,WAM,5/2/19,28,70,7.3,2.346398186,321.4244091
O1P5O6,EHMA,F,19.31422,RVMA-EHMA,MA,N,41.82633,28 to 12,WAM,5/3/19,28,63,7.3,2.768254029,379.2128807
G1O3R5,PENME,M,21.35523,PENME-DIME,ME,N,44.4663861,28 to 12,WAM,5/3/19,28,64,5.5,2.507592573,455.9259223
R1O3R6,DIME,F,16.92318,PENME-DIME,ME,N,44.165011,28 to 12,WAM,5/3/19,28,80,10.6,3.284954634,309.9013806
G1O4R6,PENME,F,21.35523,PENME-DIME,ME,N,44.4663861,28 to 12,WAM,5/3/19,28,77,11.6,3.041006544,262.1557366
R1P5O6,PEAME,F,15.63283,OCME-PEAME,ME,N,44.29059,28 to 12,WAM,5/3/19,28,74,8.6,2.777517984,322.9672074
R2O5R6,DIME,F,16.92318,PENME-DIME,ME,N,44.165011,28 to 12,WAM,5/3/19,28,80,7.9,2.858345688,361.8159099
O2R3G5,OCME,M,18.06903,OCME-PEAME,ME,N,44.421147,28 to 12,WAM,5/3/19,28,67,5.4,2.111783704,391.0710563
G1G3P5,DIME,M,16.92318,PENME-DIME,ME,N,44.165011,28 to 12,WAM,5/3/19,28,65,6.2,2.590891587,417.8857399
G2R3P6,DIME,M,16.92318,PENME-DIME,ME,N,44.165011,28 to 12,WAM,5/3/19,28,67,5.9,1.393981801,236.2681018
R2P4R6,OCME,M,18.06903,OCME-PEAME,ME,N,44.421147,28 to 12,WAM,5/3/19,28,64,5.1,2.116283717,414.9575915
P1P3O6,DIME,M,16.92318,PENME-DIME,ME,N,44.165011,28 to 12,WAM,5/3/19,28,63,5.3,2.451123647,462.4761598
G2P5P6,RVMA,F,23.49572,RVMA-EHMA,MA,N,41.674169,28 to 12,WAM,5/3/19,28,70,8.9,2.685686247,301.7624997
O3G5G6,DIME,F,16.92318,PENME-DIME,ME,N,44.165011,28 to 12,WAM,5/3/19,28,65,5.7,2.564952649,449.9916928
R1R2R3,RVMA,M,23.49572,RVMA-EHMA,MA,N,41.674169,28 to 12,WAM,5/3/19,28,72,8.8,2.450827295,278.5031017
O1O2G4,EHMA,M,19.31422,RVMA-EHMA,MA,N,41.82633,28 to 12,WAM,5/3/19,28,64,5.9,2.715635288,460.2771675
P2P3G4,OCME,M,18.06903,OCME-PEAME,ME,N,44.421147,28 to 12,WAM,5/3/19,28,60,4.8,2.562123782,533.7757879
G1P2P4,PEAME,F,15.63283,OCME-PEAME,ME,N,44.29059,28 to 12,WAM,5/3/19,28,70,6.1,2.559887984,419.6537679
G4G5P6,RVMA,M,23.49572,RVMA-EHMA,MA,N,41.674169,28 to 12,WAM,5/3/19,28,81,12.1,2.806585042,231.949177
P2O4G6,EHMA,M,19.31422,RVMA-EHMA,MA,N,41.82633,28 to 12,WAM,5/3/19,28,58,4.9,2.402228766,490.2507686
G1R2P5,NOC,M,27.10122,NJ,NJ,S,39.87,12 to 28,WAM,3/21/19,12,72,6.2,2.276732806,367.2149687
G1R4P6,OCE,M,30.57388,NJ,NJ,S,39.81,12 to 28,WAM,3/21/19,12,78,8.8,2.140488756,243.2373586
G2G3R5,NOC,F,27.10122,NJ,NJ,S,39.87,12 to 28,WAM,3/21/19,12,80,10,1.950754036,195.0754036
G2O4G6,NOC,M,27.10122,NJ,NJ,S,39.87,12 to 28,WAM,3/21/19,12,72,5.8,1.603597987,276.4824115
G2P4G5,SOC,F,27.17952,NJ,NJ,S,39.78,12 to 28,WAM,3/21/19,12,90,12.8,1.622288046,126.7412536
G4G5R6,NOC,M,27.10122,NJ,NJ,S,39.87,12 to 28,WAM,3/21/19,12,75,7.5,1.566653147,208.8870862
O1G3O6,NOC,F,27.10122,NJ,NJ,S,39.87,12 to 28,WAM,3/21/19,12,77,8.4,1.400107498,166.679464
O1O2R5,NOC,F,27.10122,NJ,NJ,S,39.87,12 to 28,WAM,3/21/19,12,81,9,1.993549344,221.5054827
O2O4R5,NOC,F,27.10122,NJ,NJ,S,39.87,12 to 28,WAM,3/21/19,12,85,10.6,2.03207848,191.7055169
P1G2R3,SOC,M,27.17952,NJ,NJ,S,39.78,12 to 28,WAM,3/21/19,12,75,7.3,2.467920725,338.0713323
P1G4G5,NOC,F,27.10122,NJ,NJ,S,39.87,12 to 28,WAM,3/21/19,12,91,13.8,2.740096715,198.557733
P2O4G5,SOC,F,27.17952,NJ,NJ,S,39.78,12 to 28,WAM,3/21/19,12,75,7.5,2.922063512,389.6084682
R1G2P4,NOC,F,27.10122,NJ,NJ,S,39.87,12 to 28,WAM,3/21/19,12,80,9.2,2.059430695,223.8511624
R1G3R5,SOC,M,27.17952,NJ,NJ,S,39.78,12 to 28,WAM,3/21/19,12,78,8.3,1.468820133,176.9662811
R1O2P6,SOC,F,27.17952,NJ,NJ,S,39.78,12 to 28,WAM,3/21/19,12,94,16.4,3.395664493,207.052713
R3G5O6,OCE,M,30.57388,NJ,NJ,S,39.81,12 to 28,WAM,3/21/19,12,73,6.4,3.218408133,502.8762707
R3R5R6,SOC,M,27.17952,NJ,NJ,S,39.78,12 to 28,WAM,3/21/19,12,83,9.5,1.508669839,158.8073515
G1O2G6,OCE,F,30.57388,NJ,NJ,S,39.81,12 to 28,WAM,4/2/19,12,74,9.1,2.054763362,225.7981716
O1R2G5,OCE,M,30.57388,NJ,NJ,S,39.81,12 to 28,WAM,4/2/19,12,75,7.1,2.134547271,300.6404607
O2G5R6,OCE,M,30.57388,NJ,NJ,S,39.81,12 to 28,WAM,4/2/19,12,70,6.5,1.991800899,306.4309075
O2R5R6,OCE,M,30.57388,NJ,NJ,S,39.81,12 to 28,WAM,4/2/19,12,75,7.2,2.803372956,389.357355
O3G5R6,SOC,F,27.17952,NJ,NJ,S,39.78,12 to 28,WAM,4/2/19,12,81,10,3.574111298,357.4111298
O3O4G5,SOC,M,27.17952,NJ,NJ,S,39.78,12 to 28,WAM,4/2/19,12,89,11.9,2.81040283,236.168305
O4O5R6,OCE,F,30.57388,NJ,NJ,S,39.81,12 to 28,WAM,4/2/19,12,95,15.9,3.458119806,217.4918117
P1G5O6,SOC,F,27.17952,NJ,NJ,S,39.78,12 to 28,WAM,4/2/19,12,85,13.7,3.119926852,227.731887
P1R3R5,OCE,F,30.57388,NJ,NJ,S,39.81,12 to 28,WAM,4/2/19,12,90,13.2,0.959753145,72.7085716
P2R4G5,OCE,F,30.57388,NJ,NJ,S,39.81,12 to 28,WAM,4/2/19,12,82,10.6,3.123603701,294.6795944
R1R2R6,OCE,F,30.57388,NJ,NJ,S,39.81,12 to 28,WAM,4/2/19,12,75,7.6,1.866182283,245.5503004
R1R3G6,OCE,M,30.57388,NJ,NJ,S,39.81,12 to 28,WAM,4/2/19,12,75,7.3,1.732613606,237.3443295
R1R5P6,SOC,M,27.17952,NJ,NJ,S,39.78,12 to 28,WAM,4/2/19,12,87,11.4,2.741538199,240.485807
R2O3O5,SOC,M,27.17952,NJ,NJ,S,39.78,12 to 28,WAM,4/2/19,12,74,7.6,1.740044479,228.9532209
R2P4O5,OCE,M,30.57388,NJ,NJ,S,39.81,12 to 28,WAM,4/2/19,12,76,8.6,2.228479346,259.1255054
G1P3R4,NOC,F,27.10122,NJ,NJ,S,39.87,28 to 12,WAM,3/20/19,28,71,11.2,5.800975304,517.9442236
P1R4P5,SOC,F,27.17952,NJ,NJ,S,39.78,28 to 12,WAM,3/20/19,28,77,11,3.228926371,293.538761
P3O5O6,OCE,M,30.57388,NJ,NJ,S,39.81,28 to 12,WAM,3/20/19,28,66,8.2,4.598866196,560.8373409
R2R5G6,SOC,M,27.17952,NJ,NJ,S,39.78,28 to 12,WAM,3/20/19,28,75,14.6,6.482068232,443.9772761
R3O5G6,OCE,M,30.57388,NJ,NJ,S,39.81,28 to 12,WAM,3/20/19,28,64,7.6,1.852918796,243.8051048
G1R3G6,NOC,F,27.10122,NJ,NJ,S,39.87,28 to 12,WAM,3/22/19,28,72,10.8,7.497431743,694.2066429
G1R3P5,NOC,M,27.10122,NJ,NJ,S,39.87,28 to 12,WAM,3/22/19,28,78,12.5,8.506748314,680.5398651
G2G5O6,OCE,M,30.57388,NJ,NJ,S,39.81,28 to 12,WAM,3/22/19,28,70,8.7,2.897507813,333.0468751
G2P4P5,NOC,M,27.10122,NJ,NJ,S,39.87,28 to 12,WAM,3/22/19,28,74,10,5.874311638,587.4311638
G2P4R6,OCE,F,30.57388,NJ,NJ,S,39.81,28 to 12,WAM,3/22/19,28,70,8.4,3.554925363,423.2054004
G2R5R6,OCE,F,30.57388,NJ,NJ,S,39.81,28 to 12,WAM,3/22/19,28,67,9.3,5.109321258,549.3893826
G3R4P5,NOC,M,27.10122,NJ,NJ,S,39.87,28 to 12,WAM,3/22/19,28,81,12.8,3.805377156,297.2950903
O1G2R5,OCE,F,30.57388,NJ,NJ,S,39.81,28 to 12,WAM,3/22/19,28,73,12.4,4.754867033,383.4570188
O2O4G6,OCE,M,30.57388,NJ,NJ,S,39.81,28 to 12,WAM,3/22/19,28,71,10.8,6.42605535,595.005125
O2P3O6,OCE,M,30.57388,NJ,NJ,S,39.81,28 to 12,WAM,3/22/19,28,75,11.5,3.037551212,264.134888
P1G3G6,OCE,F,30.57388,NJ,NJ,S,39.81,28 to 12,WAM,3/22/19,28,80,14,5.168176504,369.1554646
P1R3G6,OCE,F,30.57388,NJ,NJ,S,39.81,28 to 12,WAM,3/22/19,28,81,16.1,4.268722615,265.1380506
P2P4R6,NOC,M,27.10122,NJ,NJ,S,39.87,28 to 12,WAM,3/22/19,28,62,7.4,4.925468916,665.6039076
R1P4R5,SOC,M,27.17952,NJ,NJ,S,39.78,28 to 12,WAM,3/22/19,28,80,14.1,4.855151561,344.3369901
R2G4G5,OCE,M,30.57388,NJ,NJ,S,39.81,28 to 12,WAM,3/22/19,28,64,6.6,2.315182126,350.7851706
R3G4O6,SOC,M,27.17952,NJ,NJ,S,39.78,28 to 12,WAM,3/22/19,28,70,10.2,3.625253398,355.4169998
R4R5O6,OCE,M,30.57388,NJ,NJ,S,39.81,28 to 12,WAM,3/22/19,28,74,11.4,4.613326085,404.6777267
G1O2O6,NOC,F,27.10122,NJ,NJ,S,39.87,28 to 12,WAM,3/27/19,28,73,10.5,1.420538677,135.2893978
G2G3O4,OCE,F,30.57388,NJ,NJ,S,39.81,28 to 12,WAM,3/27/19,28,86,15.6,4.428386254,283.8709137
G2O3P5,NOC,M,27.10122,NJ,NJ,S,39.87,28 to 12,WAM,3/27/19,28,71,10.9,3.282547068,301.1511071
G2R4P6,OCE,M,30.57388,NJ,NJ,S,39.81,28 to 12,WAM,3/27/19,28,83,16.3,4.447238276,272.8367041
O1G2O6,OCE,M,30.57388,NJ,NJ,S,39.81,28 to 12,WAM,3/27/19,28,67,8.5,2.426358914,285.4539899
O1G3G4,OCE,M,30.57388,NJ,NJ,S,39.81,28 to 12,WAM,3/27/19,28,78,12.5,3.461949987,276.955999
O2P4P5,NOC,F,27.10122,NJ,NJ,S,39.87,28 to 12,WAM,3/27/19,28,88,17.8,1.917153246,107.7052385
O3O4G6,OCE,M,30.57388,NJ,NJ,S,39.81,28 to 12,WAM,3/27/19,28,79,15.7,3.526032113,224.5880327
P1P2R3,NOC,M,27.10122,NJ,NJ,S,39.87,28 to 12,WAM,3/27/19,28,70,10.2,3.226333885,316.3072437
P1R2G4,OCE,F,30.57388,NJ,NJ,S,39.81,28 to 12,WAM,3/27/19,28,81,16.7,5.107973364,305.8666685
P1R2R6,NOC,M,27.10122,NJ,NJ,S,39.87,28 to 12,WAM,3/27/19,28,68,7.5,3.302373313,440.3164417
R1O2R5,OCE,M,30.57388,NJ,NJ,S,39.81,28 to 12,WAM,3/27/19,28,72,10.7,2.498170872,233.4739133
R1P3P4,OCE,F,30.57388,NJ,NJ,S,39.81,28 to 12,WAM,3/27/19,28,84,18.4,3.578125507,194.4633428
G1G2G6,NOC,M,27.10122,NJ,NJ,S,39.87,28 to 12,WAM,4/8/19,28,67,8,4.762085496,595.260687
G1O2R4,SOC,M,27.17952,NJ,NJ,S,39.78,28 to 12,WAM,4/8/19,28,84,13.3,4.374131199,328.882045
G2P3O6,SOC,F,27.17952,NJ,NJ,S,39.78,28 to 12,WAM,4/8/19,28,73,9.7,4.589384431,473.1324156
G3O4G6,SOC,F,27.17952,NJ,NJ,S,39.78,28 to 12,WAM,4/8/19,28,62,6.7,2.940364879,438.8604297
G3R4P6,SOC,F,27.17952,NJ,NJ,S,39.78,28 to 12,WAM,4/8/19,28,92,18.2,7.152366637,392.9871779
G4R5R6,NOC,F,27.10122,NJ,NJ,S,39.87,28 to 12,WAM,4/8/19,28,74,10.7,5.984734296,559.3209622
O1R2G4,SOC,F,27.17952,NJ,NJ,S,39.78,28 to 12,WAM,4/8/19,28,67,7.6,5.058188098,665.5510655
O1R2G6,OCE,F,30.57388,NJ,NJ,S,39.81,28 to 12,WAM,4/8/19,28,74,11.9,3.700705323,310.9836406
O1R2R4,SOC,F,27.17952,NJ,NJ,S,39.78,28 to 12,WAM,4/8/19,28,76,12.9,5.963318266,462.2727338
O1R4P5,SOC,F,27.17952,NJ,NJ,S,39.78,28 to 12,WAM,4/8/19,28,71,10.1,5.703040828,564.6575077
O2O3G6,SOC,M,27.17952,NJ,NJ,S,39.78,28 to 12,WAM,4/8/19,28,67,7.1,4.357123426,613.6793558
O3O4R6,OCE,F,30.57388,NJ,NJ,S,39.81,28 to 12,WAM,4/8/19,28,82,12.3,6.91947574,562.5590033
P1G4P6,NOC,M,27.10122,NJ,NJ,S,39.87,28 to 12,WAM,4/8/19,28,72,9.3,4.737007265,509.3556199
P2G5G6,SOC,M,27.17952,NJ,NJ,S,39.78,28 to 12,WAM,4/8/19,28,74,4.3,4.288120847,997.2374063
P3O4G5,NOC,M,27.10122,NJ,NJ,S,39.87,28 to 12,WAM,4/8/19,28,52,4.1,3.443070027,839.7731774
P3O4R6,NOC,F,27.10122,NJ,NJ,S,39.87,28 to 12,WAM,4/8/19,28,69,9.2,5.126731714,557.2534471
R1G3O5,NOC,F,27.10122,NJ,NJ,S,39.87,28 to 12,WAM,4/8/19,28,74,11.9,4.900275287,411.7878393
R1P3O4,SOC,F,27.17952,NJ,NJ,S,39.78,28 to 12,WAM,4/8/19,28,79,13.1,5.688240673,434.2168453
R1R4R6,SOC,M,27.17952,NJ,NJ,S,39.78,28 to 12,WAM,4/8/19,28,82,13.2,2.980565743,225.800435
R3O5O6,NOC,F,27.10122,NJ,NJ,S,39.87,28 to 12,WAM,4/8/19,28,67,8.4,5.07515148,604.1847
G2R5P6,RVMA,F,23.49572,RVMA-EHMA,MA,N,41.674169,12 to 28,WAM,6/10/19,28,71,8.8,5.502911221,0.000625331
G1P2R5,PENME,F,21.35523,PENME-DIME,ME,N,44.4663861,12 to 28,WAM,6/10/19,28,81,10.4,5.045861111,0.000485179
G1O5R6,RVMA,F,23.49572,RVMA-EHMA,MA,N,41.674169,12 to 28,WAM,6/10/19,28,66,6.8,3.746239122,0.000550918
R1R5G6,RVMA,M,23.49572,RVMA-EHMA,MA,N,41.674169,12 to 28,WAM,6/10/19,28,72,8.8,5.551891496,0.000630897
O4G5R6,PEAME,M,15.63283,OCME-PEAME,ME,N,44.29059,12 to 28,WAM,6/10/19,28,51,4.3,5.142359015,0.001195897
P3R5R6,OCME,M,18.06903,OCME-PEAME,ME,N,44.421147,12 to 28,WAM,6/10/19,28,63,5.1,4.46772103,0.000876024
G1O2P4,DIME,M,16.92318,PENME-DIME,ME,N,44.165011,12 to 28,WAM,6/10/19,28,67,5.6,5.421615194,0.000968146
O1G3R4,OCME,F,18.06903,OCME-PEAME,ME,N,44.421147,12 to 28,WAM,6/10/19,28,64,7.2,6.35241647,0.00088228
O3O4R5,RVMA,M,23.49572,RVMA-EHMA,MA,N,41.674169,12 to 28,WAM,6/10/19,28,78,10.7,6.115798788,0.00057157
P2R3P4,DIME,F,16.92318,PENME-DIME,ME,N,44.165011,12 to 28,WAM,6/10/19,28,70,9.3,6.598721739,0.00070954
P3R4R6,PENME,M,21.35523,PENME-DIME,ME,N,44.4663861,12 to 28,WAM,6/10/19,28,67,6.3,5.040905945,0.000800144
R3G4P5,DIME,F,16.92318,PENME-DIME,ME,N,44.165011,12 to 28,WAM,6/10/19,28,82,10.7,6.521514344,0.000609487
P1R3O6,PENME,F,21.35523,PENME-DIME,ME,N,44.4663861,12 to 28,WAM,6/10/19,28,60,5.4,4.788843037,0.000886823
R1P3R6,PEAME,M,15.63283,OCME-PEAME,ME,N,44.29059,12 to 28,WAM,6/10/19,28,63,5.4,5.498157996,0.001018177
G1R2O5,EHMA,F,19.31422,RVMA-EHMA,MA,N,41.82633,12 to 28,WAM,6/10/19,28,64,6.2,5.367912698,0.000865792
O1P4P5,PEAME,F,15.63283,OCME-PEAME,ME,N,44.29059,12 to 28,WAM,6/10/19,28,66,7,5.511006203,0.000787287
R2R4R5,PENME,M,21.35523,PENME-DIME,ME,N,44.4663861,12 to 28,WAM,6/10/19,28,73,8.3,6.556968572,0.000789996
O3P4R6,OCME,F,18.06903,OCME-PEAME,ME,N,44.421147,12 to 28,WAM,6/11/19,28,62,6.3,4.888789583,0.000775998
O2P3O4,EHMA,F,19.31422,RVMA-EHMA,MA,N,41.82633,12 to 28,WAM,6/11/19,28,66,5.9,4.164257438,0.000705806
G1P2R3,PEAME,F,15.63283,OCME-PEAME,ME,N,44.29059,12 to 28,WAM,6/11/19,28,67,8.3,8.153018751,0.000982291
P2O5R6,PEAME,F,15.63283,OCME-PEAME,ME,N,44.29059,12 to 28,WAM,6/11/19,28,71,10.6,5.460419026,0.000515134
O1R3R6,RVMA,M,23.49572,RVMA-EHMA,MA,N,41.674169,12 to 28,WAM,6/11/19,28,75,10.5,6.110220809,0.000581926
O1O2R4,DIME,M,16.92318,PENME-DIME,ME,N,44.165011,12 to 28,WAM,6/11/19,28,70,8.4,3.770788071,0.000448903
O1R3G4,EHMA,M,19.31422,RVMA-EHMA,MA,N,41.82633,12 to 28,WAM,6/11/19,28,62,7,5.07520887,0.00072503
R4O5R6,PENME,M,21.35523,PENME-DIME,ME,N,44.4663861,12 to 28,WAM,6/11/19,28,61,4.2,5.969990565,0.001421426
O2G3G4,EHMA,F,19.31422,RVMA-EHMA,MA,N,41.82633,12 to 28,WAM,6/11/19,28,72,9.7,7.711503106,0.000795
G2O5R6,RVMA,M,23.49572,RVMA-EHMA,MA,N,41.674169,12 to 28,WAM,6/11/19,28,71,8.9,8.114644616,0.000911758
P1O3R6,PENME,M,21.35523,PENME-DIME,ME,N,44.4663861,12 to 28,WAM,6/11/19,28,64,6.4,5.827376,0.000910528
O1O2P6,PEAME,M,15.63283,OCME-PEAME,ME,N,44.29059,12 to 28,WAM,6/11/19,28,58,4.8,5.333598194,0.001111166
G2G3P5,DIME,M,16.92318,PENME-DIME,ME,N,44.165011,12 to 28,WAM,6/11/19,28,70,6.1,5.860219085,0.000960692
P2P3O6,RVMA,F,23.49572,RVMA-EHMA,MA,N,41.674169,12 to 28,WAM,6/11/19,28,67,8.3,4.892164607,0.000589417
G2P3G6,OCME,M,18.06903,OCME-PEAME,ME,N,44.421147,12 to 28,WAM,6/11/19,28,48,4.9,5.959393785,0.001216203
R1R2G6,DIME,F,16.92318,PENME-DIME,ME,N,44.165011,12 to 28,WAM,6/11/19,28,80,9.3,6.44080126,0.000692559
O1G4R6,EHMA,F,19.31422,RVMA-EHMA,MA,N,41.82633,12 to 28,WAM,6/11/19,28,54,4,3.9225296,0.000980632
R2G3R4,EHMA,M,19.31422,RVMA-EHMA,MA,N,41.82633,12 to 28,WAM,6/11/19,28,60,5.6,5.282066841,0.000943226
G1P4O5,PENME,M,21.35523,PENME-DIME,ME,N,44.4663861,12 to 28,WAM,6/11/19,28,66,6.4,5.052140075,0.000789397
P3P4R5,DIME,M,16.92318,PENME-DIME,ME,N,44.165011,12 to 28,WAM,6/12/19,28,82,11.7,4.226948162,0.000361278
R1O4G6,EHMA,F,19.31422,RVMA-EHMA,MA,N,41.82633,12 to 28,WAM,6/12/19,28,67,7.8,8.423207186,0.001079898
O4R5O6,DIME,F,16.92318,PENME-DIME,ME,N,44.165011,12 to 28,WAM,6/12/19,28,81,13.1,6.880416818,0.000525223
P2R3G5,EHMA,M,19.31422,RVMA-EHMA,MA,N,41.82633,12 to 28,WAM,6/12/19,28,61,6.9,4.524989859,0.000655796
P2G3P4,OCME,F,18.06903,OCME-PEAME,ME,N,44.421147,12 to 28,WAM,6/12/19,28,65,6.4,5.882189121,0.000919092
O4G5P6,EHMA,M,19.31422,RVMA-EHMA,MA,N,41.82633,12 to 28,WAM,6/12/19,28,71,8.4,9.11182714,0.001084741
G1G3O5,PEAME,M,15.63283,OCME-PEAME,ME,N,44.29059,12 to 28,WAM,6/12/19,28,63,5.5,6.211704976,0.001129401
G3O4G5,PENME,F,21.35523,PENME-DIME,ME,N,44.4663861,12 to 28,WAM,6/12/19,28,69,9,5.752449707,0.000639161
R2R3G6,OCME,M,18.06903,OCME-PEAME,ME,N,44.421147,12 to 28,WAM,6/12/19,28,53,4.4,4.402483499,0.001000564
P1G2O4,OCME,M,18.06903,OCME-PEAME,ME,N,44.421147,12 to 28,WAM,6/12/19,28,66,6.7,6.017135715,0.00089808
R2R4P6,OCME,M,18.06903,OCME-PEAME,ME,N,44.421147,12 to 28,WAM,6/12/19,28,57,4.2,6.455866907,0.001537111
G4P5G6,PENME,F,21.35523,PENME-DIME,ME,N,44.4663861,12 to 28,WAM,6/12/19,28,61,5.2,5.554245021,0.001068124
O1O2O3,OCME,M,18.06903,OCME-PEAME,ME,N,44.421147,12 to 28,WAM,6/12/19,28,65,6.3,5.524830681,0.000876957
R1O4R5,RVMA,F,23.49572,RVMA-EHMA,MA,N,41.674169,12 to 28,WAM,6/12/19,28,70,10,8.144574832,0.000814457
P1R3G4,DIME,M,16.92318,PENME-DIME,ME,N,44.165011,12 to 28,WAM,6/12/19,28,67,6.1,6.921863223,0.001134732
G2R3G5,EHMA,F,19.31422,RVMA-EHMA,MA,N,41.82633,12 to 28,WAM,6/12/19,28,69,8.6,8.343980633,0.00097023
G1P4G6,PEAME,M,15.63283,OCME-PEAME,ME,N,44.29059,12 to 28,WAM,6/12/19,28,65,5.6,5.317632652,0.000949577
P2R4P5,PEAME,M,15.63283,OCME-PEAME,ME,N,44.29059,12 to 28,WAM,6/13/19,28,67,6.6,3.767968321,0.000570904
G1R4R6,PENME,F,21.35523,PENME-DIME,ME,N,44.4663861,12 to 28,WAM,6/13/19,28,72,11.3,3.523274837,0.000311794
O1P3P4,OCME,F,18.06903,OCME-PEAME,ME,N,44.421147,12 to 28,WAM,6/13/19,28,66,5,1.998685966,0.000399737
P2R3O5,RVMA,M,23.49572,RVMA-EHMA,MA,N,41.674169,12 to 28,WAM,6/13/19,28,67,6.5,1.989897855,0.000306138
G3O5P6,EHMA,F,19.31422,RVMA-EHMA,MA,N,41.82633,12 to 28,WAM,6/13/19,28,74,11.2,5.571465145,0.000497452
G1O4G5,DIME,M,16.92318,PENME-DIME,ME,N,44.165011,12 to 28,WAM,6/13/19,28,69,6.7,5.078902763,0.000758045
G3P4P5,PEAME,F,15.63283,OCME-PEAME,ME,N,44.29059,12 to 28,WAM,6/13/19,28,80,13.7,7.218764189,0.000526917
P1G2R4,OCME,M,18.06903,OCME-PEAME,ME,N,44.421147,12 to 28,WAM,6/13/19,28,51,2.4,2.61742388,0.001090593
G2R4O6,OCME,M,18.06903,OCME-PEAME,ME,N,44.421147,12 to 28,WAM,6/13/19,28,63,5.7,6.28333508,0.001102339
P1P4P6,OCME,M,18.06903,OCME-PEAME,ME,N,44.421147,12 to 28,WAM,6/13/19,28,70,6.9,1.379659049,0.000199951
P1O5R6,PENME,F,21.35523,PENME-DIME,ME,N,44.4663861,12 to 28,WAM,6/13/19,28,66,6.4,3.473112657,0.000542674
P1O3P4,EHMA,M,19.31422,RVMA-EHMA,MA,N,41.82633,12 to 28,WAM,6/13/19,28,79,12.8,8.57290413,0.000669758
G2R3R6,RVMA,M,23.49572,RVMA-EHMA,MA,N,41.674169,12 to 28,WAM,6/13/19,28,77,11.8,8.802563823,0.00074598
R3G5G6,DIME,M,16.92318,PENME-DIME,ME,N,44.165011,12 to 28,WAM,6/13/19,28,62,4.8,3.194983687,0.000665622
O2G3O5,RVMA,M,23.49572,RVMA-EHMA,MA,N,41.674169,12 to 28,WAM,6/13/19,28,76,10.3,5.860240021,0.000568955
G2O3G5,PEAME,M,15.63283,OCME-PEAME,ME,N,44.29059,12 to 28,WAM,6/13/19,28,62,6.5,5.908438449,0.000908991
R4R5P6,PEAME,F,15.63283,OCME-PEAME,ME,N,44.29059,12 to 28,WAM,6/13/19,28,70,10.3,6.468657584,0.000628025
G3R4O6,PENME,M,21.35523,PENME-DIME,ME,N,44.4663861,12 to 28,WAM,6/13/19,28,71,8.3,3.862929265,0.000465413
P2R3P6,RVMA,F,23.49572,RVMA-EHMA,MA,N,41.674169,12 to 28,WAM,6/14/19,28,66,7.6,5.362093436,0.000705539
O2O4O6,PENME,M,21.35523,PENME-DIME,ME,N,44.4663861,12 to 28,WAM,6/14/19,28,79,9.6,5.299076229,0.000551987
O2G4G6,EHMA,M,19.31422,RVMA-EHMA,MA,N,41.82633,12 to 28,WAM,6/14/19,28,59,5.3,3.470531647,0.000654817
G4G5O6,PENME,F,21.35523,PENME-DIME,ME,N,44.4663861,12 to 28,WAM,6/14/19,28,80,14.7,8.811023597,0.000599389
P2G4G6,DIME,M,16.92318,PENME-DIME,ME,N,44.165011,12 to 28,WAM,6/14/19,28,73,7.9,6.023466301,0.000762464
P3G4O6,PEAME,F,15.63283,OCME-PEAME,ME,N,44.29059,12 to 28,WAM,6/14/19,28,71,9.6,6.223196711,0.00064825
P1G4R5,RVMA,F,23.49572,RVMA-EHMA,MA,N,41.674169,12 to 28,WAM,6/14/19,28,78,11.2,8.265796345,0.000738018
R2O4G6,RVMA,M,23.49572,RVMA-EHMA,MA,N,41.674169,12 to 28,WAM,6/14/19,28,71,7.6,6.367729659,0.000837859
R3P4R6,DIME,M,16.92318,PENME-DIME,ME,N,44.165011,12 to 28,WAM,6/14/19,28,75,7.9,5.283546668,0.000668803
O1P2R6,DIME,M,16.92318,PENME-DIME,ME,N,44.165011,12 to 28,WAM,6/14/19,28,67,5.9,5.833944087,0.000988804
R1R2O5,OCME,M,18.06903,OCME-PEAME,ME,N,44.421147,12 to 28,WAM,6/14/19,28,60,5.2,5.079644026,0.000976855
O1P4O6,OCME,M,18.06903,OCME-PEAME,ME,N,44.421147,12 to 28,WAM,6/14/19,28,62,6.2,5.92283253,0.000955296
G3G5O6,EHMA,M,19.31422,RVMA-EHMA,MA,N,41.82633,12 to 28,WAM,6/14/19,28,79,14.7,10.07053474,0.00068507
R3G4R6,PENME,M,21.35523,PENME-DIME,ME,N,44.4663861,12 to 28,WAM,6/14/19,28,79,8,5.839012682,0.000729877
P2R4O5,EHMA,M,19.31422,RVMA-EHMA,MA,N,41.82633,12 to 28,WAM,6/14/19,28,59,5.2,4.929900731,0.000948058
G1O3G6,PENME,M,21.35523,PENME-DIME,ME,N,44.4663861,28 to 12,WAM,6/18/19,12,70,7.4,1.12023651,151.3833122
R3P4G5,PENME,F,21.35523,PENME-DIME,ME,N,44.4663861,28 to 12,WAM,6/18/19,12,78,11.1,1.629317026,146.7853176
O2R3G6,DIME,F,16.92318,PENME-DIME,ME,N,44.165011,28 to 12,WAM,6/18/19,12,80,11.1,1.283602612,115.639875
P3O5G6,PEAME,F,15.63283,OCME-PEAME,ME,N,44.29059,28 to 12,WAM,6/18/19,12,68,7.7,1.165039035,151.3037707
G1P2O3,PEAME,M,15.63283,OCME-PEAME,ME,N,44.29059,28 to 12,WAM,6/18/19,12,68,7,1.186002355,169.4289079
G2R3G6,RVMA,F,23.49572,RVMA-EHMA,MA,N,41.674169,28 to 12,WAM,6/18/19,12,65,7.1,1.397436119,196.8219886
P1O3G4,PENME,F,21.35523,PENME-DIME,ME,N,44.4663861,28 to 12,WAM,6/18/19,12,73,8.9,1.3100426,147.1957977
G1O4P5,OCME,F,18.06903,OCME-PEAME,ME,N,44.421147,28 to 12,WAM,6/18/19,12,80,10.7,1.289857428,120.5474232
O1G2G3,PENME,M,21.35523,PENME-DIME,ME,N,44.4663861,28 to 12,WAM,6/18/19,12,70,8,1.250471008,156.308876
O2O5R6,EHMA,F,19.31422,RVMA-EHMA,MA,N,41.82633,28 to 12,WAM,6/18/19,12,64,6,1.171539226,195.2565377
G2O3O6,DIME,M,16.92318,PENME-DIME,ME,N,44.165011,28 to 12,WAM,6/18/19,12,71,6.6,1.156450359,175.2197513
G1G2R4,OCME,M,18.06903,OCME-PEAME,ME,N,44.421147,28 to 12,WAM,6/18/19,12,68,6.2,1.096839569,176.9096078
P1G3O5,DIME,M,16.92318,PENME-DIME,ME,N,44.165011,28 to 12,WAM,6/18/19,12,66,5.5,1.13850369,207.0006708
G1O4O5,RVMA,M,23.49572,RVMA-EHMA,MA,N,41.674169,28 to 12,WAM,6/18/19,12,78,11.8,1.532979221,129.9134933
P4G5G6,EHMA,M,19.31422,RVMA-EHMA,MA,N,41.82633,28 to 12,WAM,6/18/19,12,82,13.3,1.531812915,115.1739034
R2G5O6,PENME,F,21.35523,PENME-DIME,ME,N,44.4663861,28 to 12,WAM,6/18/19,12,81,10,1.250869332,125.0869332
R1G3P6,DIME,M,16.92318,PENME-DIME,ME,N,44.165011,28 to 12,WAM,6/18/19,12,72,7.6,1.295648605,170.4800795
R3G5P6,EHMA,F,19.31422,RVMA-EHMA,MA,N,41.82633,28 to 12,WAM,6/19/19,12,86,15.5,1.522521097,98.22716753
G1O3R4,DIME,F,16.92318,PENME-DIME,ME,N,44.165011,28 to 12,WAM,6/19/19,12,83,11.8,1.277881559,108.2950474
R2O5G6,DIME,F,16.92318,PENME-DIME,ME,N,44.165011,28 to 12,WAM,6/19/19,12,94,15,1.310856728,87.3904485
G2P3P4,PEAME,F,15.63283,OCME-PEAME,ME,N,44.29059,28 to 12,WAM,6/19/19,12,75,8.1,1.121382069,138.4422307
G3G5G6,PEAME,M,15.63283,OCME-PEAME,ME,N,44.29059,28 to 12,WAM,6/19/19,12,71,7,1.109793391,158.5419131
O1R2G3,EHMA,F,19.31422,RVMA-EHMA,MA,N,41.82633,28 to 12,WAM,6/19/19,12,57,6.5,1.222127803,188.019662
P3G5R6,OCME,F,18.06903,OCME-PEAME,ME,N,44.421147,28 to 12,WAM,6/19/19,12,75,9.8,1.475975041,150.6096981
R1G4R6,RVMA,F,23.49572,RVMA-EHMA,MA,N,41.674169,28 to 12,WAM,6/19/19,12,81,11.8,1.643758713,139.3015858
G1O2P6,PEAME,F,15.63283,OCME-PEAME,ME,N,44.29059,28 to 12,WAM,6/19/19,12,72,7.4,1.094080792,147.8487557
O2R5P6,OCME,M,18.06903,OCME-PEAME,ME,N,44.421147,28 to 12,WAM,6/19/19,12,55,3.6,0.925277352,257.0214866
O1G5R6,EHMA,M,19.31422,RVMA-EHMA,MA,N,41.82633,28 to 12,WAM,6/19/19,12,75,9.5,1.34130752,141.1902653
G2O4P5,RVMA,M,23.49572,RVMA-EHMA,MA,N,41.674169,28 to 12,WAM,6/19/19,12,69,6.4,1.195395365,186.7805257
R4R5G6,RVMA,F,23.49572,RVMA-EHMA,MA,N,41.674169,28 to 12,WAM,6/19/19,12,82,14.4,1.60739942,111.6249597
O2P4G5,RVMA,M,23.49572,RVMA-EHMA,MA,N,41.674169,28 to 12,WAM,6/19/19,12,75,10.5,1.442484265,137.3794538
G3O5G6,PENME,M,21.35523,PENME-DIME,ME,N,44.4663861,28 to 12,WAM,6/19/19,12,68,7,1.11545322,159.35046
G3G4O5,OCME,M,18.06903,OCME-PEAME,ME,N,44.421147,28 to 12,WAM,6/19/19,12,65,6.3,1.142949983,181.4206322
G1G3G6,DIME,M,16.92318,PENME-DIME,ME,N,44.165011,28 to 12,WAM,6/19/19,12,79,8.7,1.289387347,148.2054421
O1O5G6,DIME,F,16.92318,PENME-DIME,ME,N,44.165011,28 to 12,WAM,6/19/19,12,61,5,1.09586511,219.1730221
O2O3G4,DIME,M,16.92318,PENME-DIME,ME,N,44.165011,28 to 12,WAM,6/19/19,12,70,6.3,1.182643627,187.7212106
P2O4R6,OCME,M,18.06903,OCME-PEAME,ME,N,44.421147,28 to 12,WAM,6/20/19,12,73,9.1,1.233407494,135.539285
G3P4G5,RVMA,M,23.49572,RVMA-EHMA,MA,N,41.674169,28 to 12,WAM,6/20/19,12,79,10.9,1.26894792,116.4172403
G1G2G4,RVMA,F,23.49572,RVMA-EHMA,MA,N,41.674169,28 to 12,WAM,6/20/19,12,76,11.6,1.338949497,115.4266808
P1P2R4,EHMA,F,19.31422,RVMA-EHMA,MA,N,41.82633,28 to 12,WAM,6/20/19,12,68,8.2,1.29450143,157.8660281
P2R3G6,DIME,M,16.92318,PENME-DIME,ME,N,44.165011,28 to 12,WAM,6/20/19,12,77,9.5,1.290768369,135.8703546
O1P2G5,OCME,M,18.06903,OCME-PEAME,ME,N,44.421147,28 to 12,WAM,6/20/19,12,59,4.9,1.218855673,248.7460558
O1R5P6,PEAME,F,15.63283,OCME-PEAME,ME,N,44.29059,28 to 12,WAM,6/20/19,12,71,8.5,1.240087317,145.8926255
P4G5R6,PEAME,M,15.63283,OCME-PEAME,ME,N,44.29059,28 to 12,WAM,6/20/19,12,65,5.6,1.216181808,217.1753229
G1G2P3,PEAME,M,15.63283,OCME-PEAME,ME,N,44.29059,28 to 12,WAM,6/20/19,12,67,7.6,1.233870868,162.35143
O1R2O5,PENME,F,21.35523,PENME-DIME,ME,N,44.4663861,28 to 12,WAM,6/20/19,12,74,9.8,1.255493102,128.1115411
P2G4G5,PENME,F,21.35523,PENME-DIME,ME,N,44.4663861,28 to 12,WAM,6/20/19,12,70,8.1,1.08064143,133.4125222
O2R5O6,PEAME,M,15.63283,OCME-PEAME,ME,N,44.29059,28 to 12,WAM,6/20/19,12,63,4.8,1.175245466,244.8428054
G2G3G4,EHMA,F,19.31422,RVMA-EHMA,MA,N,41.82633,28 to 12,WAM,6/20/19,12,72,8.9,1.387996945,155.954713
P1O4G5,PEAME,F,15.63283,OCME-PEAME,ME,N,44.29059,28 to 12,WAM,6/20/19,12,72,8.9,1.346395903,151.2804385
P1P2G5,EHMA,M,19.31422,RVMA-EHMA,MA,N,41.82633,28 to 12,WAM,6/20/19,12,71,8.2,1.146323448,139.7955425
R1R3P5,OCME,M,18.06903,OCME-PEAME,ME,N,44.421147,28 to 12,WAM,6/20/19,12,59,4.1,1.037743572,253.1081883
G2P3R5,RVMA,M,23.49572,RVMA-EHMA,MA,N,41.674169,28 to 12,WAM,6/20/19,12,66,6.3,1.26977526,201.5516286
G1O2G5,PENME,F,21.35523,PENME-DIME,ME,N,44.4663861,28 to 12,WAM,6/20/19,12,66,6.2,1.174970868,189.5114303
R1O5O6,EHMA,M,19.31422,RVMA-EHMA,MA,N,41.82633,28 to 12,WAM,6/20/19,12,60,4.8,0.950476644,198.0159675
G2G3R6,OCME,F,18.06903,OCME-PEAME,ME,N,44.421147,28 to 12,WAM,6/20/19,12,59,4.5,1.161007717,258.001715
O1G4P6,PEAME,F,15.63283,OCME-PEAME,ME,N,44.29059,28 to 12,WAM,6/21/19,12,74,8,1.169200969,146.1501212
R3R5O6,PENME,F,21.35523,PENME-DIME,ME,N,44.4663861,28 to 12,WAM,6/21/19,12,80,10.5,1.498268249,142.6922142
O2G3P5,PEAME,F,15.63283,OCME-PEAME,ME,N,44.29059,28 to 12,WAM,6/21/19,12,72,9.5,1.561421248,164.3601313
R2O3P4,OCME,F,18.06903,OCME-PEAME,ME,N,44.421147,28 to 12,WAM,6/21/19,12,67,8.1,1.308608652,161.5566238
R2P4R6,OCME,M,18.06903,OCME-PEAME,ME,N,44.421147,28 to 12,WAM,6/21/19,12,63,5.8,1.065425644,183.6940765
G1R3O5,RVMA,M,23.49572,RVMA-EHMA,MA,N,41.674169,28 to 12,WAM,6/21/19,12,80,13.6,1.658689594,121.9624702
G1O4R6,PENME,F,21.35523,PENME-DIME,ME,N,44.4663861,28 to 12,WAM,6/21/19,12,75,10,1.573902499,157.3902499
G1G3P5,DIME,M,16.92318,PENME-DIME,ME,N,44.165011,28 to 12,WAM,6/21/19,12,67,6.9,1.383537915,200.5127413
O1O3O6,PENME,M,21.35523,PENME-DIME,ME,N,44.4663861,28 to 12,WAM,6/21/19,12,75,10.7,1.43235241,133.8647112
O2R3G5,OCME,M,18.06903,OCME-PEAME,ME,N,44.421147,28 to 12,WAM,6/21/19,12,66,6,1.482162577,247.0270961
G1O2P3,OCME,M,18.06903,OCME-PEAME,ME,N,44.421147,28 to 12,WAM,6/21/19,12,58,4.1,1.201141768,292.9614067
P2G3G4,OCME,M,18.06903,OCME-PEAME,ME,N,44.421147,28 to 12,WAM,6/21/19,12,64,5.9,1.290760621,218.7729867
R2P3G5,RVMA,M,23.49572,RVMA-EHMA,MA,N,41.674169,28 to 12,WAM,6/21/19,12,74,9.9,1.445163317,145.9760927
P3G5O6,PENME,F,21.35523,PENME-DIME,ME,N,44.4663861,28 to 12,WAM,6/21/19,12,80,10.5,1.552696363,147.8758441
G1G3O6,RVMA,M,23.49572,RVMA-EHMA,MA,N,41.674169,28 to 12,WAM,6/21/19,12,74,9.8,1.314258759,134.1080366
R2G3P4,PENME,M,21.35523,PENME-DIME,ME,N,44.4663861,28 to 12,WAM,6/21/19,12,74,7.5,1.236673121,164.8897494
G3R4O5,DIME,M,16.92318,PENME-DIME,ME,N,44.165011,28 to 12,WAM,6/21/19,12,81,10.6,1.808751878,170.6369697
G2R5G6,PENME,F,21.35523,PENME-DIME,ME,N,44.4663861,28 to 12,WAM,6/21/19,12,75,8.9,1.349995439,151.6848808
O3P4G6,PEAME,M,15.63283,OCME-PEAME,ME,N,44.29059,28 to 12,WAM,6/21/19,12,68,6.8,1.395372204,205.2017948
R1P5O6,PEAME,F,15.63283,OCME-PEAME,ME,N,44.29059,28 to 12,WAM,6/24/19,12,71,7.9,2.013344174,254.8536929
G3O4R5,PENME,M,21.35523,PENME-DIME,ME,N,44.4663861,28 to 12,WAM,6/24/19,12,80,10.5,1.669743611,159.023201
G2P5P6,RVMA,F,23.49572,RVMA-EHMA,MA,N,41.674169,28 to 12,WAM,6/24/19,12,70,8.3,1.574738145,189.7274873
O4O5O6,RVMA,F,23.49572,RVMA-EHMA,MA,N,41.674169,28 to 12,WAM,6/24/19,12,77,8.7,2.135215423,245.4270601
R1O2P3,RVMA,F,23.49572,RVMA-EHMA,MA,N,41.674169,28 to 12,WAM,6/24/19,12,67,7.8,1.669155736,213.9943252
P1O3R5,PENME,M,21.35523,PENME-DIME,ME,N,44.4663861,28 to 12,WAM,6/24/19,12,66,5.6,1.752013462,312.8595468
P1P3O6,DIME,M,16.92318,PENME-DIME,ME,N,44.165011,28 to 12,WAM,6/24/19,12,65,6.4,1.385864798,216.5413747
R1P2R6,PEAME,M,15.63283,OCME-PEAME,ME,N,44.29059,28 to 12,WAM,6/24/19,12,64,5.4,1.594216744,295.2253231
P2R3R4,DIME,M,16.92318,PENME-DIME,ME,N,44.165011,28 to 12,WAM,6/24/19,12,68,6,1.88464318,314.1071967
P2R5O6,PEAME,F,15.63283,OCME-PEAME,ME,N,44.29059,28 to 12,WAM,6/25/19,12,75,8.8,5.101842994,579.7548857
O1G3G5,OCME,M,18.06903,OCME-PEAME,ME,N,44.421147,28 to 12,WAM,6/25/19,12,65,7.7,3.931586531,510.5956533
G1G2R6,PEAME,M,15.63283,OCME-PEAME,ME,N,44.29059,28 to 12,WAM,6/25/19,12,71,9,4.715341003,523.9267781
G1O3R5,PENME,M,21.35523,PENME-DIME,ME,N,44.4663861,28 to 12,WAM,6/25/19,12,63,6,4.47879179,746.4652984
O1G2G6,PEAME,M,15.63283,OCME-PEAME,ME,N,44.29059,28 to 12,WAM,6/25/19,12,61,5.7,4.243193449,744.4199033
G1R2R5,OCME,F,18.06903,OCME-PEAME,ME,N,44.421147,28 to 12,WAM,6/25/19,12,75,10.5,5.763935974,548.9462832
G1P3O6,PEAME,M,15.63283,OCME-PEAME,ME,N,44.29059,28 to 12,WAM,6/25/19,12,71,7.7,5.400994081,701.4278027
G2R3P6,DIME,M,16.92318,PENME-DIME,ME,N,44.165011,28 to 12,WAM,6/25/19,12,65,6.6,4.155371584,629.6017552
R1R4O5,EHMA,F,19.31422,RVMA-EHMA,MA,N,41.82633,28 to 12,WAM,6/25/19,12,69,7.6,4.057080064,533.8263242
P2P3G4,OCME,M,18.06903,OCME-PEAME,ME,N,44.421147,28 to 12,WAM,6/25/19,12,63,5.7,4.563551255,800.6230272
O1G4G6,EHMA,F,19.31422,RVMA-EHMA,MA,N,41.82633,28 to 12,WAM,6/25/19,12,64,5.8,4.074346124,702.4734697
G1R3R4,DIME,M,16.92318,PENME-DIME,ME,N,44.165011,28 to 12,WAM,6/25/19,12,75,8.3,4.908943286,591.4389501
R1R2R3,RVMA,M,23.49572,RVMA-EHMA,MA,N,41.674169,28 to 12,WAM,6/25/19,12,74,9.5,4.33095006,455.88948
O1R2P6,RVMA,M,23.49572,RVMA-EHMA,MA,N,41.674169,28 to 12,WAM,6/25/19,12,81,12.6,5.19598892,412.380073
P2O4G6,EHMA,M,19.31422,RVMA-EHMA,MA,N,41.82633,28 to 12,WAM,6/25/19,12,60,5.1,4.498534354,882.0655596
G4G5P6,RVMA,M,23.49572,RVMA-EHMA,MA,N,41.674169,28 to 12,WAM,6/25/19,12,81,12.2,5.237712034,429.3206585
G1R2G4,EHMA,F,19.31422,RVMA-EHMA,MA,N,41.82633,28 to 12,WAM,6/25/19,12,60,4.8,4.217130262,878.5688045
O3G5P6,EHMA,M,19.31422,RVMA-EHMA,MA,N,41.82633,28 to 12,WAM,6/25/19,12,71,8.4,4.120768806,490.567715
O3G5G6,DIME,F,16.92318,PENME-DIME,ME,N,44.165011,28 to 12,WAM,6/25/19,12,68,6.6,5.250844463,795.5824943
P2R4G6,DIME,M,16.92318,PENME-DIME,ME,N,44.165011,12 to 28,WAM,6/27/19,28,69,7,1.563417567,223.3453667
O1O2G5,RVMA,M,23.49572,RVMA-EHMA,MA,N,41.674169,12 to 28,WAM,6/27/19,28,79,11.8,2.359215043,199.9334782
O2G3O4,EHMA,F,19.31422,RVMA-EHMA,MA,N,41.82633,12 to 28,WAM,6/27/19,28,70,8.1,1.917685577,236.7513058
O1G2O5,EHMA,F,19.31422,RVMA-EHMA,MA,N,41.82633,12 to 28,WAM,6/27/19,28,64,10.1,2.025410753,200.5357181
G2O3G6,DIME,M,16.92318,PENME-DIME,ME,N,44.165011,12 to 28,WAM,6/27/19,28,68,6.3,1.547076773,245.5677418
P2O3O4,OCME,F,18.06903,OCME-PEAME,ME,N,44.421147,12 to 28,WAM,6/27/19,28,82,11.6,1.945988826,167.7576574
R1R3R6,EHMA,F,19.31422,RVMA-EHMA,MA,N,41.82633,12 to 28,WAM,6/27/19,28,58,5.5,1.977025473,359.4591769
O1O4R5,PEAME,M,15.63283,OCME-PEAME,ME,N,44.29059,12 to 28,WAM,6/27/19,28,64,5.1,1.555612039,305.0219684
R2R3R4,OCME,M,18.06903,OCME-PEAME,ME,N,44.421147,12 to 28,WAM,6/27/19,28,60,5,1.546554474,309.3108947
G1G3R6,RVMA,M,23.49572,RVMA-EHMA,MA,N,41.674169,12 to 28,WAM,6/27/19,28,68,7.9,1.583745462,200.4741092
O1P3G5,PENME,M,21.35523,PENME-DIME,ME,N,44.4663861,12 to 28,WAM,6/27/19,28,57,3.8,1.470601739,387.0004577
R2G5G6,PEAME,M,15.63283,OCME-PEAME,ME,N,44.29059,12 to 28,WAM,6/27/19,28,72,7.6,1.735718983,228.3840767
O1O3R5,RVMA,F,23.49572,RVMA-EHMA,MA,N,41.674169,12 to 28,WAM,6/27/19,28,86,11.9,2.198658192,184.7611926
G1R3O4,EHMA,F,19.31422,RVMA-EHMA,MA,N,41.82633,12 to 28,WAM,6/27/19,28,71,12.4,2.944392245,237.4509875
G1O2P5,PEAME,M,15.63283,OCME-PEAME,ME,N,44.29059,12 to 28,WAM,6/27/19,28,64,5.9,1.645867759,278.9606371
G2O3P6,PENME,M,21.35523,PENME-DIME,ME,N,44.4663861,12 to 28,WAM,6/27/19,28,67,6.4,1.591201113,248.625174
R2R3O6,EHMA,M,19.31422,RVMA-EHMA,MA,N,41.82633,12 to 28,WAM,6/27/19,28,62,5.3,1.979664403,373.5215855
G1R2P4,PEAME,F,15.63283,OCME-PEAME,ME,N,44.29059,12 to 28,WAM,6/27/19,28,67,6.8,1.953974746,287.3492273
G1G2P5,RVMA,F,23.49572,RVMA-EHMA,MA,N,41.674169,12 to 28,WAM,6/27/19,28,70,9.1,1.734390774,190.5923927
G1O3G5,PENME,M,21.35523,PENME-DIME,ME,N,44.4663861,12 to 28,WAM,6/27/19,28,70,7.8,2.095240839,268.6206204
O3O5R6,DIME,M,16.92318,PENME-DIME,ME,N,44.165011,28 to 12,WAM,7/2/19,12,75,7.1,1.389628497,0.000195722
R1P4O6,EHMA,M,19.31422,RVMA-EHMA,MA,N,41.82633,28 to 12,WAM,7/2/19,12,69,8.4,1.578868914,0.000187961
G2G5G6,EHMA,F,19.31422,RVMA-EHMA,MA,N,41.82633,28 to 12,WAM,7/2/19,12,71,9.4,3.03017514,0.000322359
P1R2R3,RVMA,F,23.49572,RVMA-EHMA,MA,N,41.674169,28 to 12,WAM,7/2/19,12,74,9.9,2.084165227,0.000210522
O2P3G5,EHMA,M,19.31422,RVMA-EHMA,MA,N,41.82633,28 to 12,WAM,7/2/19,12,73,8.6,1.394192194,0.000162115
G2G5P6,OCME,M,18.06903,OCME-PEAME,ME,N,44.421147,28 to 12,WAM,7/2/19,12,65,5.8,1.208112113,0.000208295
G1R3G4,DIME,M,16.92318,PENME-DIME,ME,N,44.165011,28 to 12,WAM,7/2/19,12,66,6.1,1.335394354,0.000218917
P1P4G5,EHMA,M,19.31422,RVMA-EHMA,MA,N,41.82633,28 to 12,WAM,7/2/19,12,70,7.3,1.271434814,0.000174169
G1O2R4,SOC,M,27.17952,NJ,NJ,S,39.78,28 to 12,WAM,5/23/19,12,78,13.9,1.941205323,139.6550592
G1R4O6,SOC,M,27.17952,NJ,NJ,S,39.78,28 to 12,WAM,5/23/19,12,80,13.3,1.745106476,131.2110132
G2R4P5,NOC,F,27.10122,NJ,NJ,S,39.87,28 to 12,WAM,5/23/19,12,66,7.9,1.320004648,167.089196
G2R4P6,OCE,M,30.57388,NJ,NJ,S,39.81,28 to 12,WAM,5/23/19,12,85,16.8,2.073702447,123.4346695
O1G2G5,NOC,M,27.10122,NJ,NJ,S,39.87,28 to 12,WAM,5/23/19,12,64,7.7,1.870174662,242.8798262
O1G2O6,OCE,M,30.57388,NJ,NJ,S,39.81,28 to 12,WAM,5/23/19,12,68,6.5,2.173303596,334.3543993
O1P2R4,NOC,F,27.10122,NJ,NJ,S,39.87,28 to 12,WAM,5/23/19,12,62,6.8,1.065551373,156.6987313
O1R2G6,OCE,F,30.57388,NJ,NJ,S,39.81,28 to 12,WAM,5/23/19,12,75,11.1,1.483874918,133.6824251
O1R4G5,NOC,F,27.10122,NJ,NJ,S,39.87,28 to 12,WAM,5/23/19,12,68,9.5,1.205729838,126.9189303
O2O3G5,NOC,F,27.10122,NJ,NJ,S,39.87,28 to 12,WAM,5/23/19,12,66,7.5,1.042833114,139.0444152
O2P3O6,OCE,M,30.57388,NJ,NJ,S,39.81,28 to 12,WAM,5/23/19,12,78,13.4,1.552252393,115.8397308
P1R2R6,NOC,M,27.10122,NJ,NJ,S,39.87,28 to 12,WAM,5/23/19,12,70,8.3,1.735490626,209.0952562
P3O5O6,OCE,M,30.57388,NJ,NJ,S,39.81,28 to 12,WAM,5/23/19,12,67,8.9,1.537253858,172.7251526
R1O2P5,SOC,M,27.17952,NJ,NJ,S,39.78,28 to 12,WAM,5/23/19,12,61,6.1,1.001244896,164.1385076
R1P3O4,SOC,F,27.17952,NJ,NJ,S,39.78,28 to 12,WAM,5/23/19,12,77,12.5,1.89331815,151.465452
R2O3G4,SOC,F,27.17952,NJ,NJ,S,39.78,28 to 12,WAM,5/23/19,12,82,17.9,2.381491492,133.0442174
R3O5G6,OCE,M,30.57388,NJ,NJ,S,39.81,28 to 12,WAM,5/23/19,12,64,8.7,1.147873071,131.9394334
G1G2G6,NOC,M,27.10122,NJ,NJ,S,39.87,28 to 12,WAM,5/27/19,12,65,8.2,0.999970788,121.9476571
G1P3P5,SOC,F,27.17952,NJ,NJ,S,39.78,28 to 12,WAM,5/27/19,12,78,18,2.237359038,124.2977243
G2G3O4,OCE,F,30.57388,NJ,NJ,S,39.81,28 to 12,WAM,5/27/19,12,82,17,2.018219478,118.7187928
G2G4R5,SOC,M,27.17952,NJ,NJ,S,39.78,28 to 12,WAM,5/27/19,12,81,17.3,2.044472297,118.1775894
G2O3O4,NOC,M,27.10122,NJ,NJ,S,39.87,28 to 12,WAM,5/27/19,12,62,6.9,1.2077012,175.0291594
G2O3P5,NOC,M,27.10122,NJ,NJ,S,39.87,28 to 12,WAM,5/27/19,12,77,12.1,2.620737064,216.58984
G2P3O6,SOC,F,27.17952,NJ,NJ,S,39.78,28 to 12,WAM,5/27/19,12,72,10,1.303840907,130.3840907
G2P3P6,OCE,M,30.57388,NJ,NJ,S,39.81,28 to 12,WAM,5/27/19,12,84,18.7,1.775614685,94.95265693
G2P4R6,OCE,F,30.57388,NJ,NJ,S,39.81,28 to 12,WAM,5/27/19,12,73,10,1.504124055,150.4124055
G2R5R6,NOC,F,27.10122,NJ,NJ,S,39.87,28 to 12,WAM,5/27/19,12,73,11.5,1.682108776,146.2703283
G3O4G6,SOC,F,27.17952,NJ,NJ,S,39.78,28 to 12,WAM,5/27/19,12,61,6.9,1.019315202,147.7268408
G3P4O5,OCE,M,30.57388,NJ,NJ,S,39.81,28 to 12,WAM,5/27/19,12,83,17,1.494341001,87.9024118
O1G2R5,OCE,F,30.57388,NJ,NJ,S,39.81,28 to 12,WAM,5/27/19,12,72,13.5,1.13213797,83.86207185
O1G3G4,OCE,M,30.57388,NJ,NJ,S,39.81,28 to 12,WAM,5/27/19,12,79,13.4,1.491314137,111.2920998
O1P2O4,NOC,M,27.10122,NJ,NJ,S,39.87,28 to 12,WAM,5/27/19,12,62,7.1,1.164041879,163.9495604
O1P5R6,NOC,F,27.10122,NJ,NJ,S,39.87,28 to 12,WAM,5/27/19,12,80,15.2,1.807531555,118.9165497
O2O3G6,SOC,M,27.17952,NJ,NJ,S,39.78,28 to 12,WAM,5/27/19,12,64,7.8,1.427549174,183.0191249
O2P4P5,NOC,F,27.10122,NJ,NJ,S,39.87,28 to 12,WAM,5/27/19,12,82,20.3,3.14999139,155.1719896
O2R4G5,NOC,M,27.10122,NJ,NJ,S,39.87,28 to 12,WAM,5/27/19,12,64,6,0.531819815,88.63663586
O3G4O6,NOC,F,27.10122,NJ,NJ,S,39.87,28 to 12,WAM,5/27/19,12,67,8.2,1.231800517,150.2195752
O3O4G6,OCE,M,30.57388,NJ,NJ,S,39.81,28 to 12,WAM,5/27/19,12,73,15.9,2.014759211,126.7144158
O3O4R6,OCE,F,30.57388,NJ,NJ,S,39.81,28 to 12,WAM,5/27/19,12,80,13.9,2.729414688,196.3607689
P1G3R6,OCE,M,30.57388,NJ,NJ,S,39.81,28 to 12,WAM,5/27/19,12,64,7.3,1.445517458,198.0160902
P1G5P6,SOC,F,27.17952,NJ,NJ,S,39.78,28 to 12,WAM,5/27/19,12,70,15,2.068418076,137.8945384
P1O2R6,OCE,M,30.57388,NJ,NJ,S,39.81,28 to 12,WAM,5/27/19,12,73,11.6,1.526451995,131.5906892
P1R4P5,SOC,F,27.17952,NJ,NJ,S,39.78,28 to 12,WAM,5/27/19,12,76,11.5,1.91962467,166.9238843
P2G3R5,SOC,F,27.17952,NJ,NJ,S,39.78,28 to 12,WAM,5/27/19,12,65,8.6,1.209864207,140.6818845
P2G5G6,SOC,M,27.17952,NJ,NJ,S,39.78,28 to 12,WAM,5/27/19,12,73,11.4,1.212588512,106.3674133
P3O4R6,NOC,F,27.10122,NJ,NJ,S,39.87,28 to 12,WAM,5/27/19,12,69,10.2,1.097931436,107.6403369
R1G3O5,NOC,F,27.10122,NJ,NJ,S,39.87,28 to 12,WAM,5/27/19,12,72,11,1.413794195,128.526745
R1P2R3,OCE,M,30.57388,NJ,NJ,S,39.81,28 to 12,WAM,5/27/19,12,66,8.5,1.020511407,120.0601656
R1R2R4,NOC,F,27.10122,NJ,NJ,S,39.87,28 to 12,WAM,5/27/19,12,65,9.6,0.535485816,55.77977253
R1R4G5,OCE,M,30.57388,NJ,NJ,S,39.81,28 to 12,WAM,5/27/19,12,73,11.1,1.403620134,126.4522643
R1R4R6,SOC,M,27.17952,NJ,NJ,S,39.78,28 to 12,WAM,5/27/19,12,78,14.4,1.427414988,99.12604082
R2R5G6,SOC,M,27.17952,NJ,NJ,S,39.78,28 to 12,WAM,5/27/19,12,80,15.3,3.085073561,201.6387948
R3O5O6,NOC,F,27.10122,NJ,NJ,S,39.87,28 to 12,WAM,5/27/19,12,71,10.1,1.967888217,194.8404175
G1O5P6,OCE,M,30.57388,NJ,NJ,S,39.81,12 to 28,WAM,5/30/19,28,78,15,3.040926621,202.7284414
G1R3G5,SOC,M,27.17952,NJ,NJ,S,39.78,12 to 28,WAM,5/30/19,28,72,10.3,3.767923959,365.8178601
G1R4P6,OCE,M,30.57388,NJ,NJ,S,39.81,12 to 28,WAM,5/30/19,28,71,10.9,2.827998618,259.4494145
G2G3R5,NOC,F,27.10122,NJ,NJ,S,39.87,12 to 28,WAM,5/30/19,28,70,10.5,2.468312819,235.0774114
G2P4G5,SOC,F,27.17952,NJ,NJ,S,39.78,12 to 28,WAM,5/30/19,28,82,15.2,5.556808758,365.5795236
G4G5R6,NOC,M,27.10122,NJ,NJ,S,39.87,12 to 28,WAM,5/30/19,28,73,10.4,3.575923976,343.8388438
O1O2R5,NOC,F,27.10122,NJ,NJ,S,39.87,12 to 28,WAM,5/30/19,28,74,9.7,3.801622422,391.9198373
O4G5G6,OCE,F,30.57388,NJ,NJ,S,39.81,12 to 28,WAM,5/30/19,28,80,12.7,2.861372849,225.3049487
P1G2R3,SOC,M,27.17952,NJ,NJ,S,39.78,12 to 28,WAM,5/30/19,28,72,9.6,4.799970749,499.9969531
P1G4O5,SOC,M,27.17952,NJ,NJ,S,39.78,12 to 28,WAM,5/30/19,28,74,11.4,3.068604679,269.175849
P1O3R4,NOC,M,27.10122,NJ,NJ,S,39.87,12 to 28,WAM,5/30/19,28,80,13.5,5.324838761,394.4325008
P3R4R5,OCE,M,30.57388,NJ,NJ,S,39.81,12 to 28,WAM,5/30/19,28,76,11.8,4.159116354,352.4674876
R1G2P4,NOC,F,27.10122,NJ,NJ,S,39.87,12 to 28,WAM,5/30/19,28,68,10.5,4.05496584,386.1872229
R1O2R5,OCE,M,30.57388,NJ,NJ,S,39.81,12 to 28,WAM,5/30/19,28,72,10.4,2.498170872,233.4739133
R1P2O5,NOC,M,27.10122,NJ,NJ,S,39.87,12 to 28,WAM,5/30/19,28,75,12.2,3.148649514,258.0860258
R1P2R5,OCE,M,30.57388,NJ,NJ,S,39.81,12 to 28,WAM,5/30/19,28,74,11.6,3.838932918,330.942493
R1R2R6,OCE,F,30.57388,NJ,NJ,S,39.81,12 to 28,WAM,5/30/19,28,68,8.7,3.096071549,355.870293
R2R4R6,NOC,F,27.10122,NJ,NJ,S,39.87,12 to 28,WAM,5/30/19,28,64,7.5,3.141445702,418.859427
R3G5O6,OCE,M,30.57388,NJ,NJ,S,39.81,12 to 28,WAM,5/30/19,28,73,9,2.615324286,290.5915874
G1O2G6,OCE,F,30.57388,NJ,NJ,S,39.81,12 to 28,WAM,6/4/19,28,65,8.6,3.750369434,436.0894691
G1R2G5,SOC,F,27.17952,NJ,NJ,S,39.78,12 to 28,WAM,6/4/19,28,70,9.4,3.800598837,404.3190252
G2O4G6,NOC,M,27.10122,NJ,NJ,S,39.87,12 to 28,WAM,6/4/19,28,67,8.5,3.678938214,432.8162605
G2P3R6,OCE,M,30.57388,NJ,NJ,S,39.81,12 to 28,WAM,6/4/19,28,75,14,4.547922472,324.8516051
O1O3R4,NOC,F,27.10122,NJ,NJ,S,39.87,12 to 28,WAM,6/4/19,28,68,8.1,3.980928871,491.4727001
O1R2G5,OCE,M,30.57388,NJ,NJ,S,39.81,12 to 28,WAM,6/4/19,28,68,8.9,4.022226638,451.9355773
O1R2O4,NOC,F,27.10122,NJ,NJ,S,39.87,12 to 28,WAM,6/4/19,28,75,13,4.161598356,320.1229505
O2G5R6,OCE,M,30.57388,NJ,NJ,S,39.81,12 to 28,WAM,6/4/19,28,64,7.7,3.674841161,477.2520988
O3G5R6,SOC,F,27.17952,NJ,NJ,S,39.78,12 to 28,WAM,6/4/19,28,72,12.2,3.211196707,263.2128448
O3O4G5,SOC,M,27.17952,NJ,NJ,S,39.78,12 to 28,WAM,6/4/19,28,78,13,5.020075295,386.159638
P1R3R5,OCE,F,30.57388,NJ,NJ,S,39.81,12 to 28,WAM,6/4/19,28,75,12,6.786195631,565.5163026
P2R4G5,OCE,F,30.57388,NJ,NJ,S,39.81,12 to 28,WAM,6/4/19,28,72,11,4.176369543,379.6699584
R1O2O5,NOC,F,27.10122,NJ,NJ,S,39.87,12 to 28,WAM,6/4/19,28,70,8.1,1.846788753,227.9986115
R1O2P4,SOC,M,27.17952,NJ,NJ,S,39.78,12 to 28,WAM,6/4/19,28,72,13.5,4.228057473,313.1894425
R1R3G6,OCE,M,30.57388,NJ,NJ,S,39.81,12 to 28,WAM,6/4/19,28,69,9.8,4.360143028,444.9125539
R1R5P6,SOC,M,27.17952,NJ,NJ,S,39.78,12 to 28,WAM,6/4/19,28,76,12.3,4.878670213,396.6398547
R2O3O5,SOC,M,27.17952,NJ,NJ,S,39.78,12 to 28,WAM,6/4/19,28,67,8.5,2.656835267,312.568855
R2P5P6,OCE,F,30.57388,NJ,NJ,S,39.81,12 to 28,WAM,6/4/19,28,72,11.8,4.023120978,340.9424557
R3P5G6,OCE,M,30.57388,NJ,NJ,S,39.81,12 to 28,WAM,6/4/19,28,75,12.1,6.121970358,505.9479634
R3R5R6,SOC,M,27.17952,NJ,NJ,S,39.78,12 to 28,WAM,6/4/19,28,73,11.2,3.845140928,343.3161543
G1O3R6,SOC,M,27.17952,NJ,NJ,S,39.78,12 to 28,WAM,6/5/19,28,71,11.3,5.626834904,497.9499915
G1R2P5,NOC,M,27.10122,NJ,NJ,S,39.87,12 to 28,WAM,6/5/19,28,70,7.1,3.690232728,519.7510885
G1R2R6,SOC,M,27.17952,NJ,NJ,S,39.78,12 to 28,WAM,6/5/19,28,70,8.4,4.446023516,529.2885138
G2O3R5,SOC,F,27.17952,NJ,NJ,S,39.78,12 to 28,WAM,6/5/19,28,70,10.6,3.955642863,373.173855
O1G3O6,NOC,F,27.10122,NJ,NJ,S,39.87,12 to 28,WAM,6/5/19,28,62,9.2,4.304951888,467.929553
O1G3P6,OCE,M,30.57388,NJ,NJ,S,39.81,12 to 28,WAM,6/5/19,28,75,5.6,5.066764705,904.7794116
O2O4R5,NOC,F,27.10122,NJ,NJ,S,39.87,12 to 28,WAM,6/5/19,28,74,11.2,6.382583324,569.8735111
O2R5R6,OCE,M,30.57388,NJ,NJ,S,39.81,12 to 28,WAM,6/5/19,28,65,8.3,4.087850364,492.512092
O4O5R6,OCE,F,30.57388,NJ,NJ,S,39.81,12 to 28,WAM,6/5/19,28,84,15.7,5.566058249,354.5260031
P1G5O6,SOC,F,27.17952,NJ,NJ,S,39.78,12 to 28,WAM,6/5/19,28,72,11.8,4.560230577,386.4602184
P2G3P6,NOC,M,27.10122,NJ,NJ,S,39.87,12 to 28,WAM,6/5/19,28,65,7.7,2.931779787,380.7506217
P2G4P5,NOC,M,27.10122,NJ,NJ,S,39.87,12 to 28,WAM,6/5/19,28,62,8.3,3.377597127,406.9394129
P2O4G5,SOC,F,27.17952,NJ,NJ,S,39.78,12 to 28,WAM,6/5/19,28,71,9.6,4.074517678,424.4289248
P3R4G6,SOC,F,27.17952,NJ,NJ,S,39.78,12 to 28,WAM,6/5/19,28,65,8.8,4.670666273,530.757531
R1O2P6,SOC,F,27.17952,NJ,NJ,S,39.78,12 to 28,WAM,6/5/19,28,80,16.4,6.7325876,410.5236342
R2O3O6,NOC,M,27.10122,NJ,NJ,S,39.87,12 to 28,WAM,6/5/19,28,61,11.3,4.893270157,433.0327573
R2P3G4,NOC,M,27.10122,NJ,NJ,S,39.87,12 to 28,WAM,6/5/19,28,53,4.1,3.284258706,801.0387087
R3O4O6,NOC,F,27.10122,NJ,NJ,S,39.87,12 to 28,WAM,6/5/19,28,66,8.4,3.813910032,454.0369086
R3R4G6,SOC,F,27.17952,NJ,NJ,S,39.78,12 to 28,WAM,6/5/19,28,61,7.4,6.663084852,900.4168718