FishID,pop,sex,habitat_temp,pair,state,subgroup,latitude,accl_order,wam_date12,wam_length12,wam_mass12,tenth_perc_MO2_mg_hr12,tenth_perc_MO2_mg_hr_kg12,wam_date28,wam_length28,wam_mass28,tenth_perc_MO2_mg_hr28,tenth_perc_MO2_mg_hr_kg28,ctmax_length12,ctmax_mass12,ctmax_date12,ctmax12,ctmax_length28,ctmax_mass28,ctmax_date28,ctmax28,cam_date,cam_length,cam_mass,heart_mass,Glucose_MR_pmol_s12,FA_MR_pmol_s12,LKA_MR_pmol_s12,Endogenous_MR_pmol_s12,Glucose_MR_pmol_s28,FA_MR_pmol_s28,LKA_MR_pmol_s28,Endogenous_MR_pmol_s28
O1O2O3,OCME,M,18.06903,OCME-PEAME,ME,N,44.421147,12 to 28,4/9/19,61,5.7,3.035792077,0.000532595,6/12/19,65,6.3,5.524830681,0.000876957,61,5.7,5/15/19,33.31,65,6.3,7/2/19,41.72,7/25/19,70,7.6,0.009,NA,NA,NA,NA,37.74504065,34.00015416,33.37382878,15.45491917
P1G2G5,PENME,F,21.35523,PENME-DIME,ME,N,44.4663861,12 to 28,4/9/19,62,6.8,4.067457397,0.000598155,NA,NA,NA,NA,NA,62,6.8,5/14/19,33.28,62,7.3,6/25/19,41.66,7/25/19,66,8.2,0.011,NA,NA,NA,NA,30.81090894,21.38269196,12.5122829,41.17648327
O4R5O6,DIME,F,16.92318,PENME-DIME,ME,N,44.165011,12 to 28,4/9/19,82,14.2,4.596912086,0.000323726,6/12/19,81,13.1,6.880416818,0.000525223,82,14.2,5/14/19,33.19,81,13.1,7/2/19,41.84,7/25/19,87,15.3,0.016,NA,NA,NA,NA,47.47278307,NA,42.17353914,30.02995536
G1P4O5,PENME,M,21.35523,PENME-DIME,ME,N,44.4663861,12 to 28,4/9/19,65,6.7,4.207203517,0.000627941,6/11/19,66,6.4,5.052140075,0.000789397,65,6.7,5/15/19,33.79,66,6.4,6/25/19,41.43,7/24/19,67,7.1,0.007,NA,NA,NA,NA,33.04154866,23.02502918,10.69207762,6.621140155
O1G3P5,RVMA,M,23.49572,RVMA-EHMA,MA,N,41.674169,12 to 28,4/9/19,72,10.5,4.225842494,0.000402461,NA,NA,NA,NA,NA,72,10.5,5/15/19,33.22,NA,NA,NA,NA,NA,NA,NA,NA,NA,NA,NA,NA,NA,NA,NA,NA
G2P3G6,OCME,M,18.06903,OCME-PEAME,ME,N,44.421147,12 to 28,4/9/19,56,4,4.600733175,0.001150183,6/11/19,48,4.9,5.959393785,0.001216203,56,4,5/14/19,34.03,48,4.9,6/25/19,41.94,7/24/19,67,7,0.006,NA,NA,NA,NA,27.95262256,19.85650262,3.680045045,1.095585185
O2P3O4,EHMA,F,19.31422,RVMA-EHMA,MA,N,41.82633,12 to 28,4/9/19,62,6,4.93630781,0.000822718,6/11/19,66,5.9,4.164257438,0.000705806,62,6,5/15/19,34.74,66,5.9,6/24/19,42.29,7/24/19,69,6.9,0.009,NA,NA,NA,NA,36.35274694,25.72768928,7.035249682,6.912953561
R3G4P5,DIME,F,16.92318,PENME-DIME,ME,N,44.165011,12 to 28,4/9/19,83,13.9,6.745224318,0.000485268,6/10/19,82,10.7,6.521514344,0.000609487,83,13.9,5/14/19,32.83,82,10.7,6/24/19,41.55,7/23/19,86,11.8,0.014,NA,NA,NA,NA,58.12634241,32.80988598,30.71598522,16.00901737
P2O5R6,PEAME,F,15.63283,OCME-PEAME,ME,N,44.29059,12 to 28,4/9/19,67,10.4,5.582217787,0.000536752,6/11/19,71,10.6,5.460419026,0.000515134,67,10.4,5/15/19,32.88,71,10.6,6/24/19,41.6,7/24/19,76,11.3,0.015,NA,NA,NA,NA,53.14893347,39.44029016,30.84102295,24.31376535
P2R3G5,EHMA,M,19.31422,RVMA-EHMA,MA,N,41.82633,12 to 28,4/9/19,58,5.2,4.346367337,0.00083584,6/12/19,61,6.9,4.524989859,0.000655796,58,5.2,5/15/19,34.07,61,6.9,6/25/19,42.3,7/25/19,73,10.2,0.013,NA,NA,NA,NA,55.20236524,33.38323729,24.5425879,16.34426364
G1O2P4,DIME,M,16.92318,PENME-DIME,ME,N,44.165011,12 to 28,4/9/19,64,5.9,5.933549663,0.001005686,6/10/19,67,5.6,5.421615194,0.000968146,64,5.9,5/14/19,33.36,67,5.6,6/24/19,41.88,7/23/19,71,6.6,0.007,NA,NA,NA,NA,41.25790978,26.71705017,21.34223645,3.852125248
R1O4R5,RVMA,F,23.49572,RVMA-EHMA,MA,N,41.674169,12 to 28,4/9/19,66,11,7.282768448,0.00066207,6/12/19,70,10,8.144574832,0.000814457,66,11,5/15/19,34.72,70,10,6/25/19,42.4,7/25/19,78,12.5,0.014,NA,NA,NA,NA,49.7678954,34.41522157,22.71428101,7.399295806
G1G3O5,PEAME,M,15.63283,OCME-PEAME,ME,N,44.29059,12 to 28,4/9/19,60,5.6,4.493514442,0.000802413,6/12/19,63,5.5,6.211704976,0.001129401,60,5.6,5/15/19,33.87,63,5.5,7/2/19,41.12,7/25/19,66,6.8,0.006,NA,NA,NA,NA,29.48086692,20.7423979,8.694220919,NA
P2P3O6,RVMA,F,23.49572,RVMA-EHMA,MA,N,41.674169,12 to 28,4/9/19,67,7.7,6.150796724,0.000798805,6/11/19,67,8.3,4.892164607,0.000589417,67,7.7,5/15/19,35.02,67,8.3,6/24/19,41.91,7/24/19,74,10.2,0.011,NA,NA,NA,NA,48.01684739,32.80137367,22.92420435,21.76215851
G1P2R3,PEAME,F,15.63283,OCME-PEAME,ME,N,44.29059,12 to 28,4/9/19,64,7.7,5.755494031,0.000747467,6/11/19,67,8.3,8.153018751,0.000982291,64,7.7,5/14/19,33.58,67,8.3,6/25/19,41.77,7/24/19,74,8.1,0.008,NA,NA,NA,NA,37.79644424,33.23637039,9.075620214,25.37209919
O3O4R5,RVMA,M,23.49572,RVMA-EHMA,MA,N,41.674169,12 to 28,4/9/19,69,11.4,6.106242694,0.000535635,6/10/19,78,10.7,6.115798788,0.00057157,69,11.4,5/15/19,32.48,78,10.7,6/24/19,41.14,7/23/19,77,12.1,0.015,NA,NA,NA,NA,74.75285579,46.43300633,46.40322473,28.61335706
O2G5O6,PEAME,F,15.63283,OCME-PEAME,ME,N,44.29059,12 to 28,4/9/19,64,7.3,5.913915599,0.000810125,NA,NA,NA,NA,NA,64,7.3,5/14/19,32.48,66,6.8,6/25/19,41.72,7/24/19,69,7.8,0.008,NA,NA,NA,NA,31.09387173,19.41355294,8.307183775,8.54078844
R1R2G6,DIME,F,16.92318,PENME-DIME,ME,N,44.165011,12 to 28,4/9/19,71,12.2,7.059366057,0.000578637,6/11/19,80,9.3,6.44080126,0.000692559,71,12.2,5/15/19,33.91,80,9.3,6/25/19,41.54,7/24/19,82,11.8,0.015,NA,NA,NA,NA,45.08052947,30.84436082,19.07671337,13.03451644
P3P4R5,DIME,M,16.92318,PENME-DIME,ME,N,44.165011,12 to 28,4/9/19,62,12.6,6.24495691,0.000495632,6/12/19,82,11.7,4.226948162,0.000361278,62,12.6,5/15/19,30.6,82,11.7,6/25/19,40.97,7/25/19,84,14.1,0.016,NA,NA,NA,NA,65.92879069,36.42242075,25.94680749,16.16221043
P2G3P4,OCME,F,18.06903,OCME-PEAME,ME,N,44.421147,12 to 28,4/9/19,62,6.8,4.713941931,0.000693227,6/12/19,65,6.4,5.882189121,0.000919092,62,6.8,5/14/19,33.86,65,6.4,7/2/19,40.94,7/25/19,66,7.1,0.003,NA,NA,NA,NA,46.72260043,32.4727678,26.29938131,13.72322654
G1P2R5,PENME,F,21.35523,PENME-DIME,ME,N,44.4663861,12 to 28,4/11/19,78,12,1.700303777,0.000141692,6/10/19,81,10.4,5.045861111,0.000485179,78,12,5/14/19,33.97,81,10.4,6/24/19,41.6,7/23/19,84,11.4,0.01,NA,NA,NA,NA,47.30757381,26.89987227,26.06263732,9.741959
O1P4P5,PEAME,F,15.63283,OCME-PEAME,ME,N,44.29059,12 to 28,4/11/19,62,8,1.882315171,0.000235289,6/10/19,66,7,5.511006203,0.000787287,62,8,5/15/19,33.32,66,7,6/24/19,41.4,NA,NA,NA,NA,NA,NA,NA,NA,NA,NA,NA,NA
P1R3G4,DIME,M,16.92318,PENME-DIME,ME,N,44.165011,12 to 28,4/11/19,65,6.2,2.343836408,0.000378038,6/12/19,67,6.1,6.921863223,0.001134732,65,6.2,5/14/19,33.05,67,6.1,6/25/19,41.66,7/25/19,71,7.8,0.007,NA,NA,NA,NA,11.23962967,23.71056917,9.886771485,NA
O1R3R6,RVMA,M,23.49572,RVMA-EHMA,MA,N,41.674169,12 to 28,4/11/19,62,8,1.816999964,0.000227125,6/11/19,75,10.5,6.110220809,0.000581926,62,8,5/14/19,34.69,75,10.5,6/24/19,42.2,7/24/19,80,13,0.011,NA,NA,NA,NA,53.59806063,36.26296935,29.05658983,19.33413069
O1O2R4,DIME,M,16.92318,PENME-DIME,ME,N,44.165011,12 to 28,4/11/19,69,8.2,2.206924335,0.000269137,6/11/19,70,8.4,3.770788071,0.000448903,69,8.2,5/15/19,33.02,70,8.4,6/25/19,41.25,7/24/19,70,9,0.01,NA,NA,NA,NA,54.23853327,38.1035642,36.65091717,28.48879726
R2R4R5,PENME,M,21.35523,PENME-DIME,ME,N,44.4663861,12 to 28,4/11/19,70,8.9,3.626448668,0.000407466,6/10/19,73,8.3,6.556968572,0.000789996,70,8.9,5/14/19,33.51,73,8.3,6/24/19,41.45,7/23/19,72,10.6,0.012,NA,NA,NA,NA,56.68042036,38.03209746,27.31237386,11.82927889
G3O4G5,PENME,F,21.35523,PENME-DIME,ME,N,44.4663861,12 to 28,4/11/19,68,9,3.023989738,0.000335999,6/12/19,69,9,5.752449707,0.000639161,68,9,5/15/19,34.74,69,9,7/2/19,41.6,7/25/19,74,10.7,0.012,NA,NA,NA,NA,50.40444513,36.50368808,37.83376282,23.21725133
O2G3G4,EHMA,F,19.31422,RVMA-EHMA,MA,N,41.82633,12 to 28,4/11/19,72,10,2.718485817,0.000271849,6/11/19,72,9.7,7.711503106,0.000795,72,10,5/14/19,34.68,72,9.7,6/24/19,41.86,7/24/19,75,10.5,0.008,NA,NA,NA,NA,39.67587733,30.68096676,9.290739594,NA
O4G5P6,EHMA,M,19.31422,RVMA-EHMA,MA,N,41.82633,12 to 28,4/11/19,63,6.1,2.369634162,0.000388465,6/12/19,71,8.4,9.11182714,0.001084741,63,6.1,5/15/19,33.63,71,8.4,7/2/19,41.42,7/25/19,80,12.1,0.014,NA,NA,NA,NA,49.8449618,45.44527294,42.95988598,29.74761012
P3R5R6,OCME,M,18.06903,OCME-PEAME,ME,N,44.421147,12 to 28,4/11/19,59,5,2.36354031,0.000472708,6/10/19,63,5.1,4.46772103,0.000876024,59,5,5/15/19,32.99,63,5.1,6/24/19,41.64,7/23/19,66,5.8,0.006,NA,NA,NA,NA,41.7458484,17.97438945,7.922523062,NA
P1G4R5,RVMA,F,23.49572,RVMA-EHMA,MA,N,41.674169,12 to 28,4/24/19,72,11.9,2.438810321,0.000204942,6/14/19,78,11.2,8.265796345,0.000738018,72,11.9,5/1/19,34.5,78,11.2,7/3/19,41.43,7/29/19,76,11.7,0.013,NA,NA,NA,NA,50.5090088,27.96973609,21.49385094,27.11276454
G1R2P4,PEAME,F,15.63283,OCME-PEAME,ME,N,44.29059,12 to 28,4/24/19,68,7.8,2.117065929,0.000271419,6/27/19,67,6.8,1.953974746,287.3492273,68,7.8,5/1/19,34.44,67,6.8,7/11/19,41.78,7/30/19,69,7.8,0.006,NA,NA,NA,NA,30.88810662,23.92063389,12.0038285,7.457305997
O1R4P6,PEAME,F,15.63283,OCME-PEAME,ME,N,44.29059,12 to 28,4/24/19,67,7.6,1.906547639,0.000250862,NA,NA,NA,NA,NA,67,7.6,5/1/19,31.97,NA,NA,NA,NA,NA,NA,NA,NA,NA,NA,NA,NA,NA,NA,NA,NA
O2O4O6,PENME,M,21.35523,PENME-DIME,ME,N,44.4663861,12 to 28,4/24/19,76,9.7,1.853766015,0.00019111,6/14/19,79,9.6,5.299076229,0.000551987,76,9.7,5/1/19,32.94,79,9.6,7/3/19,40.95,7/29/19,81,12.4,0.013,NA,NA,NA,NA,53.75904877,36.29098668,27.12775618,24.11814732
P1G3G5,PEAME,F,15.63283,OCME-PEAME,ME,N,44.29059,12 to 28,4/24/19,71,9.2,2.051018411,0.000222937,NA,NA,NA,NA,NA,71,9.2,5/1/19,33.68,NA,NA,NA,NA,NA,NA,NA,NA,NA,NA,NA,NA,NA,NA,NA,NA
O1O3R5,RVMA,F,23.49572,RVMA-EHMA,MA,N,41.674169,12 to 28,4/24/19,77,13.3,3.580701521,0.000269226,6/27/19,86,11.9,2.198658192,184.7611926,77,13.3,5/1/19,35.19,86,11.9,7/11/19,41.79,7/30/19,80,13.8,0.011,NA,NA,NA,NA,42.27860057,NA,14.75748267,12.06081834
R1R2O5,OCME,M,18.06903,OCME-PEAME,ME,N,44.421147,12 to 28,4/24/19,56,3.9,1.442994732,0.000369999,6/14/19,60,5.2,5.079644026,0.000976855,56,3.9,5/1/19,34.33,60,5.2,7/3/19,41.4,NA,NA,NA,NA,NA,NA,NA,NA,NA,NA,NA,NA
P1O5R6,PENME,F,21.35523,PENME-DIME,ME,N,44.4663861,12 to 28,4/24/19,70,7.7,2.71157804,0.000352153,6/13/19,66,6.4,3.473112657,0.000542674,70,7.7,5/1/19,33.54,66,6.4,7/2/19,41.11,7/26/19,69,7.6,0.009,NA,NA,NA,NA,27.26482155,8.375907995,11.99393617,6.238629032
P2R4G6,DIME,M,16.92318,PENME-DIME,ME,N,44.165011,12 to 28,4/24/19,65,5.3,1.594785873,0.000300903,6/27/19,69,7,1.563417567,223.3453667,65,5.3,5/1/19,33.91,69,7,7/11/19,41.37,7/30/19,75,9.1,0.007,NA,NA,NA,NA,26.75332492,20.44595451,14.52735673,11.33485055
R2O4G6,RVMA,M,23.49572,RVMA-EHMA,MA,N,41.674169,12 to 28,4/24/19,65,6.3,2.184930171,0.000346814,6/14/19,71,7.6,6.367729659,0.000837859,65,6.3,5/1/19,34.74,71,7.6,7/3/19,41.92,7/29/19,71,8.8,0.0014,NA,NA,NA,NA,37.39737935,34.41947125,24.66952828,22.74046136
G1R3O4,EHMA,F,19.31422,RVMA-EHMA,MA,N,41.82633,12 to 28,4/24/19,74,10.5,4.031063093,0.000383911,6/27/19,71,12.4,2.944392245,237.4509875,74,10.5,5/1/19,33.85,71,12.4,7/11/19,41.94,NA,NA,NA,NA,NA,NA,NA,NA,NA,NA,NA,NA
P1P4P6,OCME,M,18.06903,OCME-PEAME,ME,N,44.421147,12 to 28,4/24/19,67,6.3,2.467931654,0.000391735,6/13/19,70,6.9,1.379659049,0.000199951,67,6.3,5/1/19,33.66,70,6.9,7/3/19,41.08,7/26/19,73,8.8,0.007,NA,NA,NA,NA,33.90060307,29.08093462,17.69303042,8.386893588
G1R4R6,PENME,F,21.35523,PENME-DIME,ME,N,44.4663861,12 to 28,4/24/19,66,7.5,1.932956082,0.000257727,6/13/19,72,11.3,3.523274837,0.000311794,66,7.5,5/1/19,34.13,72,11.3,7/3/19,40.76,7/26/19,72,10.8,0.011,NA,NA,NA,NA,35.20392727,28.11727485,15.9498682,12.13206339
G1R4G5,RVMA,F,23.49572,RVMA-EHMA,MA,N,41.674169,12 to 28,4/24/19,72,9.9,3.185079006,0.000321725,NA,NA,NA,NA,NA,72,9.9,5/1/19,34.01,68,8.2,7/3/19,41.8,7/29/19,70,8.8,0.012,NA,NA,NA,NA,43.70062099,23.98885387,15.80332795,21.07152354
O1O4R5,PEAME,M,15.63283,OCME-PEAME,ME,N,44.29059,12 to 28,4/24/19,57,4.6,1.943276548,0.000422451,6/27/19,64,5.1,1.555612039,305.0219684,57,4.6,5/1/19,34.57,64,5.1,7/11/19,41.54,NA,NA,NA,NA,NA,NA,NA,NA,NA,NA,NA,NA
R3G4R6,PENME,M,21.35523,PENME-DIME,ME,N,44.4663861,12 to 28,4/26/19,71,7.8,1.739256952,0.000222982,6/14/19,79,8,5.839012682,0.000729877,71,7.8,5/15/19,32.32,79,8,7/3/19,40.83,7/29/19,76,8.8,0.009,NA,NA,NA,NA,32.69538798,22.16047875,14.81629358,19.48773308
G1O5R6,RVMA,F,23.49572,RVMA-EHMA,MA,N,41.674169,12 to 28,4/26/19,65,7.2,2.194190462,0.000304749,6/10/19,66,6.8,3.746239122,0.000550918,65,7.2,5/15/19,32.87,66,6.8,6/24/19,42.05,7/23/19,72,8.3,0.007,NA,NA,NA,NA,43.92250813,31.5799917,19.32442951,1.845638948
O1G3R4,OCME,F,18.06903,OCME-PEAME,ME,N,44.421147,12 to 28,4/26/19,65,7.2,2.127196963,0.000295444,6/10/19,64,7.2,6.35241647,0.00088228,65,7.2,5/14/19,32.94,64,7.2,6/24/19,41.51,NA,NA,NA,NA,NA,NA,NA,NA,NA,NA,NA,NA
G4G5O6,PENME,F,21.35523,PENME-DIME,ME,N,44.4663861,12 to 28,4/26/19,85,19.3,3.178068269,0.000164667,6/14/19,80,14.7,8.811023597,0.000599389,85,19.3,5/15/19,33.84,80,14.7,7/3/19,40.83,7/29/19,87,19.1,0.02,NA,NA,NA,NA,49.25129516,40.56252261,32.69074331,34.94836228
G2R4R5,DIME,F,16.92318,PENME-DIME,ME,N,44.165011,12 to 28,4/26/19,55,2.9,1.40423643,0.000484219,NA,NA,NA,NA,NA,55,2.9,5/15/19,33.73,58,3.9,6/25/19,42.05,7/25/19,68,5.6,0.007,NA,NA,NA,NA,25.26927983,18.96652675,10.22063194,1.013011935
P1G2O4,OCME,M,18.06903,OCME-PEAME,ME,N,44.421147,12 to 28,4/26/19,66,6.1,2.758525923,0.000452217,6/12/19,66,6.7,6.017135715,0.00089808,66,6.1,5/14/19,33.77,66,6.7,6/25/19,41.34,7/25/19,71,8.7,0.012,NA,NA,NA,NA,43.53803118,30.57819433,30.69066869,13.29335753
R1P3R6,PEAME,M,15.63283,OCME-PEAME,ME,N,44.29059,12 to 28,4/26/19,60,4.6,1.684663157,0.000366231,6/10/19,63,5.4,5.498157996,0.001018177,60,4.6,5/15/19,33.02,63,5.4,6/24/19,41.55,7/23/19,66,6.4,0.005,NA,NA,NA,NA,45.90577188,24.72794599,18.72095739,3.768724715
R4O5R6,PENME,M,21.35523,PENME-DIME,ME,N,44.4663861,12 to 28,4/26/19,59,4,1.389700155,0.000347425,6/11/19,61,4.2,5.969990565,0.001421426,59,4,5/14/19,33.75,61,4.2,6/25/19,41.5,7/24/19,63,5.4,0.005,NA,NA,NA,NA,62.43686863,22.08925661,8.941592949,17.05157475
R2R3G6,OCME,M,18.06903,OCME-PEAME,ME,N,44.421147,12 to 28,4/26/19,58,4.6,1.58005332,0.00034349,6/12/19,53,4.4,4.402483499,0.001000564,58,4.6,5/14/19,33.45,53,4.4,7/2/19,41.31,7/25/19,60,4.9,0.007,NA,NA,NA,NA,30.95630829,18.34373745,4.246158349,NA
R2R4P6,OCME,M,18.06903,OCME-PEAME,ME,N,44.421147,12 to 28,4/26/19,55,3.3,2.261820862,0.0006854,6/12/19,57,4.2,6.455866907,0.001537111,55,3.3,5/14/19,33.11,57,4.2,7/2/19,41.22,7/25/19,61,5.3,0.003,NA,NA,NA,NA,18.9389768,8.229584714,NA,NA
O2G4P5,RVMA,M,23.49572,RVMA-EHMA,MA,N,41.674169,12 to 28,4/26/19,76,11.6,2.108563851,0.000181773,NA,NA,NA,NA,NA,NA,NA,NA,NA,NA,NA,NA,NA,NA,NA,NA,NA,NA,NA,NA,NA,NA,NA,NA,NA
R1O2G5,PEAME,F,15.63283,OCME-PEAME,ME,N,44.29059,12 to 28,4/26/19,70,8.5,1.952795598,0.000229741,NA,NA,NA,NA,NA,NA,NA,NA,NA,NA,NA,NA,NA,NA,NA,NA,NA,NA,NA,NA,NA,NA,NA,NA,NA
G1P3P4,DIME,F,16.92318,PENME-DIME,ME,N,44.165011,12 to 28,4/26/19,58,4.6,1.75734239,0.000382031,NA,NA,NA,NA,NA,NA,NA,NA,NA,NA,NA,NA,NA,NA,NA,NA,NA,NA,NA,NA,NA,NA,NA,NA,NA
G3O5G6,PENME,M,21.35523,PENME-DIME,ME,N,44.4663861,12 to 28,4/26/19,67,7.5,1.51546712,0.000202062,NA,NA,NA,NA,NA,NA,NA,NA,NA,NA,NA,NA,NA,NA,NA,NA,NA,NA,NA,NA,NA,NA,NA,NA,NA
R1O5P6,EHMA,F,19.31422,RVMA-EHMA,MA,N,41.82633,12 to 28,4/26/19,67,8,2.286251461,0.000285781,NA,NA,NA,NA,NA,NA,NA,NA,NA,NA,NA,NA,NA,NA,NA,NA,NA,NA,NA,NA,NA,NA,NA,NA,NA
R1O2R4,RVMA,F,23.49572,RVMA-EHMA,MA,N,41.674169,12 to 28,4/26/19,79,13.1,2.609353571,0.000199187,NA,NA,NA,NA,NA,NA,NA,NA,NA,NA,NA,NA,NA,NA,NA,NA,NA,NA,NA,NA,NA,NA,NA,NA,NA
O2R4P6,PEAME,F,15.63283,OCME-PEAME,ME,N,44.29059,12 to 28,4/26/19,64,7,1.75098294,0.00025014,NA,NA,NA,NA,NA,NA,NA,NA,NA,NA,NA,NA,NA,NA,NA,NA,NA,NA,NA,NA,NA,NA,NA,NA,NA
R2G4R6,RVMA,M,23.49572,RVMA-EHMA,MA,N,41.674169,12 to 28,4/26/19,62,5.1,1.703554866,0.00033403,NA,NA,NA,NA,NA,NA,NA,NA,NA,NA,NA,NA,NA,NA,NA,NA,NA,NA,NA,NA,NA,NA,NA,NA,NA
P2O4O5,RVMA,M,23.49572,RVMA-EHMA,MA,N,41.674169,12 to 28,4/26/19,61,5.1,1.52288657,0.000298605,NA,NA,NA,NA,NA,NA,NA,NA,NA,NA,NA,NA,NA,NA,NA,NA,NA,NA,NA,NA,NA,NA,NA,NA,NA
G2O3P6,PENME,M,21.35523,PENME-DIME,ME,N,44.4663861,12 to 28,4/27/19,66,5.6,1.344955321,0.000240171,6/27/19,67,6.4,1.591201113,248.625174,66,5.6,5/3/19,33.1,67,6.4,7/11/19,41.19,7/30/19,71,7.6,0.01,NA,NA,NA,NA,26.66929008,17.17570187,7.085997166,5.564518046
P2R3P6,RVMA,F,23.49572,RVMA-EHMA,MA,N,41.674169,12 to 28,4/27/19,67,7.1,2.767483818,0.000389786,6/14/19,66,7.6,5.362093436,0.000705539,67,7.1,5/3/19,34.01,66,7.6,7/3/19,41.18,7/29/19,68,9,0.009,NA,NA,NA,NA,33.82213231,17.99513378,9.685546477,14.15270417
P2G4G6,DIME,M,16.92318,PENME-DIME,ME,N,44.165011,12 to 28,4/27/19,72,7.7,2.031410876,0.00026382,6/14/19,73,7.9,6.023466301,0.000762464,72,7.7,5/3/19,34.45,73,7.9,7/3/19,41.36,NA,NA,NA,NA,NA,NA,NA,NA,NA,NA,NA,NA
O1P2R6,DIME,M,16.92318,PENME-DIME,ME,N,44.165011,12 to 28,4/27/19,67,6.4,2.361418825,0.000368972,6/14/19,67,5.9,5.833944087,0.000988804,67,6.4,5/3/19,34.23,67,5.9,7/3/19,41.2,7/29/19,69,6.6,0.011,NA,NA,NA,NA,26.18351189,20.61506974,15.72147694,16.59373547
O1O2G5,RVMA,M,23.49572,RVMA-EHMA,MA,N,41.674169,12 to 28,4/27/19,77,9.3,2.323917165,0.000249884,6/27/19,79,11.8,2.359215043,199.9334782,77,9.3,5/3/19,33.23,79,11.8,7/11/19,41.33,7/30/19,83,13.8,0.016,NA,NA,NA,NA,47.0277367,31.89777722,25.55966686,16.27356236
P1O2P6,OCME,F,18.06903,OCME-PEAME,ME,N,44.421147,12 to 28,4/27/19,59,5.5,2.245190281,0.000408216,NA,NA,NA,NA,NA,59,5.5,5/3/19,34.32,NA,NA,NA,NA,NA,NA,NA,NA,NA,NA,NA,NA,NA,NA,NA,NA
R4O5G6,OCME,F,18.06903,OCME-PEAME,ME,N,44.421147,12 to 28,4/27/19,75,10,2.964302834,0.00029643,NA,NA,NA,NA,NA,75,10,5/3/19,34.14,72,9.5,7/3/19,41.32,7/29/19,75,10.8,0.013,NA,NA,NA,NA,49.68993914,NA,24.53364749,27.83524125
G2R3R6,RVMA,M,23.49572,RVMA-EHMA,MA,N,41.674169,12 to 28,4/27/19,74,9.7,2.397954135,0.000247212,6/13/19,77,11.8,8.802563823,0.00074598,74,9.7,5/3/19,34.99,77,11.8,7/3/19,41.51,NA,NA,NA,NA,NA,NA,NA,NA,NA,NA,NA,NA
G3O5P6,EHMA,F,19.31422,RVMA-EHMA,MA,N,41.82633,12 to 28,4/27/19,76,11.6,3.819017121,0.000329226,6/13/19,74,11.2,5.571465145,0.000497452,76,11.6,5/3/19,34.54,74,11.2,7/3/19,41.6,7/26/19,75,11.7,0.016,NA,NA,NA,NA,47.08913154,33.89726725,24.85972904,15.26426195
P1G3P4,PENME,F,21.35523,PENME-DIME,ME,N,44.4663861,12 to 28,4/27/19,71,9.1,3.238299752,0.000355857,NA,NA,NA,NA,NA,71,9.1,5/3/19,32.86,NA,NA,NA,NA,NA,NA,NA,NA,NA,NA,NA,NA,NA,NA,NA,NA
G1O3G5,PENME,M,21.35523,PENME-DIME,ME,N,44.4663861,12 to 28,4/27/19,70,6.8,2.114109348,0.000310898,6/27/19,70,7.8,2.095240839,268.6206204,70,6.8,5/3/19,34.14,70,7.8,7/11/19,41.46,7/30/19,72,9.4,0.013,NA,NA,NA,NA,41.38410276,24.91708859,24.25918185,14.77856948
R2G3G5,PENME,F,21.35523,PENME-DIME,ME,N,44.4663861,12 to 28,4/27/19,81,12.4,3.056843046,0.00024652,NA,NA,NA,NA,NA,81,12.4,5/3/19,34.14,81,13.2,7/3/19,41.7,7/29/19,84,15.1,0.012,NA,NA,NA,NA,32.13563492,36.98772495,26.06867894,21.33277502
P1O3P4,EHMA,M,19.31422,RVMA-EHMA,MA,N,41.82633,12 to 28,4/27/19,75,13.1,3.992385363,0.000304762,6/13/19,79,12.8,8.57290413,0.000669758,75,13.1,5/3/19,35.83,79,12.8,7/2/19,41.8,7/26/19,84,15.2,0.015,NA,NA,NA,NA,45.15723263,49.26354702,41.37921282,35.86987404
P3G4O6,PEAME,F,15.63283,OCME-PEAME,ME,N,44.29059,12 to 28,4/27/19,71,8.8,2.650228054,0.000301162,6/14/19,71,9.6,6.223196711,0.00064825,71,8.8,5/3/19,34.37,71,9.6,7/3/19,41.45,NA,NA,NA,NA,NA,NA,NA,NA,NA,NA,NA,NA
R2G5G6,PEAME,M,15.63283,OCME-PEAME,ME,N,44.29059,12 to 28,4/27/19,71,7.8,1.949144291,0.00024989,6/27/19,72,7.6,1.735718983,228.3840767,71,7.8,5/3/19,34.14,72,7.6,7/11/19,41.26,7/30/19,73,8.4,0.009,NA,NA,NA,NA,30.52025873,21.2637087,12.2815927,9.665891628
G1O2P5,PEAME,M,15.63283,OCME-PEAME,ME,N,44.29059,12 to 28,4/27/19,62,5,2.104769817,0.000420954,6/27/19,64,5.9,1.645867759,278.9606371,62,5,5/3/19,34.86,64,5.9,7/11/19,41.48,7/30/19,69,6.4,0.007,NA,NA,NA,NA,22.67199639,17.57206442,8.037444707,7.031850205
P2O3O4,OCME,F,18.06903,OCME-PEAME,ME,N,44.421147,12 to 28,4/27/19,85,13.8,3.404909831,0.000246733,6/27/19,82,11.6,1.945988826,167.7576574,85,13.8,5/3/19,34.14,82,11.6,7/11/19,41.7,7/30/19,85,15.1,0.013,NA,NA,NA,NA,53.01199539,28.11378469,26.19977025,19.20119289
G2O3G6,DIME,M,16.92318,PENME-DIME,ME,N,44.165011,12 to 28,4/27/19,70,6.5,1.762291859,0.000271122,6/27/19,68,6.3,1.547076773,245.5677418,70,6.5,5/3/19,32.73,68,6.3,7/11/19,41.31,7/30/19,73,7.5,0.01,NA,NA,NA,NA,31.3064883,19.67564483,15.87330782,9.031408526
R3P4R6,DIME,M,16.92318,PENME-DIME,ME,N,44.165011,12 to 28,4/27/19,71,6.9,2.1297509,0.00030866,6/14/19,75,7.9,5.283546668,0.000668803,71,6.9,5/3/19,32.96,75,7.9,7/3/19,40.83,7/29/19,76,8.9,0.011,NA,NA,NA,NA,38.92805125,27.48950403,16.89792505,20.43071479
O1P4O6,OCME,M,18.06903,OCME-PEAME,ME,N,44.421147,12 to 28,5/1/19,64,5.5,1.582337043,287.6976442,6/14/19,62,6.2,5.92283253,0.000955296,64,5.5,5/8/19,34.14,62,6.2,7/3/19,41.27,7/29/19,66,7.6,0.008,NA,NA,NA,NA,21.93779011,19.98392539,14.83780576,14.8223364
G3R4O6,PENME,M,21.35523,PENME-DIME,ME,N,44.4663861,12 to 28,5/1/19,67,7,1.644376744,234.9109635,6/13/19,71,8.3,3.862929265,0.000465413,67,7,5/8/19,33.8,71,8.3,7/2/19,41.3,7/26/19,75,9.8,0.012,NA,NA,NA,NA,38.17687864,29.79342082,17.57068739,11.86568805
O2G3O5,RVMA,M,23.49572,RVMA-EHMA,MA,N,41.674169,12 to 28,5/1/19,73,9.3,1.438238046,154.6492523,6/13/19,76,10.3,5.860240021,0.000568955,73,9.3,5/8/19,35.1,76,10.3,7/2/19,41.69,7/26/19,82,14,0.019,NA,NA,NA,NA,55.43978247,51.20340009,34.66859117,42.96750749
P2R4O5,EHMA,M,19.31422,RVMA-EHMA,MA,N,41.82633,12 to 28,5/1/19,56,4.3,1.479258897,344.0136969,6/14/19,59,5.2,4.929900731,0.000948058,56,4.3,5/8/19,34.6,59,5.2,7/3/19,41.84,NA,NA,NA,NA,NA,NA,NA,NA,NA,NA,NA,NA
R1R2G4,OCME,F,18.06903,OCME-PEAME,ME,N,44.421147,12 to 28,5/1/19,60,5.4,1.682634972,311.5990688,NA,NA,NA,NA,NA,60,5.4,5/8/19,33.97,NA,NA,NA,NA,NA,NA,NA,NA,NA,NA,NA,NA,NA,NA,NA,NA
O2G4G6,EHMA,M,19.31422,RVMA-EHMA,MA,N,41.82633,12 to 28,5/1/19,57,4.3,1.298523422,301.9821911,6/14/19,59,5.3,3.470531647,0.000654817,57,4.3,5/8/19,33.72,59,5.3,7/3/19,41.4,NA,NA,NA,NA,NA,NA,NA,NA,NA,NA,NA,NA
R2R3O6,EHMA,M,19.31422,RVMA-EHMA,MA,N,41.82633,12 to 28,5/1/19,56,3.7,1.297400784,350.6488605,6/27/19,62,5.3,1.979664403,373.5215855,56,3.7,5/8/19,34.17,62,5.3,7/11/19,41.42,7/30/19,67,7.3,0.008,NA,NA,NA,NA,29.62209071,22.31513316,12.55740746,5.452437916
O1G2O5,EHMA,F,19.31422,RVMA-EHMA,MA,N,41.82633,12 to 28,5/1/19,61,5.5,1.789475411,325.3591656,6/27/19,64,10.1,2.025410753,200.5357181,61,5.5,5/8/19,34.62,64,10.1,7/11/19,41.77,NA,NA,NA,NA,NA,NA,NA,NA,NA,NA,NA,NA
R2R3R4,OCME,M,18.06903,OCME-PEAME,ME,N,44.421147,12 to 28,5/1/19,56,3.9,1.547932429,396.9057511,6/27/19,60,5,1.546554474,309.3108947,56,3.9,5/8/19,34.65,60,5,7/11/19,41.55,7/30/19,66,6.4,0.008,NA,NA,NA,NA,28.38260761,17.19306879,11.50493435,5.710651042
G2R4O6,OCME,M,18.06903,OCME-PEAME,ME,N,44.421147,12 to 28,5/1/19,61,5.2,1.321656577,254.1647264,6/13/19,63,5.7,6.28333508,0.001102339,61,5.2,5/8/19,33.54,63,5.7,7/3/19,40.9,7/26/19,64,6.2,0.008,NA,NA,NA,NA,46.28869245,29.46688267,10.79898259,7.413175731
P2R4P5,PEAME,M,15.63283,OCME-PEAME,ME,N,44.29059,12 to 28,5/1/19,67,6.5,1.62932768,250.6657969,6/13/19,67,6.6,3.767968321,0.000570904,67,6.5,5/8/19,33.86,67,6.6,7/3/19,41.31,7/29/19,70,7.6,0.007,NA,NA,NA,NA,27.40491385,17.81990206,11.84893544,16.21159177
P2G3O4,EHMA,F,19.31422,RVMA-EHMA,MA,N,41.82633,12 to 28,5/1/19,67,9.3,1.519019314,163.3354101,NA,NA,NA,NA,NA,67,9.3,5/8/19,34.73,NA,NA,NA,NA,NA,NA,NA,NA,NA,NA,NA,NA,NA,NA,NA,NA
R4R5P6,PEAME,F,15.63283,OCME-PEAME,ME,N,44.29059,12 to 28,5/1/19,69,8.9,1.549422356,174.0923996,6/13/19,70,10.3,6.468657584,0.000628025,69,8.9,5/8/19,34.09,70,10.3,7/2/19,41.16,7/26/19,73,10.1,0.007,NA,NA,NA,NA,47.56817896,36.02320248,20.40298887,16.21936171
O2G3O4,EHMA,F,19.31422,RVMA-EHMA,MA,N,41.82633,12 to 28,5/1/19,62,5.9,1.434836274,243.1925889,6/27/19,70,8.1,1.917685577,236.7513058,62,5.9,5/8/19,35.04,70,8.1,7/11/19,41.78,7/30/19,73,9.8,0.013,NA,NA,NA,NA,41.47077036,23.13273325,19.72062611,13.91224198
G1O4G5,DIME,M,16.92318,PENME-DIME,ME,N,44.165011,12 to 28,5/1/19,65,5.7,1.705472228,299.2056541,6/13/19,69,6.7,5.078902763,0.000758045,65,5.7,5/8/19,35.19,NA,NA,NA,NA,7/26/19,76,11.5,0.008,NA,NA,NA,NA,45.94681124,19.86866128,25.70359147,29.19091862
P2R3O5,RVMA,M,23.49572,RVMA-EHMA,MA,N,41.674169,12 to 28,5/1/19,65,6.3,1.348153697,213.9926504,6/13/19,67,6.5,1.989897855,0.000306138,65,6.3,5/8/19,33.74,67,6.5,7/2/19,41.88,7/26/19,72,7.9,0.01,NA,NA,NA,NA,43.60753491,35.03013264,19.81722042,18.35430131
G2O3G5,PEAME,M,15.63283,OCME-PEAME,ME,N,44.29059,12 to 28,5/1/19,66,6.5,1.67805948,258.162997,6/13/19,62,6.5,5.908438449,0.000908991,66,6.5,5/8/19,33.86,62,6.5,7/3/19,41.38,7/26/19,72,8.3,0.009,NA,NA,NA,NA,44.51786684,41.13905252,32.35813808,25.46772529
G1G3R6,RVMA,M,23.49572,RVMA-EHMA,MA,N,41.674169,12 to 28,5/1/19,63,6.1,1.59026696,260.6995017,6/27/19,68,7.9,1.583745462,200.4741092,63,6.1,5/8/19,35.21,68,7.9,7/11/19,42.08,7/30/19,75,10.1,0.014,NA,NA,NA,NA,47.04616241,23.57177902,17.64807517,12.77373425
O1P3P4,OCME,F,18.06903,OCME-PEAME,ME,N,44.421147,12 to 28,5/1/19,71,8.5,1.397718314,164.4374487,6/13/19,66,5,1.998685966,0.000399737,71,8.5,5/8/19,33.8,NA,NA,NA,NA,NA,NA,NA,NA,NA,NA,NA,NA,NA,NA,NA,NA
G1R2P5,NOC,M,27.10122,NJ,NJ,S,39.87,12 to 28,3/21/19,72,6.2,2.276732806,367.2149687,6/5/19,70,7.1,3.690232728,519.7510885,75,7.5,3/28/19,36.6,70,7.1,6/21/19,42.68,6/28/19,71,8,0.007,NA,NA,NA,NA,41.97886674,34.09264669,19.66127361,12.4385951
G1R4P6,OCE,M,30.57388,NJ,NJ,S,39.81,12 to 28,3/21/19,78,8.8,2.140488756,243.2373586,5/30/19,71,10.9,2.827998618,259.4494145,78,8.8,4/3/19,36.4,71,10.9,6/19/19,42.51,6/26/19,76,12,0.011,NA,NA,NA,NA,46.78227274,31.8823504,34.16070316,19.32346534
G2G3R5,NOC,F,27.10122,NJ,NJ,S,39.87,12 to 28,3/21/19,80,10,1.950754036,195.0754036,5/30/19,70,10.5,2.468312819,235.0774114,80,10,4/3/19,36,70,10.5,6/19/19,42.37,6/26/19,76,12,0.007,NA,NA,NA,NA,32.23384529,21.08191473,22.6334337,7.834364822
G2O4G6,NOC,M,27.10122,NJ,NJ,S,39.87,12 to 28,3/21/19,72,5.8,1.603597987,276.4824115,6/4/19,67,8.5,3.678938214,432.8162605,72,5.8,3/28/19,36.1,67,8.5,6/20/19,42.92,NA,NA,NA,NA,NA,NA,NA,NA,NA,NA,NA,NA
G2P4G5,SOC,F,27.17952,NJ,NJ,S,39.78,12 to 28,3/21/19,90,12.8,1.622288046,126.7412536,5/30/19,82,15.2,5.556808758,365.5795236,90,12.8,4/3/19,36.3,82,15.2,6/19/19,42.48,6/26/19,85,15.1,0.014,NA,NA,NA,NA,61.53887724,42.56742616,40.48079483,25.24571469
G4G5R6,NOC,M,27.10122,NJ,NJ,S,39.87,12 to 28,3/21/19,75,7.5,1.566653147,208.8870862,5/30/19,73,10.4,3.575923976,343.8388438,75,7.5,4/3/19,36.4,73,10.4,6/19/19,42.38,6/26/19,81,13.2,0.011,NA,NA,NA,NA,41.16192716,34.20187529,26.55621318,9.555873606
O1G3O6,NOC,F,27.10122,NJ,NJ,S,39.87,12 to 28,3/21/19,77,8.4,1.400107498,166.679464,6/5/19,62,9.2,4.304951888,467.929553,77,8.4,4/3/19,35.9,62,9.2,6/21/19,42.58,NA,NA,NA,NA,NA,NA,NA,NA,NA,NA,NA,NA
O1O2R5,NOC,F,27.10122,NJ,NJ,S,39.87,12 to 28,3/21/19,81,9,1.993549344,221.5054827,5/30/19,74,9.7,3.801622422,391.9198373,81,9,3/28/19,35.5,74,9.7,6/19/19,42.66,6/26/19,77,11.1,0.014,NA,NA,NA,NA,46.26439482,29.91230365,28.017668,8.236858092
O2O4R5,NOC,F,27.10122,NJ,NJ,S,39.87,12 to 28,3/21/19,85,10.6,2.03207848,191.7055169,6/5/19,74,11.2,6.382583324,569.8735111,85,10.6,3/28/19,36.5,74,11.2,6/21/19,42.6,NA,NA,NA,NA,NA,NA,NA,NA,NA,NA,NA,NA
P1G2R3,SOC,M,27.17952,NJ,NJ,S,39.78,12 to 28,3/21/19,75,7.3,2.467920725,338.0713323,5/30/19,72,9.6,4.799970749,499.9969531,75,7.3,4/3/19,35.7,72,9.6,6/19/19,42.6,6/26/19,77,11.2,0.014,NA,NA,NA,NA,52.93929634,35.10975847,29.01309281,14.72697659
P1G4G5,NOC,F,27.10122,NJ,NJ,S,39.87,12 to 28,3/21/19,91,13.8,2.740096715,198.557733,NA,NA,NA,NA,NA,91,13.8,3/28/19,36.3,79,14.4,6/21/19,42.6,6/28/19,81,16,0.014,NA,NA,NA,NA,48.50186563,39.04044851,28.37847122,15.64751056
P2O4G5,SOC,F,27.17952,NJ,NJ,S,39.78,12 to 28,3/21/19,75,7.5,2.922063512,389.6084682,6/5/19,71,9.6,4.074517678,424.4289248,75,7.5,3/28/19,36,71,9.6,6/21/19,42.57,6/28/19,71,10.8,0.009,NA,NA,NA,NA,46.21561771,25.13403136,22.78629037,12.89584516
R1G2P4,NOC,F,27.10122,NJ,NJ,S,39.87,12 to 28,3/21/19,80,9.2,2.059430695,223.8511624,5/30/19,68,10.5,4.05496584,386.1872229,80,9.2,3/28/19,35.9,68,10.5,6/19/19,42.28,6/26/19,70,9.7,0.012,NA,NA,NA,NA,45.30001888,16.34162483,32.80001933,19.38482602
R1G3R5,SOC,M,27.17952,NJ,NJ,S,39.78,12 to 28,3/21/19,78,8.3,1.468820133,176.9662811,NA,NA,NA,NA,NA,78,8.3,4/3/19,35,72,11.2,6/19/19,42.42,6/26/19,79,12.2,0.013,NA,NA,NA,NA,50.63701338,37.712644,40.56535257,23.87824103
R1O2P6,SOC,F,27.17952,NJ,NJ,S,39.78,12 to 28,3/21/19,94,16.4,3.395664493,207.052713,6/5/19,80,16.4,6.7325876,410.5236342,94,16.4,3/28/19,36.1,80,16.4,6/21/19,42.66,6/28/19,84,19.1,0.021,NA,NA,NA,NA,84.54722034,52.56140248,54.07390745,43.93015278
R3G5O6,OCE,M,30.57388,NJ,NJ,S,39.81,12 to 28,3/21/19,73,6.4,3.218408133,502.8762707,5/30/19,73,9,2.615324286,290.5915874,73,6.4,3/28/19,35.6,73,9,6/19/19,42.06,6/26/19,75,10.8,0.011,NA,NA,NA,NA,41.36851279,27.4624966,25.48697021,10.7986295
R3R5R6,SOC,M,27.17952,NJ,NJ,S,39.78,12 to 28,3/21/19,83,9.5,1.508669839,158.8073515,6/4/19,73,11.2,3.845140928,343.3161543,83,9.5,3/28/19,35.4,73,11.2,6/20/19,42.2,6/27/19,78,12.7,0.01,NA,NA,NA,NA,50.26663076,43.23118995,32.46707846,23.59892897
G1O2G6,OCE,F,30.57388,NJ,NJ,S,39.81,12 to 28,4/2/19,74,9.1,2.054763362,225.7981716,6/4/19,65,8.6,3.750369434,436.0894691,NA,NA,NA,NA,65,8.6,6/20/19,42.59,NA,NA,NA,NA,NA,NA,NA,NA,NA,NA,NA,NA
O1R2G5,OCE,M,30.57388,NJ,NJ,S,39.81,12 to 28,4/2/19,75,7.1,2.134547271,300.6404607,6/4/19,68,8.9,4.022226638,451.9355773,75,7.1,4/9/19,36.8,68,8.9,6/20/19,42.49,6/27/19,71,9.5,0.011,NA,NA,NA,NA,34.08229259,26.45321486,23.83114105,9.752747071
O2G5R6,OCE,M,30.57388,NJ,NJ,S,39.81,12 to 28,4/2/19,70,6.5,1.991800899,306.4309075,6/4/19,64,7.7,3.674841161,477.2520988,70,6.5,4/9/19,35.7,64,7.7,6/20/19,42.49,6/27/19,66,8.5,0.007,NA,NA,NA,NA,32.31629168,21.54864792,13.20237674,NA
O2R5R6,OCE,M,30.57388,NJ,NJ,S,39.81,12 to 28,4/2/19,75,7.2,2.803372956,389.357355,6/5/19,65,8.3,4.087850364,492.512092,75,7.2,4/9/19,36.4,65,8.3,6/21/19,42.06,6/28/19,67,9.1,0.009,NA,NA,NA,NA,39.49171636,43.19043799,19.45932701,21.37463412
O3G5R6,SOC,F,27.17952,NJ,NJ,S,39.78,12 to 28,4/2/19,81,10,3.574111298,357.4111298,6/4/19,72,12.2,3.211196707,263.2128448,81,10,4/9/19,36.6,72,12.2,6/20/19,42.79,6/27/19,82,13.4,0.012,NA,NA,NA,NA,83.08785268,31.74627003,22.30045954,11.9934885
O3O4G5,SOC,M,27.17952,NJ,NJ,S,39.78,12 to 28,4/2/19,89,11.9,2.81040283,236.168305,6/4/19,78,13,5.020075295,386.159638,89,11.9,4/9/19,35.4,78,13,6/20/19,42.62,NA,NA,NA,NA,NA,NA,NA,NA,NA,NA,NA,NA
O4O5R6,OCE,F,30.57388,NJ,NJ,S,39.81,12 to 28,4/2/19,95,15.9,3.458119806,217.4918117,6/5/19,84,15.7,5.566058249,354.5260031,95,15.9,4/9/19,36.4,84,15.7,6/21/19,42.35,6/28/19,86,15.5,0.02,NA,NA,NA,NA,61.91235077,47.207017,39.88696967,31.1358075
P1G5O6,SOC,F,27.17952,NJ,NJ,S,39.78,12 to 28,4/2/19,85,13.7,3.119926852,227.731887,6/5/19,72,11.8,4.560230577,386.4602184,85,13.7,4/9/19,35.8,NA,11,6/21/19,42.28,6/28/19,75,12.2,0.012,NA,NA,NA,NA,44.82732605,35.59343637,25.59139909,22.06167535
P1R3R5,OCE,F,30.57388,NJ,NJ,S,39.81,12 to 28,4/2/19,90,13.2,0.959753145,72.7085716,6/4/19,75,12,6.786195631,565.5163026,90,13.2,4/9/19,36.3,75,12,6/20/19,42.52,6/27/19,78,12.1,0.014,NA,NA,NA,NA,63.30751832,NA,37.88975518,24.63707615
P2R4G5,OCE,F,30.57388,NJ,NJ,S,39.81,12 to 28,4/2/19,82,10.6,3.123603701,294.6795944,6/4/19,72,11,4.176369543,379.6699584,82,10.6,4/9/19,35.5,72,11,6/20/19,42.4,6/27/19,78,11.8,0.013,NA,NA,NA,NA,40.86334983,32.67528473,33.99211324,26.64345124
R1R2R6,OCE,F,30.57388,NJ,NJ,S,39.81,12 to 28,4/2/19,75,7.6,1.866182283,245.5503004,5/30/19,68,8.7,3.096071549,355.870293,75,7.6,4/9/19,36.3,68,8.7,6/19/19,42.55,6/26/19,70,9.4,0.01,NA,NA,NA,NA,42.71285358,11.12215167,32.13833918,17.76778393
R1R3G6,OCE,M,30.57388,NJ,NJ,S,39.81,12 to 28,4/2/19,75,7.3,1.732613606,237.3443295,6/4/19,69,9.8,4.360143028,444.9125539,75,7.3,4/9/19,36.5,69,9.8,6/20/19,42.4,6/27/19,76,10.7,0.011,NA,NA,NA,NA,40.09142754,34.60974988,25.89656465,18.60311802
R1R5P6,SOC,M,27.17952,NJ,NJ,S,39.78,12 to 28,4/2/19,87,11.4,2.741538199,240.485807,6/4/19,76,12.3,4.878670213,396.6398547,87,11.4,4/9/19,35.4,76,12.3,6/20/19,42.33,NA,NA,NA,NA,NA,NA,NA,NA,NA,NA,NA,NA
R2O3O5,SOC,M,27.17952,NJ,NJ,S,39.78,12 to 28,4/2/19,74,7.6,1.740044479,228.9532209,6/4/19,67,8.5,2.656835267,312.568855,74,7.6,4/9/19,36.2,67,8.5,6/20/19,42.12,6/27/19,70,8.8,0.006,NA,NA,NA,NA,33.67053794,20.68004996,15.06607702,2.806099406
R2P4O5,OCE,M,30.57388,NJ,NJ,S,39.81,12 to 28,4/2/19,76,8.6,2.228479346,259.1255054,NA,NA,NA,NA,NA,NA,NA,NA,NA,NA,NA,NA,NA,NA,NA,NA,NA,NA,NA,NA,NA,NA,NA,NA,NA
G1O3G6,PENME,M,21.35523,PENME-DIME,ME,N,44.4663861,28 to 12,6/18/19,70,7.4,1.12023651,151.3833122,4/10/19,68,6.7,5.161849223,0.000770425,70,7.4,7/8/19,36.07,68,6.7,5/13/19,40.86,8/1/19,72,8.6,0.012,48.19348694,17.78570936,24.679854,22.7015271,NA,NA,NA,NA
R3P4G5,PENME,F,21.35523,PENME-DIME,ME,N,44.4663861,28 to 12,6/18/19,78,11.1,1.629317026,146.7853176,4/23/19,76,11.8,5.009367657,0.000424523,78,11.1,7/8/19,34.79,76,11.8,4/30/19,41.27,8/1/19,80,12.4,0.016,49.30874449,36.35002291,29.92629821,27.89982072,NA,NA,NA,NA
O2R3G6,DIME,F,16.92318,PENME-DIME,ME,N,44.165011,28 to 12,6/18/19,80,11.1,1.283602612,115.639875,4/25/19,75,11.2,6.311772045,0.000563551,80,11.1,7/8/19,35.19,75,11.2,5/2/19,41.63,NA,NA,NA,NA,NA,NA,NA,NA,NA,NA,NA,NA
P3O5G6,PEAME,F,15.63283,OCME-PEAME,ME,N,44.29059,28 to 12,6/18/19,68,7.7,1.165039035,151.3037707,4/23/19,69,7.8,4.164083708,0.000533857,68,7.7,7/8/19,35.8,69,7.8,4/30/19,41.51,7/31/19,72,8.7,0.015,28.10649898,21.94088834,20.9849104,18.66762668,NA,NA,NA,NA
G1P2O3,PEAME,M,15.63283,OCME-PEAME,ME,N,44.29059,28 to 12,6/18/19,68,7,1.186002355,169.4289079,4/25/19,67,6.6,4.963909096,0.000752107,68,7,7/8/19,36.49,67,6.6,5/2/19,40.96,7/31/19,69,7.8,0.01,21.23973348,7.020798633,25.21599482,17.53555906,NA,NA,NA,NA
G2R3G6,RVMA,F,23.49572,RVMA-EHMA,MA,N,41.674169,28 to 12,6/18/19,65,7.1,1.397436119,196.8219886,4/28/19,65,6.7,3.832629558,0.000572034,65,7.1,7/8/19,35.89,NA,NA,NA,NA,8/1/19,71,8.3,0.012,46.80688425,30.95574299,26.63483193,25.60754988,NA,NA,NA,NA
P1O3G4,PENME,F,21.35523,PENME-DIME,ME,N,44.4663861,28 to 12,6/18/19,73,8.9,1.3100426,147.1957977,4/25/19,71,9.1,7.474865093,0.000821414,73,8.9,7/8/19,35.86,71,9.1,5/2/19,41.63,7/31/19,75,9.5,0.014,37.04039966,29.21436437,28.41230909,28.42804757,NA,NA,NA,NA
G1O4P5,OCME,F,18.06903,OCME-PEAME,ME,N,44.421147,28 to 12,6/18/19,80,10.7,1.289857428,120.5474232,4/10/19,77,10.7,8.992999,0.000840467,80,10.7,7/8/19,35.3,77,10.7,5/13/19,41.31,8/1/19,83,11.7,0.019,41.68375607,28.93861126,28.76310344,31.91219742,NA,NA,NA,NA
O1G2G3,PENME,M,21.35523,PENME-DIME,ME,N,44.4663861,28 to 12,6/18/19,70,8,1.250471008,156.308876,4/10/19,69,7,6.840879593,0.000977269,70,8,7/8/19,34.47,69,7,5/13/19,41.31,7/31/19,74,9.5,0.012,24.52739144,24.52666259,20.13731051,8.619399241,NA,NA,NA,NA
O2O5R6,EHMA,F,19.31422,RVMA-EHMA,MA,N,41.82633,28 to 12,6/18/19,64,6,1.171539226,195.2565377,4/23/19,62,5.5,2.569642649,0.000467208,64,6,7/8/19,36.21,62,5.5,5/2/19,41.64,7/31/19,65,6.4,0.01,22.1682966,15.18582831,18.69351596,16.81818564,NA,NA,NA,NA
G2O3O6,DIME,M,16.92318,PENME-DIME,ME,N,44.165011,28 to 12,6/18/19,71,6.6,1.156450359,175.2197513,4/10/19,65,5.6,3.810659597,0.000680475,71,6.6,7/9/19,36.46,65,5.6,5/13/19,41.12,8/1/19,71,7.1,0.008,28.59551062,19.74276615,14.63635176,20.33559675,NA,NA,NA,NA
G1G2R4,OCME,M,18.06903,OCME-PEAME,ME,N,44.421147,28 to 12,6/18/19,68,6.2,1.096839569,176.9096078,4/25/19,66,6.1,5.326249223,0.000873156,68,6.2,7/8/19,36.28,66,6.1,5/2/19,41.45,7/31/19,67,7.1,0.01,20.42313793,21.7892409,22.07998715,23.36292271,NA,NA,NA,NA
P1G3O5,DIME,M,16.92318,PENME-DIME,ME,N,44.165011,28 to 12,6/18/19,66,5.5,1.13850369,207.0006708,4/25/19,62,5.4,4.15251567,0.000768984,66,5.5,7/8/19,36.12,62,5.4,5/2/19,41.44,7/31/19,65,6.8,0.007,22.17045817,23.25445918,25.90995712,24.60062045,NA,NA,NA,NA
G1O4O5,RVMA,M,23.49572,RVMA-EHMA,MA,N,41.674169,28 to 12,6/18/19,78,11.8,1.532979221,129.9134933,4/10/19,76,9.4,6.581540284,0.000700164,78,11.8,7/8/19,35.39,76,9.4,5/13/19,41.12,7/31/19,83,14.1,0.017,39.08905485,32.71423438,34.23481421,36.93699215,NA,NA,NA,NA
P4G5G6,EHMA,M,19.31422,RVMA-EHMA,MA,N,41.82633,28 to 12,6/18/19,82,13.3,1.531812915,115.1739034,4/25/19,80,13.4,7.4744554,0.000557795,82,13.3,7/8/19,37.5,80,13.4,5/2/19,42.07,8/1/19,82,14,0.023,53.21677017,47.53106626,32.14849813,33.81277976,NA,NA,NA,NA
R2G5O6,PENME,F,21.35523,PENME-DIME,ME,N,44.4663861,28 to 12,6/18/19,81,10,1.250869332,125.0869332,4/25/19,74,11.4,6.414339688,0.000562661,81,10,7/8/19,35.5,74,11.4,5/2/19,41.22,8/1/19,82,10.6,0.016,31.55551834,24.1073455,16.31400706,29.05559639,NA,NA,NA,NA
R1G3P6,DIME,M,16.92318,PENME-DIME,ME,N,44.165011,28 to 12,6/18/19,72,7.6,1.295648605,170.4800795,4/28/19,72,7.1,3.493087132,0.000491984,72,7.6,7/8/19,36.09,72,7.1,5/13/19,41.18,7/31/19,79,8.6,0.011,36.59335364,19.30668646,19.83670894,17.66834001,NA,NA,NA,NA
R3G5P6,EHMA,F,19.31422,RVMA-EHMA,MA,N,41.82633,28 to 12,6/19/19,86,15.5,1.522521097,98.22716753,4/25/19,85,15.6,7.261143503,0.000465458,86,15.5,7/9/19,37.2,85,15.6,5/2/19,41.96,8/1/19,90,16.7,0.026,66.61081457,34.78527077,42.66829684,42.05451358,NA,NA,NA,NA
G1O3R4,DIME,F,16.92318,PENME-DIME,ME,N,44.165011,28 to 12,6/19/19,83,11.8,1.277881559,108.2950474,4/25/19,80,13.2,6.448929243,0.000488555,83,11.8,7/9/19,37.1,80,13.2,5/2/19,40.73,8/1/19,86,12.9,0.016,51.54531771,30.43791042,30.7779431,24.77273007,NA,NA,NA,NA
R2O5G6,DIME,F,16.92318,PENME-DIME,ME,N,44.165011,28 to 12,6/19/19,94,15,1.310856728,87.3904485,4/25/19,92,16.1,7.431420523,0.000461579,94,15,7/8/19,36.78,92,16.1,5/2/19,41.6,8/1/19,92,17.4,0.029,70.95574228,35.52415554,36.60944887,37.64881107,NA,NA,NA,NA
G2P3P4,PEAME,F,15.63283,OCME-PEAME,ME,N,44.29059,28 to 12,6/19/19,75,8.1,1.121382069,138.4422307,4/25/19,71,8.1,4.341456906,0.000535982,75,8.1,7/8/19,37.46,71,8.1,5/2/19,41.45,7/31/19,77,8.9,0.01,24.67806154,22.03049584,24.95103844,23.90844249,NA,NA,NA,NA
G3G5G6,PEAME,M,15.63283,OCME-PEAME,ME,N,44.29059,28 to 12,6/19/19,71,7,1.109793391,158.5419131,4/23/19,68,6.7,4.811156208,0.000718083,71,7,7/8/19,36.78,68,6.7,4/30/19,41.13,7/31/19,72,7.5,0.013,27.17092555,20.09707703,22.58642699,14.83118895,NA,NA,NA,NA
O1R2G3,EHMA,F,19.31422,RVMA-EHMA,MA,N,41.82633,28 to 12,6/19/19,57,6.5,1.222127803,188.019662,NA,NA,NA,NA,NA,57,6.5,7/8/19,36.55,NA,NA,NA,NA,7/31/19,63,7.5,0.008,26.12804271,21.48441863,21.22318854,22.48262168,NA,NA,NA,NA
P3G5R6,OCME,F,18.06903,OCME-PEAME,ME,N,44.421147,28 to 12,6/19/19,75,9.8,1.475975041,150.6096981,4/10/19,73,9.5,6.843994891,0.000720421,75,9.8,7/8/19,34.96,73,9.5,5/13/19,41.21,7/31/19,76,10.9,0.012,41.30766954,27.6526081,28.0390773,28.02225028,NA,NA,NA,NA
R1G4R6,RVMA,F,23.49572,RVMA-EHMA,MA,N,41.674169,28 to 12,6/19/19,81,11.8,1.643758713,139.3015858,4/10/19,78,11.8,8.68873899,0.000736334,81,11.8,7/8/19,36.86,78,11.8,5/13/19,41.96,8/1/19,81,12.8,0.018,58.67513908,38.40385897,33.75284424,32.0496879,NA,NA,NA,NA
G1O2P6,PEAME,F,15.63283,OCME-PEAME,ME,N,44.29059,28 to 12,6/19/19,72,7.4,1.094080792,147.8487557,4/25/19,67,7.9,4.020391915,0.00050891,72,7.4,7/8/19,36.33,67,7.9,5/2/19,41.74,7/31/19,75,8.9,0.011,27.40706591,18.91285648,25.19487593,24.56088694,NA,NA,NA,NA
O2R5P6,OCME,M,18.06903,OCME-PEAME,ME,N,44.421147,28 to 12,6/19/19,55,3.6,0.925277352,257.0214866,NA,NA,NA,NA,NA,55,3.6,7/9/19,33.75,NA,NA,NA,NA,8/1/19,59,4,0.008,24.21108201,17.06641366,14.05416303,13.34478585,NA,NA,NA,NA
O1G5R6,EHMA,M,19.31422,RVMA-EHMA,MA,N,41.82633,28 to 12,6/19/19,75,9.5,1.34130752,141.1902653,4/28/19,67,8.2,6.40695122,0.000781336,75,9.5,7/9/19,36.83,67,8.2,5/13/19,41.62,8/1/19,73,11,0.015,40.57768932,32.20901284,25.19355694,23.33514014,NA,NA,NA,NA
G2O4P5,RVMA,M,23.49572,RVMA-EHMA,MA,N,41.674169,28 to 12,6/19/19,69,6.4,1.195395365,186.7805257,4/28/19,66,6.7,4.886483017,0.000729326,69,6.4,7/8/19,36.55,NA,NA,NA,NA,7/31/19,69,7.1,0.012,26.64523145,25.67380378,28.40972998,28.26936742,NA,NA,NA,NA
R4R5G6,RVMA,F,23.49572,RVMA-EHMA,MA,N,41.674169,28 to 12,6/19/19,82,14.4,1.60739942,111.6249597,4/28/19,76,14.9,6.642726162,0.000445821,82,14.4,7/8/19,37.07,76,14.9,5/10/19,41.61,7/31/19,84,17.3,0.029,62.86867128,42.37556331,NA,44.96570705,NA,NA,NA,NA
O2P4G5,RVMA,M,23.49572,RVMA-EHMA,MA,N,41.674169,28 to 12,6/19/19,75,10.5,1.442484265,137.3794538,4/23/19,72,10.1,4.903482114,0.000485493,75,10.5,7/9/19,36.19,72,10.1,4/30/19,41.57,8/1/19,76,11.3,0.023,32.81755679,29.77477987,25.03473668,26.70835642,NA,NA,NA,NA
G3G4O5,OCME,M,18.06903,OCME-PEAME,ME,N,44.421147,28 to 12,6/19/19,65,6.3,1.142949983,181.4206322,4/28/19,63,6.2,3.881845506,0.000626104,65,6.3,7/8/19,34.85,63,6.2,5/13/19,41.29,7/31/19,66,7,0.012,30.54136861,12.41681165,22.46444129,19.35921768,NA,NA,NA,NA
G1G3G6,DIME,M,16.92318,PENME-DIME,ME,N,44.165011,28 to 12,6/19/19,79,8.7,1.289387347,148.2054421,4/10/19,74,7.5,5.848118439,0.000779749,79,8.7,7/9/19,35.22,74,7.5,5/13/19,41.09,8/1/19,78,9.6,0.014,38.36444131,23.62766022,30.1950041,29.68115482,NA,NA,NA,NA
O1O5G6,DIME,F,16.92318,PENME-DIME,ME,N,44.165011,28 to 12,6/19/19,61,5,1.09586511,219.1730221,4/28/19,61,5,5.44200311,0.001088401,61,5,7/9/19,35.75,NA,NA,NA,NA,8/1/19,66,5.6,0.01,26.90467254,11.65278205,13.32335649,14.0514439,NA,NA,NA,NA
O2O3G4,DIME,M,16.92318,PENME-DIME,ME,N,44.165011,28 to 12,6/19/19,70,6.3,1.182643627,187.7212106,4/23/19,66,5.7,2.874790677,0.000504349,70,6.3,7/8/19,36.59,66,5.7,4/30/19,41.25,7/31/19,71,7.4,0.012,26.37426788,16.72042975,23.54476412,23.89261206,NA,NA,NA,NA
P2O4R6,OCME,M,18.06903,OCME-PEAME,ME,N,44.421147,28 to 12,6/20/19,73,9.1,1.233407494,135.539285,4/23/19,76,8.6,5.256732696,0.000611248,73,9.1,7/9/19,35.27,76,8.6,4/30/19,40.73,8/5/19,77,9.5,0.019,36.16412066,24.24838168,22.55332909,22.44142366,NA,NA,NA,NA
G3P4G5,RVMA,M,23.49572,RVMA-EHMA,MA,N,41.674169,28 to 12,6/20/19,79,10.9,1.26894792,116.4172403,4/23/19,72,9,3.526813002,0.000391868,79,10.9,7/9/19,36.86,72,9,4/30/19,41.49,8/5/19,82,11,0.014,38.44513251,NA,26.57445085,24.45604646,NA,NA,NA,NA
G1G2G4,RVMA,F,23.49572,RVMA-EHMA,MA,N,41.674169,28 to 12,6/20/19,76,11.6,1.338949497,115.4266808,4/23/19,68,9.1,4.372169337,0.000480458,76,11.6,7/9/19,35.42,68,9.1,4/30/19,41.93,8/5/19,76,11.5,0.012,35.6828465,20.21590802,18.5610743,25.52717711,NA,NA,NA,NA
P1P2R4,EHMA,F,19.31422,RVMA-EHMA,MA,N,41.82633,28 to 12,6/20/19,68,8.2,1.29450143,157.8660281,4/10/19,67,8.3,6.545608688,0.000788628,68,8.2,7/9/19,36.97,67,8.3,5/13/19,41.43,8/5/19,71,9.3,0.012,32.45854583,23.62735778,19.44645428,19.01155209,NA,NA,NA,NA
P2R3G6,DIME,M,16.92318,PENME-DIME,ME,N,44.165011,28 to 12,6/20/19,77,9.5,1.290768369,135.8703546,4/25/19,73,9,4.666587128,0.00051851,77,9.5,7/9/19,36.21,73,9,5/2/19,41.05,8/5/19,78,10.8,0.013,34.13308452,39.63247184,23.60039077,22.40281071,NA,NA,NA,NA
O1P2G5,OCME,M,18.06903,OCME-PEAME,ME,N,44.421147,28 to 12,6/20/19,59,4.9,1.218855673,248.7460558,NA,NA,NA,NA,NA,59,4.9,7/9/19,36.13,NA,NA,NA,NA,8/5/19,61,5.4,0.007,16.53681446,10.83112014,7.764410512,9.422911796,NA,NA,NA,NA
O1R5P6,PEAME,F,15.63283,OCME-PEAME,ME,N,44.29059,28 to 12,6/20/19,71,8.5,1.240087317,145.8926255,4/25/19,69,8.3,5.527154724,0.000665922,71,8.5,7/9/19,34.79,69,8.3,5/2/19,41.37,8/5/19,74,7.1,0.013,29.66268739,9.73335482,20.62637031,11.56412634,NA,NA,NA,NA
P4G5R6,PEAME,M,15.63283,OCME-PEAME,ME,N,44.29059,28 to 12,6/20/19,65,5.6,1.216181808,217.1753229,4/10/19,62,5,4.132116018,0.000826423,65,5.6,7/9/19,35.43,62,5,5/13/19,41.14,8/5/19,66,6.3,0.007,17.5651061,7.290534129,12.97681478,11.10932513,NA,NA,NA,NA
G1G2P3,PEAME,M,15.63283,OCME-PEAME,ME,N,44.29059,28 to 12,6/20/19,67,7.6,1.233870868,162.35143,4/28/19,65,5.9,2.881582192,0.000488404,67,7.6,7/9/19,35.04,65,5.9,5/13/19,41.45,8/5/19,70,7.7,0.011,33.04534616,12.06120237,19.04216858,16.80320348,NA,NA,NA,NA
O1R2O5,PENME,F,21.35523,PENME-DIME,ME,N,44.4663861,28 to 12,6/20/19,74,9.8,1.255493102,128.1115411,4/10/19,74,10.5,8.981107789,0.000855344,74,9.8,7/9/19,35.84,74,10.5,5/13/19,41.29,8/5/19,76,10.6,0.013,39.75742691,23.55271612,17.10704454,19.86221555,NA,NA,NA,NA
P2G4G5,PENME,F,21.35523,PENME-DIME,ME,N,44.4663861,28 to 12,6/20/19,70,8.1,1.08064143,133.4125222,4/23/19,66,7.4,3.371001334,0.000455541,70,8.1,7/9/19,36.57,66,7.4,4/30/19,41.34,8/5/19,72,8.2,0.013,28.42144159,5.226575876,20.40860139,16.39274929,NA,NA,NA,NA
O2R5O6,PEAME,M,15.63283,OCME-PEAME,ME,N,44.29059,28 to 12,6/20/19,63,4.8,1.175245466,244.8428054,4/23/19,63,4.7,2.375104426,0.000505341,63,4.8,7/9/19,36.8,63,4.7,4/30/19,41.25,8/1/19,61,6,0.007,22.09043941,17.83781587,15.11565335,14.58949505,NA,NA,NA,NA
G2G3G4,EHMA,F,19.31422,RVMA-EHMA,MA,N,41.82633,28 to 12,6/20/19,72,8.9,1.387996945,155.954713,4/23/19,70,8.9,4.506076559,0.000506301,72,8.9,7/9/19,36.64,70,8.9,4/30/19,41.71,8/5/19,75,10,0.013,34.09906508,NA,19.92938192,17.5831457,NA,NA,NA,NA
P1O4G5,PEAME,F,15.63283,OCME-PEAME,ME,N,44.29059,28 to 12,6/20/19,72,8.9,1.346395903,151.2804385,4/25/19,70,10.6,5.85158998,0.000552037,72,8.9,7/9/19,36.21,70,10.6,5/2/19,41.51,8/5/19,76,9.5,0.011,26.45778907,24.11603974,20.48313598,15.95551739,NA,NA,NA,NA
P1P2G5,EHMA,M,19.31422,RVMA-EHMA,MA,N,41.82633,28 to 12,6/20/19,71,8.2,1.146323448,139.7955425,4/28/19,66,7.2,4.328280457,0.00060115,71,8.2,7/9/19,36.1,66,7.2,5/13/19,41.06,8/5/19,74,9.6,0.01,30.97303026,21.80359887,19.96348932,18.47114905,NA,NA,NA,NA
R1R3P5,OCME,M,18.06903,OCME-PEAME,ME,N,44.421147,28 to 12,6/20/19,59,4.1,1.037743572,253.1081883,4/10/19,58,3.4,3.426528777,0.001007803,59,4.1,7/9/19,36.21,58,3.4,5/13/19,41.51,8/5/19,66,4.6,0.01,17.92442861,13.60734217,9.715712251,10.74796761,NA,NA,NA,NA
G2P3R5,RVMA,M,23.49572,RVMA-EHMA,MA,N,41.674169,28 to 12,6/20/19,66,6.3,1.26977526,201.5516286,4/23/19,63,5.9,3.422130475,0.000580022,66,6.3,7/9/19,36.3,63,5.9,4/30/19,41.81,8/5/19,61,7.1,0.008,28.6876804,NA,20.37797945,16.5267256,NA,NA,NA,NA
G1O2G5,PENME,F,21.35523,PENME-DIME,ME,N,44.4663861,28 to 12,6/20/19,66,6.2,1.174970868,189.5114303,4/23/19,63,6.3,3.576962255,0.000567772,66,6.2,7/9/19,35.76,63,6.3,4/30/19,41.12,8/5/19,68,7.1,0.006,31.0163648,30.57368777,12.22275778,12.91098372,NA,NA,NA,NA
R1O5O6,EHMA,M,19.31422,RVMA-EHMA,MA,N,41.82633,28 to 12,6/20/19,60,4.8,0.950476644,198.0159675,NA,NA,NA,NA,NA,60,4.8,7/9/19,36.05,NA,NA,NA,NA,8/5/19,62,5.3,0.006,22.82663802,NA,14.33719947,11.9319979,NA,NA,NA,NA
G2G3R6,OCME,F,18.06903,OCME-PEAME,ME,N,44.421147,28 to 12,6/20/19,59,4.5,1.161007717,258.001715,4/25/19,56,4.1,3.725823523,0.000908737,59,4.5,7/9/19,36.11,56,4.1,4/30/19,41.33,8/5/19,61,5,0.007,18.2269469,NA,8.128986679,9.277332149,NA,NA,NA,NA
O1G4P6,PEAME,F,15.63283,OCME-PEAME,ME,N,44.29059,28 to 12,6/21/19,74,8,1.169200969,146.1501212,5/2/19,61,5.1,2.72597136,534.5041883,74,8,7/10/19,34.46,61,5.1,5/9/19,41.3,8/6/19,75,9.3,0.015,41.42421164,NA,28.71389917,23.83486844,NA,NA,NA,NA
R3R5O6,PENME,F,21.35523,PENME-DIME,ME,N,44.4663861,28 to 12,6/21/19,80,10.5,1.498268249,142.6922142,4/30/19,76,9,4.615428971,0.000512825,80,10.5,7/10/19,34.04,76,9,5/6/19,41.03,8/7/19,80,11.9,0.02,37.5617468,25.73494431,NA,NA,NA,NA,NA,NA
O2G3P5,PEAME,F,15.63283,OCME-PEAME,ME,N,44.29059,28 to 12,6/21/19,72,9.5,1.561421248,164.3601313,5/2/19,71,8.5,2.466679262,290.1975602,72,9.5,7/10/19,35.65,71,8.5,5/9/19,41.43,8/6/19,74,10.3,0.011,36.11022482,33.88144681,51.87396023,27.62687585,NA,NA,NA,NA
R2O3P4,OCME,F,18.06903,OCME-PEAME,ME,N,44.421147,28 to 12,6/21/19,67,8.1,1.308608652,161.5566238,4/30/19,66,6,3.511390799,0.000585232,67,8.1,7/10/19,35.45,66,6,5/6/19,41.62,8/6/19,71,8.3,0.011,26.24245744,NA,26.76971346,19.53951949,NA,NA,NA,NA
R2P4R6,OCME,M,18.06903,OCME-PEAME,ME,N,44.421147,28 to 12,6/21/19,63,5.8,1.065425644,183.6940765,5/3/19,64,5.1,2.116283717,414.9575915,63,5.8,7/10/19,35.19,64,5.1,5/10/19,41.35,8/6/19,64,5.6,0.007,23.91733667,21.76863132,20.68898338,3.882462658,NA,NA,NA,NA
G1R3O5,RVMA,M,23.49572,RVMA-EHMA,MA,N,41.674169,28 to 12,6/21/19,80,13.6,1.658689594,121.9624702,5/2/19,80,12.3,2.070225671,168.3110301,80,13.6,7/10/19,36.2,80,12.3,5/9/19,41.46,8/6/19,70,14.2,0.025,45.13861364,NA,47.6091696,40.75838219,NA,NA,NA,NA
G1O4R6,PENME,F,21.35523,PENME-DIME,ME,N,44.4663861,28 to 12,6/21/19,75,10,1.573902499,157.3902499,5/3/19,77,11.6,3.041006544,262.1557366,75,10,7/10/19,35.31,77,11.6,5/10/19,41.25,8/7/19,78,11.2,0.019,39.8676325,31.88595511,30.615026,NA,NA,NA,NA,NA
G1G3P5,DIME,M,16.92318,PENME-DIME,ME,N,44.165011,28 to 12,6/21/19,67,6.9,1.383537915,200.5127413,5/3/19,65,6.2,2.590891587,417.8857399,67,6.9,7/10/19,35.07,65,6.2,5/10/19,41.48,8/6/19,71,7.7,0.012,60.55050714,36.98962694,31.66584032,25.0840475,NA,NA,NA,NA
O1O3O6,PENME,M,21.35523,PENME-DIME,ME,N,44.4663861,28 to 12,6/21/19,75,10.7,1.43235241,133.8647112,5/2/19,75,9.6,2.76985767,288.5268406,75,10.7,7/10/19,36.35,75,9.6,5/9/19,41.55,8/7/19,79,11.5,0.014,40.63009972,33.79190465,32.21900402,29.5736551,NA,NA,NA,NA
O2R3G5,OCME,M,18.06903,OCME-PEAME,ME,N,44.421147,28 to 12,6/21/19,66,6,1.482162577,247.0270961,5/3/19,67,5.4,2.111783704,391.0710563,66,6,7/10/19,35.35,67,5.4,5/10/19,40.89,8/6/19,68,7.2,0.01,38.66502838,NA,26.07097604,22.45208419,NA,NA,NA,NA
G1O2P3,OCME,M,18.06903,OCME-PEAME,ME,N,44.421147,28 to 12,6/21/19,58,4.1,1.201141768,292.9614067,NA,NA,NA,NA,NA,58,4.1,7/10/19,34.92,55,3.5,5/10/19,41.14,8/6/19,59,4,0.008,24.09511684,20.53982087,18.96889766,11.79574213,NA,NA,NA,NA
P2G3G4,OCME,M,18.06903,OCME-PEAME,ME,N,44.421147,28 to 12,6/21/19,64,5.9,1.290760621,218.7729867,5/2/19,60,4.9,2.297192213,468.8147374,64,5.9,7/10/19,35.11,60,4.9,5/9/19,41.06,8/7/19,64,6.3,0.007,26.77053748,14.49565182,16.63127929,13.88183747,NA,NA,NA,NA
R2P3G5,RVMA,M,23.49572,RVMA-EHMA,MA,N,41.674169,28 to 12,6/21/19,74,9.9,1.445163317,145.9760927,4/28/19,69,8.3,4.838928677,0.000583003,74,9.9,7/10/19,36.89,69,8.3,5/6/19,41.18,8/6/19,74,9.8,0.013,28.21883406,31.16413616,32.74600652,26.71160707,NA,NA,NA,NA
P3G5O6,PENME,F,21.35523,PENME-DIME,ME,N,44.4663861,28 to 12,6/21/19,80,10.5,1.552696363,147.8758441,4/30/19,75,9.2,4.544023702,0.000493916,80,10.5,7/10/19,36,75,9.2,5/6/19,40.78,8/7/19,69,7.7,0.017,31.36471421,22.75055268,24.33796507,26.10992791,NA,NA,NA,NA
G1G3O6,RVMA,M,23.49572,RVMA-EHMA,MA,N,41.674169,28 to 12,6/21/19,74,9.8,1.314258759,134.1080366,5/2/19,72,9.1,2.245982633,246.8112784,74,9.8,7/10/19,36.2,72,9.1,5/9/19,41.38,8/7/19,73,10.2,0.014,32.31274194,22.4357345,25.84513679,23.43619655,NA,NA,NA,NA
R2G3P4,PENME,M,21.35523,PENME-DIME,ME,N,44.4663861,28 to 12,6/21/19,74,7.5,1.236673121,164.8897494,5/2/19,70,6.4,2.594039909,405.3187358,74,7.5,7/10/19,35.78,70,6.4,5/9/19,41.32,8/6/19,71,8.1,0.01,27.73762556,22.52417123,26.22842611,21.28462075,NA,NA,NA,NA
G3R4O5,DIME,M,16.92318,PENME-DIME,ME,N,44.165011,28 to 12,6/21/19,81,10.6,1.808751878,170.6369697,4/30/19,80,9,4.66133938,0.000517927,81,10.6,7/10/19,35.67,80,9,5/6/19,41.16,8/7/19,81,11.5,0.02,44.94308615,32.79105542,33.11840797,32.44160434,NA,NA,NA,NA
G2R5G6,PENME,F,21.35523,PENME-DIME,ME,N,44.4663861,28 to 12,6/21/19,75,8.9,1.349995439,151.6848808,4/30/19,68,7.4,3.134839869,0.000423627,75,8.9,7/10/19,35.27,68,7.4,5/6/19,41.3,8/6/19,72,9.1,0.011,28.75457975,21.92833124,20.43687185,21.55368087,NA,NA,NA,NA
O3P4G6,PEAME,M,15.63283,OCME-PEAME,ME,N,44.29059,28 to 12,6/21/19,68,6.8,1.395372204,205.2017948,4/30/19,69,5.8,2.6170038,0.000451208,68,6.8,7/10/19,36,69,5.8,5/6/19,41.33,8/6/19,66,6.7,0.008,33.77440799,NA,21.46187537,14.64667737,NA,NA,NA,NA
R1P5O6,PEAME,F,15.63283,OCME-PEAME,ME,N,44.29059,28 to 12,6/24/19,71,7.9,2.013344174,254.8536929,5/3/19,74,8.6,2.777517984,322.9672074,71,7.9,7/10/19,36.21,74,8.6,5/10/19,41.76,8/6/19,74,8.6,0.01,30.78757141,23.30182631,28.99085256,26.603147,NA,NA,NA,NA
G3O4R5,PENME,M,21.35523,PENME-DIME,ME,N,44.4663861,28 to 12,6/24/19,80,10.5,1.669743611,159.023201,5/2/19,77,10.6,2.745174376,258.9787147,80,10.5,7/10/19,35.76,77,10.6,5/10/19,41.43,8/7/19,79,11.5,0.017,49.76995853,28.9785964,33.6981948,29.10700588,NA,NA,NA,NA
G2P5P6,RVMA,F,23.49572,RVMA-EHMA,MA,N,41.674169,28 to 12,6/24/19,70,8.3,1.574738145,189.7274873,5/3/19,70,8.9,2.685686247,301.7624997,70,8.3,7/10/19,35.64,70,8.9,5/10/19,41.57,8/6/19,71,9.4,0.011,46.60417171,31.13825256,21.117587,18.89706986,NA,NA,NA,NA
O4O5O6,RVMA,F,23.49572,RVMA-EHMA,MA,N,41.674169,28 to 12,6/24/19,77,8.7,2.135215423,245.4270601,4/30/19,71,7.9,4.500127254,0.000569636,77,8.7,7/10/19,36.93,71,7.9,5/6/19,42.05,8/6/19,77,9.4,0.015,39.79132139,NA,36.63197746,19.08856457,NA,NA,NA,NA
R1O2P3,RVMA,F,23.49572,RVMA-EHMA,MA,N,41.674169,28 to 12,6/24/19,67,7.8,1.669155736,213.9943252,4/30/19,62,6.8,8.165829796,0.001200857,67,7.8,7/10/19,36.1,62,6.8,5/6/19,41.85,8/6/19,67,8.5,0.016,28.68304771,NA,21.4560641,17.27921525,NA,NA,NA,NA
P1O3R5,PENME,M,21.35523,PENME-DIME,ME,N,44.4663861,28 to 12,6/24/19,66,5.6,1.752013462,312.8595468,5/2/19,70,8.3,2.681669289,323.0926855,NA,NA,NA,NA,70,8.3,5/9/19,41.32,NA,NA,NA,NA,NA,NA,NA,NA,NA,NA,NA,NA
P1P3O6,DIME,M,16.92318,PENME-DIME,ME,N,44.165011,28 to 12,6/24/19,65,6.4,1.385864798,216.5413747,5/3/19,63,5.3,2.451123647,462.4761598,65,6.4,7/10/19,35.84,63,5.3,5/10/19,41.46,8/6/19,66,7,0.011,27.62527555,NA,24.73205536,19.9829264,NA,NA,NA,NA
R1P2R6,PEAME,M,15.63283,OCME-PEAME,ME,N,44.29059,28 to 12,6/24/19,64,5.4,1.594216744,295.2253231,4/30/19,63,5.2,2.893426984,0.000556428,64,5.4,7/10/19,35.84,63,5.2,5/6/19,41.5,8/6/19,67,6.2,0.009,23.72223286,NA,21.55529036,16.80254491,NA,NA,NA,NA
P2R3R4,DIME,M,16.92318,PENME-DIME,ME,N,44.165011,28 to 12,6/24/19,68,6,1.88464318,314.1071967,5/2/19,62,5.5,2.44981516,445.4209382,NA,NA,NA,NA,62,5.5,5/9/19,41.12,NA,NA,NA,NA,NA,NA,NA,NA,NA,NA,NA,NA
P2R5O6,PEAME,F,15.63283,OCME-PEAME,ME,N,44.29059,28 to 12,6/25/19,75,8.8,5.101842994,579.7548857,4/28/19,70,9.4,7.270398705,0.000773447,75,8.8,7/11/19,34.26,70,9.4,5/10/19,41.43,8/7/19,75,9.6,0.018,52.4299549,29.97459319,30.70621917,25.34780718,NA,NA,NA,NA
O1G3G5,OCME,M,18.06903,OCME-PEAME,ME,N,44.421147,28 to 12,6/25/19,65,7.7,3.931586531,510.5956533,5/2/19,66,7.3,1.17969178,161.6016136,65,7.7,7/12/19,35.17,66,7.3,5/9/19,40.98,NA,NA,NA,NA,NA,NA,NA,NA,NA,NA,NA,NA
G1G2R6,PEAME,M,15.63283,OCME-PEAME,ME,N,44.29059,28 to 12,6/25/19,71,9,4.715341003,523.9267781,5/2/19,67,8.2,2.338014444,285.1237127,71,9,7/11/19,35.56,67,8.2,5/9/19,41.18,8/7/19,72,9.7,0.011,29.57631414,17.11116332,17.16251054,15.59798078,NA,NA,NA,NA
G1O3R5,PENME,M,21.35523,PENME-DIME,ME,N,44.4663861,28 to 12,6/25/19,63,6,4.47879179,746.4652984,5/3/19,64,5.5,2.507592573,455.9259223,63,6,7/12/19,36.06,64,5.5,5/10/19,41.4,NA,NA,NA,NA,NA,NA,NA,NA,NA,NA,NA,NA
O1G2G6,PEAME,M,15.63283,OCME-PEAME,ME,N,44.29059,28 to 12,6/25/19,61,5.7,4.243193449,744.4199033,5/2/19,59,5.2,2.198247091,422.7398253,61,5.7,7/11/19,35.27,59,5.2,5/9/19,41.71,8/7/19,64,6.6,0.007,30.53422785,19.76017323,17.91309906,16.13513638,NA,NA,NA,NA
G1R2R5,OCME,F,18.06903,OCME-PEAME,ME,N,44.421147,28 to 12,6/25/19,75,10.5,5.763935974,548.9462832,5/2/19,72,10.3,2.554367489,247.9968436,75,10.5,7/12/19,35.74,72,10.3,5/9/19,41.55,NA,NA,NA,NA,NA,NA,NA,NA,NA,NA,NA,NA
G1P3O6,PEAME,M,15.63283,OCME-PEAME,ME,N,44.29059,28 to 12,6/25/19,71,7.7,5.400994081,701.4278027,5/2/19,70,7.3,2.346398186,321.4244091,71,7.7,7/11/19,35.01,70,7.3,5/9/19,41.12,8/7/19,72,8.6,0.01,31.07774284,19.00073681,17.98542859,14.33692136,NA,NA,NA,NA
G2R3P6,DIME,M,16.92318,PENME-DIME,ME,N,44.165011,28 to 12,6/25/19,65,6.6,4.155371584,629.6017552,5/3/19,67,5.9,1.393981801,236.2681018,65,6.6,7/11/19,35.32,67,5.9,5/10/19,41.11,8/7/19,69,6.9,0.007,14.23655191,16.10310559,15.65212999,14.95207063,NA,NA,NA,NA
R1R4O5,EHMA,F,19.31422,RVMA-EHMA,MA,N,41.82633,28 to 12,6/25/19,69,7.6,4.057080064,533.8263242,5/2/19,68,7.4,2.909151901,393.1286353,69,7.6,7/12/19,36.75,68,7.4,5/9/19,42.18,NA,NA,NA,NA,NA,NA,NA,NA,NA,NA,NA,NA
P2P3G4,OCME,M,18.06903,OCME-PEAME,ME,N,44.421147,28 to 12,6/25/19,63,5.7,4.563551255,800.6230272,5/3/19,60,4.8,2.562123782,533.7757879,63,5.7,7/11/19,36.47,60,4.8,5/10/19,41.22,8/7/19,64,6.5,0.013,30.3005949,17.79581091,18.72078498,NA,NA,NA,NA,NA
O1G4G6,EHMA,F,19.31422,RVMA-EHMA,MA,N,41.82633,28 to 12,6/25/19,64,5.8,4.074346124,702.4734697,NA,NA,NA,NA,NA,64,5.8,7/12/19,36.38,NA,NA,NA,NA,NA,NA,NA,NA,NA,NA,NA,NA,NA,NA,NA,NA
G1R3R4,DIME,M,16.92318,PENME-DIME,ME,N,44.165011,28 to 12,6/25/19,75,8.3,4.908943286,591.4389501,4/28/19,67,6.7,4.577879305,0.000683266,75,8.3,7/11/19,36.07,NA,NA,NA,NA,NA,NA,NA,NA,NA,NA,NA,NA,NA,NA,NA,NA
R1R2R3,RVMA,M,23.49572,RVMA-EHMA,MA,N,41.674169,28 to 12,6/25/19,74,9.5,4.33095006,455.88948,5/3/19,72,8.8,2.450827295,278.5031017,74,9.5,7/12/19,36.52,72,8.8,5/10/19,41.5,NA,NA,NA,NA,NA,NA,NA,NA,NA,NA,NA,NA
O1R2P6,RVMA,M,23.49572,RVMA-EHMA,MA,N,41.674169,28 to 12,6/25/19,81,12.6,5.19598892,412.380073,4/30/19,82,13.4,7.681281871,0.00057323,81,12.6,7/11/19,35.84,82,13.4,5/6/19,41.8,8/7/19,79,13.1,0.023,61.87901389,43.26417957,39.27420872,39.05113044,NA,NA,NA,NA
P2O4G6,EHMA,M,19.31422,RVMA-EHMA,MA,N,41.82633,28 to 12,6/25/19,60,5.1,4.498534354,882.0655596,5/3/19,58,4.9,2.402228766,490.2507686,60,5.1,7/12/19,35.36,58,4.9,5/10/19,41.66,NA,NA,NA,NA,NA,NA,NA,NA,NA,NA,NA,NA
G4G5P6,RVMA,M,23.49572,RVMA-EHMA,MA,N,41.674169,28 to 12,6/25/19,81,12.2,5.237712034,429.3206585,5/3/19,81,12.1,2.806585042,231.949177,81,12.2,7/12/19,36.9,81,12.1,5/10/19,41.66,NA,NA,NA,NA,NA,NA,NA,NA,NA,NA,NA,NA
G1R2G4,EHMA,F,19.31422,RVMA-EHMA,MA,N,41.82633,28 to 12,6/25/19,60,4.8,4.217130262,878.5688045,NA,NA,NA,NA,NA,NA,NA,NA,NA,NA,NA,NA,NA,NA,NA,NA,NA,NA,NA,NA,NA,NA,NA,NA,NA
O3G5P6,EHMA,M,19.31422,RVMA-EHMA,MA,N,41.82633,28 to 12,6/25/19,71,8.4,4.120768806,490.567715,5/2/19,70,7.7,2.08412363,270.6654065,71,8.4,7/11/19,36.22,70,7.7,5/9/19,41.49,8/7/19,71,8.2,0.009,30.85611922,18.97294101,22.82307892,18.18673715,NA,NA,NA,NA
O3G5G6,DIME,F,16.92318,PENME-DIME,ME,N,44.165011,28 to 12,6/25/19,68,6.6,5.250844463,795.5824943,5/3/19,65,5.7,2.564952649,449.9916928,68,6.6,7/11/19,34.6,65,5.7,5/10/19,41.44,8/7/19,69,7.2,0.012,20.23863222,12.10145136,20.43238907,15.94219822,NA,NA,NA,NA
O3O5R6,DIME,M,16.92318,PENME-DIME,ME,N,44.165011,28 to 12,7/2/19,75,7.1,1.389628497,0.000195722,4/30/19,71,5.5,3.385826708,0.000615605,NA,NA,NA,NA,71,5.5,5/6/19,40.94,NA,NA,NA,NA,NA,NA,NA,NA,NA,NA,NA,NA
R1P4O6,EHMA,M,19.31422,RVMA-EHMA,MA,N,41.82633,28 to 12,7/2/19,69,8.4,1.578868914,0.000187961,4/28/19,62,7.1,4.453445124,0.000627246,69,8.4,7/12/19,36,NA,NA,NA,NA,NA,NA,NA,NA,NA,NA,NA,NA,NA,NA,NA,NA
G2G5G6,EHMA,F,19.31422,RVMA-EHMA,MA,N,41.82633,28 to 12,7/2/19,71,9.4,3.03017514,0.000322359,4/30/19,68,8.9,4.089670306,0.000459514,71,9.4,7/12/19,36.3,68,8.9,5/6/19,41.8,NA,NA,NA,NA,NA,NA,NA,NA,NA,NA,NA,NA
P1R2R3,RVMA,F,23.49572,RVMA-EHMA,MA,N,41.674169,28 to 12,7/2/19,74,9.9,2.084165227,0.000210522,4/30/19,70,9.1,6.462572227,0.000710173,74,9.9,7/12/19,37.17,70,9.1,5/6/19,42.08,NA,NA,NA,NA,NA,NA,NA,NA,NA,NA,NA,NA
O2P3G5,EHMA,M,19.31422,RVMA-EHMA,MA,N,41.82633,28 to 12,7/2/19,73,8.6,1.394192194,0.000162115,5/2/19,68,7.9,2.386432285,302.0800361,73,8.6,7/12/19,36,68,7.9,5/9/19,41.85,NA,NA,NA,NA,NA,NA,NA,NA,NA,NA,NA,NA
G2G5P6,OCME,M,18.06903,OCME-PEAME,ME,N,44.421147,28 to 12,7/2/19,65,5.8,1.208112113,0.000208295,4/30/19,62,5.4,3.471564416,0.000642882,65,5.8,7/12/19,36.11,62,5.4,5/6/19,41.43,NA,NA,NA,NA,NA,NA,NA,NA,NA,NA,NA,NA
G1R3G4,DIME,M,16.92318,PENME-DIME,ME,N,44.165011,28 to 12,7/2/19,66,6.1,1.335394354,0.000218917,4/30/19,62,4.6,4.662809769,0.001013654,66,6.1,7/12/19,36.74,62,4.6,5/6/19,40.55,NA,NA,NA,NA,NA,NA,NA,NA,NA,NA,NA,NA
P1P4G5,EHMA,M,19.31422,RVMA-EHMA,MA,N,41.82633,28 to 12,7/2/19,70,7.3,1.271434814,0.000174169,NA,NA,NA,NA,NA,70,7.3,7/12/19,37.01,NA,NA,NA,NA,NA,NA,NA,NA,NA,NA,NA,NA,NA,NA,NA,NA
G1O2R4,SOC,M,27.17952,NJ,NJ,S,39.78,28 to 12,5/23/19,78,13.9,1.941205323,139.6550592,4/8/19,84,13.3,4.374131199,328.882045,78,13.9,5/30/19,36.91,NA,NA,NA,NA,6/7/19,78,14.5,0.023,52.64704229,19.5711885,39.06056545,31.59565901,NA,NA,NA,NA
G1R4O6,SOC,M,27.17952,NJ,NJ,S,39.78,28 to 12,5/23/19,80,13.3,1.745106476,131.2110132,NA,NA,NA,NA,NA,80,13.3,5/30/19,37.33,NA,11,3/26/19,42.5,6/7/19,75,13.4,NA,112.5504194,26.86914761,39.19117617,30.33147412,NA,NA,NA,NA
G2R4P5,NOC,F,27.10122,NJ,NJ,S,39.87,28 to 12,5/23/19,66,7.9,1.320004648,167.089196,NA,NA,NA,NA,NA,66,7.9,5/30/19,35.91,66,7.2,4/2/19,42.5,6/7/19,67,8.8,0.012,34.03409741,12.86026963,22.8099716,8.833151731,NA,NA,NA,NA
G2R4P6,OCE,M,30.57388,NJ,NJ,S,39.81,28 to 12,5/23/19,85,16.8,2.073702447,123.4346695,3/27/19,83,16.3,4.447238276,272.8367041,85,16.8,5/30/19,37.73,83,16.3,4/2/19,42.6,6/7/19,85,17.5,0.031,49.97380441,27.81507513,43.63829538,35.43498222,NA,NA,NA,NA
O1G2G5,NOC,M,27.10122,NJ,NJ,S,39.87,28 to 12,5/23/19,64,7.7,1.870174662,242.8798262,NA,NA,NA,NA,NA,64,7.7,5/30/19,37.48,NA,4,3/26/19,42.7,6/7/19,66,7.9,0.01,35.09606679,13.54928292,20.31850748,14.30799669,NA,NA,NA,NA
O1G2O6,OCE,M,30.57388,NJ,NJ,S,39.81,28 to 12,5/23/19,68,6.5,2.173303596,334.3543993,3/27/19,67,8.5,2.426358914,285.4539899,68,6.5,5/30/19,37.3,67,8.5,4/2/19,42.8,6/7/19,68,9.5,0.057,89.06390106,49.08410592,62.87840514,26.77047331,NA,NA,NA,NA
O1P2R4,NOC,F,27.10122,NJ,NJ,S,39.87,28 to 12,5/23/19,62,6.8,1.065551373,156.6987313,NA,NA,NA,NA,NA,62,6.8,5/30/19,37.57,NA,6,3/28/19,42.9,6/7/19,63,6.8,NA,30.20125251,9.568071329,20.19034688,1.187153865,NA,NA,NA,NA
O1R2G6,OCE,F,30.57388,NJ,NJ,S,39.81,28 to 12,5/23/19,75,11.1,1.483874918,133.6824251,4/8/19,74,11.9,3.700705323,310.9836406,75,11,5/30/19,36.71,NA,NA,NA,NA,6/7/19,72,10.8,0.012,41.18437619,16.71932677,26.88345476,18.27042743,NA,NA,NA,NA
O1R4G5,NOC,F,27.10122,NJ,NJ,S,39.87,28 to 12,5/23/19,68,9.5,1.205729838,126.9189303,NA,NA,NA,NA,NA,68,9.5,5/30/19,37.57,NA,NA,NA,NA,6/7/19,71,10.4,0.016,49.4199796,21.61569382,34.63758917,29.34295244,NA,NA,NA,NA
O2O3G5,NOC,F,27.10122,NJ,NJ,S,39.87,28 to 12,5/23/19,66,7.5,1.042833114,139.0444152,NA,NA,NA,NA,NA,66,7.5,5/30/19,37.94,64,6.6,3/26/19,42.3,6/7/19,62,7.6,NA,32.67388021,11.09389209,17.57600901,NA,NA,NA,NA,NA
O2P3O6,OCE,M,30.57388,NJ,NJ,S,39.81,28 to 12,5/23/19,78,13.4,1.552252393,115.8397308,3/22/19,75,11.5,3.037551212,264.134888,78,13.4,5/30/19,37.06,75,11.5,3/28/19,42.8,6/7/19,76,14.2,0.021,64.98350836,NA,43.77838059,24.42482266,NA,NA,NA,NA
P1R2R6,NOC,M,27.10122,NJ,NJ,S,39.87,28 to 12,5/23/19,70,8.3,1.735490626,209.0952562,3/27/19,68,7.5,3.302373313,440.3164417,70,8.3,5/30/19,37.51,68,7.5,4/2/19,42.7,NA,NA,NA,NA,NA,NA,NA,NA,NA,NA,NA,NA
P3O5O6,OCE,M,30.57388,NJ,NJ,S,39.81,28 to 12,5/23/19,67,8.9,1.537253858,172.7251526,3/20/19,66,8.2,4.598866196,560.8373409,67,8.9,5/30/19,37.66,66,8.2,3/26/19,42.6,6/7/19,66,9.6,0.012,38.44702853,22.00539783,22.85620313,NA,NA,NA,NA,NA
R1O2P5,SOC,M,27.17952,NJ,NJ,S,39.78,28 to 12,5/23/19,61,6.1,1.001244896,164.1385076,NA,NA,NA,NA,NA,61,6.1,5/30/19,37.84,59,5.8,4/2/19,42.3,6/7/19,61,6.1,0.019,42.32233098,21.57938912,23.26825515,14.47020963,NA,NA,NA,NA
R1P3O4,SOC,F,27.17952,NJ,NJ,S,39.78,28 to 12,5/23/19,77,12.5,1.89331815,151.465452,4/8/19,79,13.1,5.688240673,434.2168453,77,12.5,5/30/19,37.16,NA,NA,NA,NA,6/7/19,78,12.3,0.015,55.88286559,15.89306492,24.49742681,3.854334246,NA,NA,NA,NA
R2O3G4,SOC,F,27.17952,NJ,NJ,S,39.78,28 to 12,5/23/19,82,17.9,2.381491492,133.0442174,NA,NA,NA,NA,NA,82,17.9,5/30/19,37.18,NA,13,3/26/19,42.7,6/7/19,82,17.5,0.022,64.42699683,10.72428741,39.76007471,28.47753822,NA,NA,NA,NA
R3O5G6,OCE,M,30.57388,NJ,NJ,S,39.81,28 to 12,5/23/19,64,8.7,1.147873071,131.9394334,3/20/19,64,7.6,1.852918796,243.8051048,64,8.7,5/30/19,37.78,64,7.6,3/26/19,42.2,6/7/19,64,8.5,0.009,39.22621652,19.83492832,25.34764391,7.578869111,NA,NA,NA,NA
G1G2G6,NOC,M,27.10122,NJ,NJ,S,39.87,28 to 12,5/27/19,65,8.2,0.999970788,121.9476571,4/8/19,67,8,4.762085496,595.260687,65,8.2,6/18/19,36.14,NA,NA,NA,NA,6/25/19,67,9.3,0.009,26.31644339,33.96387695,19.3604049,NA,NA,NA,NA,NA
G1P3P5,SOC,F,27.17952,NJ,NJ,S,39.78,28 to 12,5/27/19,78,18,2.237359038,124.2977243,NA,NA,NA,NA,NA,78,18,6/17/19,36.29,NA,NA,NA,NA,6/24/19,80,19.9,0.026,80.61011742,43.9238756,38.75840208,43.5447507,NA,NA,NA,NA
G2G3O4,OCE,F,30.57388,NJ,NJ,S,39.81,28 to 12,5/27/19,82,17,2.018219478,118.7187928,3/27/19,86,15.6,4.428386254,283.8709137,82,17,6/17/19,37.92,86,15.6,4/2/19,43,6/25/19,91,17.5,0.025,4.606692144,61.03539264,30.95453758,26.9123655,NA,NA,NA,NA
G2G4R5,SOC,M,27.17952,NJ,NJ,S,39.78,28 to 12,5/27/19,81,17.3,2.044472297,118.1775894,NA,NA,NA,NA,NA,81,17.3,6/17/19,36.84,NA,NA,NA,NA,6/24/19,83,19.7,0.021,55.11068225,65.05816255,39.99301589,49.34245087,NA,NA,NA,NA
G2O3O4,NOC,M,27.10122,NJ,NJ,S,39.87,28 to 12,5/27/19,62,6.9,1.2077012,175.0291594,NA,NA,NA,NA,NA,62,6.9,6/18/19,34.74,NA,NA,NA,NA,6/25/19,66,7.5,0.012,33.67424857,56.03719877,23.45836108,24.4934672,NA,NA,NA,NA
G2O3P5,NOC,M,27.10122,NJ,NJ,S,39.87,28 to 12,5/27/19,77,12.1,2.620737064,216.58984,3/27/19,71,10.9,3.282547068,301.1511071,77,12.1,6/18/19,36.98,71,10.9,4/2/19,42.8,6/25/19,80,12.5,0.014,31.58232636,57.62368696,29.93386529,25.0959577,NA,NA,NA,NA
G2P3O6,SOC,F,27.17952,NJ,NJ,S,39.78,28 to 12,5/27/19,72,10,1.303840907,130.3840907,4/8/19,73,9.7,4.589384431,473.1324156,72,10,6/18/19,35.72,NA,NA,NA,NA,6/25/19,74,10.3,0.01,33.47203344,13.75888003,23.03942323,20.70727897,NA,NA,NA,NA
G2P3P6,OCE,M,30.57388,NJ,NJ,S,39.81,28 to 12,5/27/19,84,18.7,1.775614685,94.95265693,NA,NA,NA,NA,NA,NA,NA,NA,NA,NA,NA,NA,NA,NA,NA,NA,NA,NA,NA,NA,NA,NA,NA,NA,NA
G2P4R6,OCE,F,30.57388,NJ,NJ,S,39.81,28 to 12,5/27/19,73,10,1.504124055,150.4124055,3/22/19,70,8.4,3.554925363,423.2054004,73,10,6/17/19,35.69,70,8.4,3/28/19,42.4,6/24/19,74,9.7,0.011,35.79672475,11.00120395,21.6107569,27.03433497,NA,NA,NA,NA
G2R5R6,NOC,F,27.10122,NJ,NJ,S,39.87,28 to 12,5/27/19,73,11.5,1.682108776,146.2703283,NA,NA,NA,NA,NA,NA,NA,NA,NA,NA,NA,NA,NA,NA,NA,NA,NA,NA,NA,NA,NA,NA,NA,NA,NA
G3O4G6,SOC,F,27.17952,NJ,NJ,S,39.78,28 to 12,5/27/19,61,6.9,1.019315202,147.7268408,4/8/19,62,6.7,2.940364879,438.8604297,61,6.9,6/18/19,36.98,NA,NA,NA,NA,6/25/19,64,7.6,0.011,24.53293826,40.01276452,13.99019863,16.78953616,NA,NA,NA,NA
G3P4O5,OCE,M,30.57388,NJ,NJ,S,39.81,28 to 12,5/27/19,83,17,1.494341001,87.9024118,NA,NA,NA,NA,NA,83,17,6/17/19,36.89,NA,NA,NA,NA,6/24/19,93,18.4,0.025,59.95550335,57.14045469,32.22987967,36.58846118,NA,NA,NA,NA
O1G2R5,OCE,F,30.57388,NJ,NJ,S,39.81,28 to 12,5/27/19,72,13.5,1.13213797,83.86207185,3/22/19,73,12.4,4.754867033,383.4570188,72,13.5,6/18/19,37.22,73,12.4,3/28/19,42.6,6/25/19,81,14.9,0.016,53.26638074,57.69950772,31.93568117,33.29290991,NA,NA,NA,NA
O1G3G4,OCE,M,30.57388,NJ,NJ,S,39.81,28 to 12,5/27/19,79,13.4,1.491314137,111.2920998,3/27/19,78,12.5,3.461949987,276.955999,79,13.4,6/18/19,36.69,78,12.5,4/2/19,42.2,6/25/19,81,14.6,0.013,32.25592867,50.943343,27.29371432,19.55306848,NA,NA,NA,NA
O1P2O4,NOC,M,27.10122,NJ,NJ,S,39.87,28 to 12,5/27/19,62,7.1,1.164041879,163.9495604,NA,NA,NA,NA,NA,62,7.1,6/17/19,36.46,NA,NA,NA,NA,6/24/19,69,8,0.01,34.73707085,17.69305632,23.11156731,27.80984144,NA,NA,NA,NA
O1P5R6,NOC,F,27.10122,NJ,NJ,S,39.87,28 to 12,5/27/19,80,15.2,1.807531555,118.9165497,NA,NA,NA,NA,NA,80,15.2,6/17/19,36.26,80,13.6,4/2/19,42.9,6/24/19,86,16.5,0.02,41.58544725,22.15154849,30.75703541,31.99226205,NA,NA,NA,NA
O2O3G6,SOC,M,27.17952,NJ,NJ,S,39.78,28 to 12,5/27/19,64,7.8,1.427549174,183.0191249,4/8/19,67,7.1,4.357123426,613.6793558,64,7.8,6/18/19,36.54,NA,NA,NA,NA,6/25/19,67,8.7,0.013,31.60479143,47.93646415,24.47879073,22.41997947,NA,NA,NA,NA
O2P4P5,NOC,F,27.10122,NJ,NJ,S,39.87,28 to 12,5/27/19,82,20.3,3.14999139,155.1719896,3/27/19,88,17.8,1.917153246,107.7052385,82,20.3,6/18/19,36.81,88,17.8,4/2/19,42.7,6/25/19,86,21.9,0.026,68.17590594,78.73334658,36.66109497,34.6028587,NA,NA,NA,NA
O2R4G5,NOC,M,27.10122,NJ,NJ,S,39.87,28 to 12,5/27/19,64,6,0.531819815,88.63663586,NA,NA,NA,NA,NA,64,6,6/17/19,36.65,65,7,4/2/19,42.2,6/24/19,67,6.2,0.008,19.66228514,NA,17.15926625,22.82937988,NA,NA,NA,NA
O3G4O6,NOC,F,27.10122,NJ,NJ,S,39.87,28 to 12,5/27/19,67,8.2,1.231800517,150.2195752,NA,NA,NA,NA,NA,67,8.2,6/18/19,37.19,NA,NA,NA,NA,6/25/19,68,9.8,0.008,21.148506,40.69257288,20.8670973,19.17765013,NA,NA,NA,NA
O3O4G6,OCE,M,30.57388,NJ,NJ,S,39.81,28 to 12,5/27/19,73,15.9,2.014759211,126.7144158,3/27/19,79,15.7,3.526032113,224.5880327,73,11.6,6/17/19,37.02,79,15.7,4/2/19,42.2,6/24/19,83,17.2,0.023,48.74238219,32.89584875,39.13793714,46.84318594,NA,NA,NA,NA
O3O4R6,OCE,F,30.57388,NJ,NJ,S,39.81,28 to 12,5/27/19,80,13.9,2.729414688,196.3607689,4/8/19,82,12.3,6.91947574,562.5590033,80,13.9,6/18/19,37.33,NA,NA,NA,NA,6/25/19,83,15.5,0.023,47.23646828,69.07093029,39.18407193,36.48875244,NA,NA,NA,NA
P1G3R6,OCE,M,30.57388,NJ,NJ,S,39.81,28 to 12,5/27/19,64,7.3,1.445517458,198.0160902,NA,NA,NA,NA,NA,NA,NA,NA,NA,NA,NA,NA,NA,NA,NA,NA,NA,NA,NA,NA,NA,NA,NA,NA,NA
P1G5P6,SOC,F,27.17952,NJ,NJ,S,39.78,28 to 12,5/27/19,70,15,2.068418076,137.8945384,NA,NA,NA,NA,NA,70,15,6/18/19,36.1,81,14.4,3/26/19,42.1,6/25/19,81,16.5,0.024,58.97505928,64.3444067,35.21763449,58.36989093,NA,NA,NA,NA
P1O2R6,OCE,M,30.57388,NJ,NJ,S,39.81,28 to 12,5/27/19,73,11.6,1.526451995,131.5906892,NA,NA,NA,NA,NA,73,11.6,6/17/19,35.46,72,10.7,4/2/19,42.6,NA,NA,NA,NA,NA,NA,NA,NA,NA,NA,NA,NA
P1R4P5,SOC,F,27.17952,NJ,NJ,S,39.78,28 to 12,5/27/19,76,11.5,1.91962467,166.9238843,3/20/19,77,11,3.228926371,293.538761,76,11.5,6/17/19,36.37,77,11,3/26/19,41.8,6/24/19,81,13.5,0.018,39.8845887,11.28769973,30.43793111,36.70784407,NA,NA,NA,NA
P2G3R5,SOC,F,27.17952,NJ,NJ,S,39.78,28 to 12,5/27/19,65,8.6,1.209864207,140.6818845,NA,NA,NA,NA,NA,65,8.6,6/17/19,36.68,NA,NA,NA,NA,6/24/19,69,9.4,0.013,31.04050931,19.66853426,25.12573791,29.43462243,NA,NA,NA,NA
P2G5G6,SOC,M,27.17952,NJ,NJ,S,39.78,28 to 12,5/27/19,73,11.4,1.212588512,106.3674133,4/8/19,74,4.3,4.288120847,997.2374063,73,11.4,6/18/19,36.19,NA,NA,NA,NA,6/25/19,81,12.2,0.016,46.81198852,55.77116786,28.08552915,28.6265526,NA,NA,NA,NA
P3O4R6,NOC,F,27.10122,NJ,NJ,S,39.87,28 to 12,5/27/19,69,10.2,1.097931436,107.6403369,4/8/19,69,9.2,5.126731714,557.2534471,69,10.2,6/18/19,36.3,NA,NA,NA,NA,6/25/19,72,11.6,0.017,53.66425397,64.11222731,34.31766227,32.90265447,NA,NA,NA,NA
R1G3O5,NOC,F,27.10122,NJ,NJ,S,39.87,28 to 12,5/27/19,72,11,1.413794195,128.526745,4/8/19,74,11.9,4.900275287,411.7878393,72,11,6/17/19,37.17,NA,NA,NA,NA,6/24/19,75,11.6,0.019,39.50110782,NA,29.06763149,27.21944246,NA,NA,NA,NA
R1P2R3,OCE,M,30.57388,NJ,NJ,S,39.81,28 to 12,5/27/19,66,8.5,1.020511407,120.0601656,NA,NA,NA,NA,NA,66,8.5,6/17/19,35.99,67,7.6,4/2/19,42.9,6/24/19,71,9.2,0.01,35.8057987,NA,23.64707501,25.87876936,NA,NA,NA,NA
R1R2R4,NOC,F,27.10122,NJ,NJ,S,39.87,28 to 12,5/27/19,65,9.6,0.535485816,55.77977253,NA,NA,NA,NA,NA,65,9.6,6/17/19,36.4,NA,NA,NA,NA,6/24/19,72,10.4,0.019,57.60437242,38.23355071,35.22015794,45.39867558,NA,NA,NA,NA
R1R4G5,OCE,M,30.57388,NJ,NJ,S,39.81,28 to 12,5/27/19,73,11.1,1.403620134,126.4522643,NA,NA,NA,NA,NA,73,11.1,6/18/19,36.42,71,9.1,4/2/19,42.6,6/25/19,76,12.2,0.018,45.78076957,NA,21.19661098,30.26481664,NA,NA,NA,NA
R1R4R6,SOC,M,27.17952,NJ,NJ,S,39.78,28 to 12,5/27/19,78,14.4,1.427414988,99.12604082,4/8/19,82,13.2,2.980565743,225.800435,78,14.4,6/18/19,36.44,NA,NA,NA,NA,6/25/19,80,16.1,0.02,43.77576916,53.9649166,30.61686628,31.80505501,NA,NA,NA,NA
R2R5G6,SOC,M,27.17952,NJ,NJ,S,39.78,28 to 12,5/27/19,80,15.3,3.085073561,201.6387948,3/20/19,75,14.6,6.482068232,443.9772761,80,15.3,6/17/19,36.9,75,14.6,3/26/19,42.4,6/24/19,78,16.3,0.021,44.29289006,28.46334333,34.71902015,42.14084962,NA,NA,NA,NA
R3O5O6,NOC,F,27.10122,NJ,NJ,S,39.87,28 to 12,5/27/19,71,10.1,1.967888217,194.8404175,4/8/19,67,8.4,5.07515148,604.1847,71,10.1,6/17/19,37.08,NA,NA,NA,NA,6/24/19,73,10.7,0.012,30.17003186,18.99978689,20.59769446,31.28307074,NA,NA,NA,NA
G1P4R6,DIME,M,16.92318,PENME-DIME,ME,N,44.165011,28 to 12,NA,NA,NA,NA,NA,4/10/19,67,5.4,2.131897836,0.000394796,NA,NA,NA,NA,NA,NA,NA,NA,NA,NA,NA,NA,NA,NA,NA,NA,NA,NA,NA,NA
O1P4R5,EHMA,F,19.31422,RVMA-EHMA,MA,N,41.82633,28 to 12,NA,NA,NA,NA,NA,4/10/19,70,9.2,4.835457452,0.000525593,NA,NA,NA,NA,70,9.2,5/13/19,41.32,NA,NA,NA,NA,NA,NA,NA,NA,NA,NA,NA,NA
O1P2R3,RVMA,M,23.49572,RVMA-EHMA,MA,N,41.674169,28 to 12,NA,NA,NA,NA,NA,4/10/19,76,12.3,10.23105253,0.000831793,NA,NA,NA,NA,76,12.3,5/13/19,41.43,NA,NA,NA,NA,NA,NA,NA,NA,NA,NA,NA,NA
O3R5G6,RVMA,F,23.49572,RVMA-EHMA,MA,N,41.674169,28 to 12,NA,NA,NA,NA,NA,4/10/19,76,11.4,9.763799476,0.000856474,NA,NA,NA,NA,76,11.4,5/13/19,41.81,NA,NA,NA,NA,NA,NA,NA,NA,NA,NA,NA,NA
O3G4G5,PENME,F,21.35523,PENME-DIME,ME,N,44.4663861,28 to 12,NA,NA,NA,NA,NA,4/23/19,72,13.5,6.185153311,0.00045816,NA,NA,NA,NA,72,13.5,4/30/19,41.48,NA,NA,NA,NA,NA,NA,NA,NA,NA,NA,NA,NA
P1O4O5,RVMA,F,23.49572,RVMA-EHMA,MA,N,41.674169,28 to 12,NA,NA,NA,NA,NA,4/23/19,72,11.3,6.613664754,0.00058528,NA,NA,NA,NA,72,11.3,4/30/19,41.55,NA,NA,NA,NA,NA,NA,NA,NA,NA,NA,NA,NA
R1P2G5,RVMA,M,23.49572,RVMA-EHMA,MA,N,41.674169,28 to 12,NA,NA,NA,NA,NA,4/23/19,74,10.2,5.629763065,0.000551938,81,12.2,7/8/19,36.21,74,10.2,4/30/19,41.14,7/31/19,81,13.1,0.02,46.29681259,35.65763026,35.82274008,34.77493976,NA,NA,NA,NA
O2R3O6,EHMA,M,19.31422,RVMA-EHMA,MA,N,41.82633,28 to 12,NA,NA,NA,NA,NA,4/23/19,74,10,5.318306208,0.000531831,76,10.3,7/8/19,36.25,74,10,4/30/19,41.56,7/31/19,80,12.3,0.017,39.32155214,27.74084627,35.8613568,38.41529568,NA,NA,NA,NA
O1R2R5,OCME,F,18.06903,OCME-PEAME,ME,N,44.421147,28 to 12,NA,NA,NA,NA,NA,4/23/19,65,7.1,2.361958435,0.00033267,NA,NA,NA,NA,65,7.1,4/30/19,41.26,NA,NA,NA,NA,NA,NA,NA,NA,NA,NA,NA,NA
G2P3G5,EHMA,M,19.31422,RVMA-EHMA,MA,N,41.82633,28 to 12,NA,NA,NA,NA,NA,4/23/19,69,7.2,3.678790745,0.000510943,NA,NA,NA,NA,69,7.2,4/30/19,41.67,NA,NA,NA,NA,NA,NA,NA,NA,NA,NA,NA,NA
G2G4O6,PENME,F,21.35523,PENME-DIME,ME,N,44.4663861,28 to 12,NA,NA,NA,NA,NA,4/25/19,79,12,4.959647779,0.000413304,NA,NA,NA,NA,79,12,5/2/19,41.55,NA,NA,NA,NA,NA,NA,NA,NA,NA,NA,NA,NA
P1R2G3,OCME,F,18.06903,OCME-PEAME,ME,N,44.421147,28 to 12,NA,NA,NA,NA,NA,4/25/19,69,8,6.363845484,0.000795481,69,7,7/9/19,35.68,69,8,5/2/19,41.35,8/1/19,70,6.4,0.01,29.11821087,19.34534475,16.88166443,15.51228564,NA,NA,NA,NA
P3G4G5,DIME,F,16.92318,PENME-DIME,ME,N,44.165011,28 to 12,NA,NA,NA,NA,NA,4/25/19,78,8.9,4.870710262,0.000547271,NA,NA,NA,NA,78,8.9,5/2/19,41.52,NA,NA,NA,NA,NA,NA,NA,NA,NA,NA,NA,NA
O2O3P5,OCME,M,18.06903,OCME-PEAME,ME,N,44.421147,28 to 12,NA,NA,NA,NA,NA,4/25/19,60,4.9,4.929011841,0.001005921,NA,NA,NA,NA,60,4.9,5/2/19,40.88,NA,NA,NA,NA,NA,NA,NA,NA,NA,NA,NA,NA
R3G4G5,PEAME,M,15.63283,OCME-PEAME,ME,N,44.29059,28 to 12,NA,NA,NA,NA,NA,4/28/19,68,5.3,5.078952747,0.000958293,NA,NA,NA,NA,NA,NA,NA,NA,NA,NA,NA,NA,NA,NA,NA,NA,NA,NA,NA,NA
P1R3P4,EHMA,F,19.31422,RVMA-EHMA,MA,N,41.82633,28 to 12,NA,NA,NA,NA,NA,4/28/19,57,5.5,8.72019912,0.001585491,NA,NA,NA,NA,57,5.5,5/6/19,42.06,NA,NA,NA,NA,NA,NA,NA,NA,NA,NA,NA,NA
R2P3P5,RVMA,M,23.49572,RVMA-EHMA,MA,N,41.674169,28 to 12,NA,NA,NA,NA,NA,4/28/19,85,18.9,8.791477356,0.000465158,NA,NA,NA,NA,NA,NA,NA,NA,NA,NA,NA,NA,NA,NA,NA,NA,NA,NA,NA,NA
O3R4G5,PEAME,M,15.63283,OCME-PEAME,ME,N,44.29059,28 to 12,NA,NA,NA,NA,NA,4/28/19,64,6.1,3.850390635,0.000631212,NA,NA,NA,NA,NA,NA,NA,NA,NA,NA,NA,NA,NA,NA,NA,NA,NA,NA,NA,NA
G1R2O3,RVMA,F,23.49572,RVMA-EHMA,MA,N,41.674169,28 to 12,NA,NA,NA,NA,NA,4/28/19,61,5.7,3.879235147,0.000680568,NA,NA,NA,NA,NA,NA,NA,NA,NA,NA,NA,NA,NA,NA,NA,NA,NA,NA,NA,NA
G1G4P5,RVMA,F,23.49572,RVMA-EHMA,MA,N,41.674169,28 to 12,NA,NA,NA,NA,NA,4/28/19,64,6.6,4.303672427,0.000652072,NA,NA,NA,NA,NA,NA,NA,NA,NA,NA,NA,NA,NA,NA,NA,NA,NA,NA,NA,NA
P1P3G6,RVMA,M,23.49572,RVMA-EHMA,MA,N,41.674169,28 to 12,NA,NA,NA,NA,NA,4/28/19,70,10.2,7.594308744,0.00074454,NA,NA,NA,NA,NA,NA,NA,NA,NA,NA,NA,NA,NA,NA,NA,NA,NA,NA,NA,NA
G3P5P6,PENME,F,21.35523,PENME-DIME,ME,N,44.4663861,28 to 12,NA,NA,NA,NA,NA,4/30/19,84,14.3,4.956463948,0.000346606,NA,NA,NA,NA,84,14.3,5/6/19,41.52,NA,NA,NA,NA,NA,NA,NA,NA,NA,NA,NA,NA
O2R4R6,RVMA,M,23.49572,RVMA-EHMA,MA,N,41.674169,28 to 12,NA,NA,NA,NA,NA,4/30/19,82,12,5.645002792,0.000470417,NA,NA,NA,NA,82,12,5/6/19,41.52,NA,NA,NA,NA,NA,NA,NA,NA,NA,NA,NA,NA
R1P3O6,EHMA,M,19.31422,RVMA-EHMA,MA,N,41.82633,28 to 12,NA,NA,NA,NA,NA,4/30/19,80,12.5,7.158928958,0.000572714,NA,NA,NA,NA,80,12.5,5/6/19,42.26,NA,NA,NA,NA,NA,NA,NA,NA,NA,NA,NA,NA
O2G4O5,OCME,M,18.06903,OCME-PEAME,ME,N,44.421147,28 to 12,NA,NA,NA,NA,NA,5/2/19,56,4.6,2.310833559,502.3551215,NA,NA,NA,NA,56,4.6,5/9/19,41.21,NA,NA,NA,NA,NA,NA,NA,NA,NA,NA,NA,NA
O1P5O6,EHMA,F,19.31422,RVMA-EHMA,MA,N,41.82633,28 to 12,NA,NA,NA,NA,NA,5/3/19,63,7.3,2.768254029,379.2128807,NA,NA,NA,NA,63,7.3,5/10/19,41.92,NA,NA,NA,NA,NA,NA,NA,NA,NA,NA,NA,NA
R1O3R6,DIME,F,16.92318,PENME-DIME,ME,N,44.165011,28 to 12,NA,NA,NA,NA,NA,5/3/19,80,10.6,3.284954634,309.9013806,82,11.9,7/12/19,35.5,80,10.6,5/10/19,41.8,NA,NA,NA,NA,NA,NA,NA,NA,NA,NA,NA,NA
R2O5R6,DIME,F,16.92318,PENME-DIME,ME,N,44.165011,28 to 12,NA,NA,NA,NA,NA,5/3/19,80,7.9,2.858345688,361.8159099,NA,NA,NA,NA,80,7.9,5/10/19,41.53,NA,NA,NA,NA,NA,NA,NA,NA,NA,NA,NA,NA
O1O2G4,EHMA,M,19.31422,RVMA-EHMA,MA,N,41.82633,28 to 12,NA,NA,NA,NA,NA,5/3/19,64,5.9,2.715635288,460.2771675,NA,NA,NA,NA,64,5.9,5/10/19,41.55,NA,NA,NA,NA,NA,NA,NA,NA,NA,NA,NA,NA
G1P2P4,PEAME,F,15.63283,OCME-PEAME,ME,N,44.29059,28 to 12,NA,NA,NA,NA,NA,5/3/19,70,6.1,2.559887984,419.6537679,NA,NA,NA,NA,NA,NA,NA,NA,NA,NA,NA,NA,NA,NA,NA,NA,NA,NA,NA,NA
G1P3R4,NOC,F,27.10122,NJ,NJ,S,39.87,28 to 12,NA,NA,NA,NA,NA,3/20/19,71,11.2,5.800975304,517.9442236,NA,NA,NA,NA,NA,NA,NA,NA,NA,NA,NA,NA,NA,NA,NA,NA,NA,NA,NA,NA
G1R3G6,NOC,F,27.10122,NJ,NJ,S,39.87,28 to 12,NA,NA,NA,NA,NA,3/22/19,72,10.8,7.497431743,694.2066429,NA,NA,NA,NA,NA,NA,NA,NA,NA,NA,NA,NA,NA,NA,NA,NA,NA,NA,NA,NA
G1R3P5,NOC,M,27.10122,NJ,NJ,S,39.87,28 to 12,NA,NA,NA,NA,NA,3/22/19,78,12.5,8.506748314,680.5398651,NA,NA,NA,NA,NA,NA,NA,NA,NA,NA,NA,NA,NA,NA,NA,NA,NA,NA,NA,NA
G2G5O6,OCE,M,30.57388,NJ,NJ,S,39.81,28 to 12,NA,NA,NA,NA,NA,3/22/19,70,8.7,2.897507813,333.0468751,NA,NA,NA,NA,NA,NA,NA,NA,NA,NA,NA,NA,NA,NA,NA,NA,NA,NA,NA,NA
G2P4P5,NOC,M,27.10122,NJ,NJ,S,39.87,28 to 12,NA,NA,NA,NA,NA,3/22/19,74,10,5.874311638,587.4311638,NA,NA,NA,NA,NA,NA,NA,NA,NA,NA,NA,NA,NA,NA,NA,NA,NA,NA,NA,NA
G2R5R6,OCE,F,30.57388,NJ,NJ,S,39.81,28 to 12,NA,NA,NA,NA,NA,3/22/19,67,9.3,5.109321258,549.3893826,NA,NA,NA,NA,NA,NA,NA,NA,NA,NA,NA,NA,NA,NA,NA,NA,NA,NA,NA,NA
G3R4P5,NOC,M,27.10122,NJ,NJ,S,39.87,28 to 12,NA,NA,NA,NA,NA,3/22/19,81,12.8,3.805377156,297.2950903,NA,NA,NA,NA,NA,NA,NA,NA,NA,NA,NA,NA,NA,NA,NA,NA,NA,NA,NA,NA
O2O4G6,OCE,M,30.57388,NJ,NJ,S,39.81,28 to 12,NA,NA,NA,NA,NA,3/22/19,71,10.8,6.42605535,595.005125,NA,NA,NA,NA,71,10.8,3/28/19,42.4,NA,NA,NA,NA,NA,NA,NA,NA,NA,NA,NA,NA
P1G3G6,OCE,F,30.57388,NJ,NJ,S,39.81,28 to 12,NA,NA,NA,NA,NA,3/22/19,80,14,5.168176504,369.1554646,NA,NA,NA,NA,NA,NA,NA,NA,NA,NA,NA,NA,NA,NA,NA,NA,NA,NA,NA,NA
P1R3G6,OCE,F,30.57388,NJ,NJ,S,39.81,28 to 12,NA,NA,NA,NA,NA,3/22/19,81,16.1,4.268722615,265.1380506,NA,NA,NA,NA,NA,NA,NA,NA,NA,NA,NA,NA,NA,NA,NA,NA,NA,NA,NA,NA
P2P4R6,NOC,M,27.10122,NJ,NJ,S,39.87,28 to 12,NA,NA,NA,NA,NA,3/22/19,62,7.4,4.925468916,665.6039076,NA,NA,NA,NA,NA,NA,NA,NA,NA,NA,NA,NA,NA,NA,NA,NA,NA,NA,NA,NA
R1P4R5,SOC,M,27.17952,NJ,NJ,S,39.78,28 to 12,NA,NA,NA,NA,NA,3/22/19,80,14.1,4.855151561,344.3369901,88,6.2,5/30/19,37.41,80,14.1,3/28/19,43,6/7/19,82,6.5,0.034,42.13524821,NA,41.13800563,25.19911552,NA,NA,NA,NA
R2G4G5,OCE,M,30.57388,NJ,NJ,S,39.81,28 to 12,NA,NA,NA,NA,NA,3/22/19,64,6.6,2.315182126,350.7851706,NA,NA,NA,NA,64,6.6,3/28/19,42.2,NA,NA,NA,NA,NA,NA,NA,NA,NA,NA,NA,NA
R3G4O6,SOC,M,27.17952,NJ,NJ,S,39.78,28 to 12,NA,NA,NA,NA,NA,3/22/19,70,10.2,3.625253398,355.4169998,70,11.4,6/17/19,36.85,70,10.2,3/28/19,42.7,6/24/19,74,11.8,0.02,66.76940437,NA,34.72058979,37.45734123,NA,NA,NA,NA
R4R5O6,OCE,M,30.57388,NJ,NJ,S,39.81,28 to 12,NA,NA,NA,NA,NA,3/22/19,74,11.4,4.613326085,404.6777267,NA,NA,NA,NA,NA,NA,NA,NA,NA,NA,NA,NA,NA,NA,NA,NA,NA,NA,NA,NA
G1O2O6,NOC,F,27.10122,NJ,NJ,S,39.87,28 to 12,NA,NA,NA,NA,NA,3/27/19,73,10.5,1.420538677,135.2893978,NA,NA,NA,NA,73,10.5,4/2/19,42.9,NA,NA,NA,NA,NA,NA,NA,NA,NA,NA,NA,NA
P1P2R3,NOC,M,27.10122,NJ,NJ,S,39.87,28 to 12,NA,NA,NA,NA,NA,3/27/19,70,10.2,3.226333885,316.3072437,NA,NA,NA,NA,70,10.2,4/2/19,42.4,NA,NA,NA,NA,NA,NA,NA,NA,NA,NA,NA,NA
P1R2G4,OCE,F,30.57388,NJ,NJ,S,39.81,28 to 12,NA,NA,NA,NA,NA,3/27/19,81,16.7,5.107973364,305.8666685,NA,NA,NA,NA,NA,NA,NA,NA,NA,NA,NA,NA,NA,NA,NA,NA,NA,NA,NA,NA
R1O2R5,OCE,M,30.57388,NJ,NJ,S,39.81,28 to 12,NA,NA,NA,NA,NA,3/27/19,72,10.7,2.498170872,233.4739133,NA,NA,NA,NA,NA,NA,NA,NA,NA,NA,NA,NA,NA,NA,NA,NA,NA,NA,NA,NA
R1P3P4,OCE,F,30.57388,NJ,NJ,S,39.81,28 to 12,NA,NA,NA,NA,NA,3/27/19,84,18.4,3.578125507,194.4633428,NA,NA,NA,NA,NA,NA,NA,NA,NA,NA,NA,NA,NA,NA,NA,NA,NA,NA,NA,NA
G3R4P6,SOC,F,27.17952,NJ,NJ,S,39.78,28 to 12,NA,NA,NA,NA,NA,4/8/19,92,18.2,7.152366637,392.9871779,NA,NA,NA,NA,NA,NA,NA,NA,NA,NA,NA,NA,NA,NA,NA,NA,NA,NA,NA,NA
G4R5R6,NOC,F,27.10122,NJ,NJ,S,39.87,28 to 12,NA,NA,NA,NA,NA,4/8/19,74,10.7,5.984734296,559.3209622,73,11.5,6/17/19,36.95,NA,NA,NA,NA,6/24/19,77,13.2,0.011,35.79116807,NA,28.73692366,20.47694576,NA,NA,NA,NA
O1R2G4,SOC,F,27.17952,NJ,NJ,S,39.78,28 to 12,NA,NA,NA,NA,NA,4/8/19,67,7.6,5.058188098,665.5510655,NA,NA,NA,NA,NA,NA,NA,NA,NA,NA,NA,NA,NA,NA,NA,NA,NA,NA,NA,NA
O1R2R4,SOC,F,27.17952,NJ,NJ,S,39.78,28 to 12,NA,NA,NA,NA,NA,4/8/19,76,12.9,5.963318266,462.2727338,NA,NA,NA,NA,NA,NA,NA,NA,NA,NA,NA,NA,NA,NA,NA,NA,NA,NA,NA,NA
O1R4P5,SOC,F,27.17952,NJ,NJ,S,39.78,28 to 12,NA,NA,NA,NA,NA,4/8/19,71,10.1,5.703040828,564.6575077,69,10.7,6/17/19,36.15,NA,NA,NA,NA,6/24/19,74,12.4,0.018,43.74704841,7.042778097,31.3695907,37.87773348,NA,NA,NA,NA
P1G4P6,NOC,M,27.10122,NJ,NJ,S,39.87,28 to 12,NA,NA,NA,NA,NA,4/8/19,72,9.3,4.737007265,509.3556199,NA,NA,NA,NA,NA,NA,NA,NA,NA,NA,NA,NA,NA,NA,NA,NA,NA,NA,NA,NA
P3O4G5,NOC,M,27.10122,NJ,NJ,S,39.87,28 to 12,NA,NA,NA,NA,NA,4/8/19,52,4.1,3.443070027,839.7731774,NA,NA,NA,NA,NA,NA,NA,NA,NA,NA,NA,NA,NA,NA,NA,NA,NA,NA,NA,NA
G2R5P6,RVMA,F,23.49572,RVMA-EHMA,MA,N,41.674169,12 to 28,NA,NA,NA,NA,NA,6/10/19,71,8.8,5.502911221,0.000625331,72,9.4,4/29/19,34.61,71,8.8,6/24/19,42.12,7/23/19,75,9.6,0.012,NA,NA,NA,NA,45.58140728,26.73470062,36.12947971,16.83009088
R1R5G6,RVMA,M,23.49572,RVMA-EHMA,MA,N,41.674169,12 to 28,NA,NA,NA,NA,NA,6/10/19,72,8.8,5.551891496,0.000630897,72,8.3,4/29/19,35.05,72,8.8,6/24/19,41.15,7/23/19,74,9.6,0.011,NA,NA,NA,NA,41.93981434,13.85613749,15.4579156,4.138189421
O4G5R6,PEAME,M,15.63283,OCME-PEAME,ME,N,44.29059,12 to 28,NA,NA,NA,NA,NA,6/10/19,51,4.3,5.142359015,0.001195897,57,3.3,4/29/19,34.84,51,4.3,6/24/19,41.69,7/23/19,66,5.8,0.005,NA,NA,NA,NA,39.50443778,21.82391246,5.963728653,NA
P2R3P4,DIME,F,16.92318,PENME-DIME,ME,N,44.165011,12 to 28,NA,NA,NA,NA,NA,6/10/19,70,9.3,6.598721739,0.00070954,77,11.9,4/29/19,35.18,70,9.3,6/24/19,41.84,7/23/19,81,10.6,0.014,NA,NA,NA,NA,50.56295598,33.37641029,23.89038976,9.702677369
P3R4R6,PENME,M,21.35523,PENME-DIME,ME,N,44.4663861,12 to 28,NA,NA,NA,NA,NA,6/10/19,67,6.3,5.040905945,0.000800144,65,5.7,4/29/19,33.79,67,6.3,6/24/19,41.23,7/23/19,72,8.7,0.01,NA,NA,NA,NA,46.50007871,26.16569589,22.58541255,6.618826556
P1R3O6,PENME,F,21.35523,PENME-DIME,ME,N,44.4663861,12 to 28,NA,NA,NA,NA,NA,6/10/19,60,5.4,4.788843037,0.000886823,60,5.2,4/29/19,34.72,60,5.4,6/24/19,42.01,7/23/19,67,6.1,0.006,NA,NA,NA,NA,32.66023117,29.78288172,25.58029938,12.14182947
G1R2O5,EHMA,F,19.31422,RVMA-EHMA,MA,N,41.82633,12 to 28,NA,NA,NA,NA,NA,6/10/19,64,6.2,5.367912698,0.000865792,62,7.5,4/29/19,35,64,6.2,6/24/19,42.11,7/23/19,68,8.4,0.006,NA,NA,NA,NA,53.4909812,23.71934222,20.02670243,1.46486421
O3P4R6,OCME,F,18.06903,OCME-PEAME,ME,N,44.421147,12 to 28,NA,NA,NA,NA,NA,6/11/19,62,6.3,4.888789583,0.000775998,58,4.7,4/29/19,35.25,62,6.3,6/25/19,41.77,7/24/19,66,6.4,0.008,NA,NA,NA,NA,24.76319044,30.30377251,27.84476408,20.06806164
O1R3G4,EHMA,M,19.31422,RVMA-EHMA,MA,N,41.82633,12 to 28,NA,NA,NA,NA,NA,6/11/19,62,7,5.07520887,0.00072503,57,5.3,4/29/19,35.58,62,7,6/24/19,42.09,7/24/19,71,9.4,0.014,NA,NA,NA,NA,33.31433639,23.92393916,13.97873956,7.417001935
G2O5R6,RVMA,M,23.49572,RVMA-EHMA,MA,N,41.674169,12 to 28,NA,NA,NA,NA,NA,6/11/19,71,8.9,8.114644616,0.000911758,74,8.7,4/29/19,34.58,71,8.9,6/25/19,41.7,7/24/19,80,11.8,0.01,NA,NA,NA,NA,56.72767977,38.75714304,31.21744546,20.48881935
P1O3R6,PENME,M,21.35523,PENME-DIME,ME,N,44.4663861,12 to 28,NA,NA,NA,NA,NA,6/11/19,64,6.4,5.827376,0.000910528,61,5.1,4/29/19,34.8,64,6.4,6/24/19,41.83,7/24/19,67,6.9,0.005,NA,NA,NA,NA,38.06324621,1.962288802,12.40241422,6.373651376
O1O2P6,PEAME,M,15.63283,OCME-PEAME,ME,N,44.29059,12 to 28,NA,NA,NA,NA,NA,6/11/19,58,4.8,5.333598194,0.001111166,60,4.2,4/29/19,34.29,58,4.8,6/24/19,42.14,7/24/19,61,5.1,0.003,NA,NA,NA,NA,29.08425885,17.89130163,2.268583224,NA
G2G3P5,DIME,M,16.92318,PENME-DIME,ME,N,44.165011,12 to 28,NA,NA,NA,NA,NA,6/11/19,70,6.1,5.860219085,0.000960692,70,6.3,4/29/19,32.9,70,6.1,6/25/19,41.7,7/24/19,74,7.2,0.008,NA,NA,NA,NA,33.76188142,34.93271738,24.69487487,19.53106862
O1G4R6,EHMA,F,19.31422,RVMA-EHMA,MA,N,41.82633,12 to 28,NA,NA,NA,NA,NA,6/11/19,54,4,3.9225296,0.000980632,NA,NA,NA,NA,54,4,6/24/19,42.4,7/24/19,58,3.9,0.003,NA,NA,NA,NA,22.41892604,14.74814561,NA,NA
R2G3R4,EHMA,M,19.31422,RVMA-EHMA,MA,N,41.82633,12 to 28,NA,NA,NA,NA,NA,6/11/19,60,5.6,5.282066841,0.000943226,56,4.3,4/29/19,33.31,60,5.6,6/24/19,41.93,7/24/19,69,8.2,0.009,NA,NA,NA,NA,43.98323474,35.0712826,13.19496086,21.17494143
R1O4G6,EHMA,F,19.31422,RVMA-EHMA,MA,N,41.82633,12 to 28,NA,NA,NA,NA,NA,6/12/19,67,7.8,8.423207186,0.001079898,65,6.7,4/29/19,34.69,67,7.8,6/25/19,42.17,7/25/19,72,9.1,0.007,NA,NA,NA,NA,38.11656592,24.34542363,6.948833327,NA
G4P5G6,PENME,F,21.35523,PENME-DIME,ME,N,44.4663861,12 to 28,NA,NA,NA,NA,NA,6/12/19,61,5.2,5.554245021,0.001068124,60,5,4/29/19,34.99,61,5.2,7/2/19,41.86,NA,NA,NA,NA,NA,NA,NA,NA,NA,NA,NA,NA
G2R3G5,EHMA,F,19.31422,RVMA-EHMA,MA,N,41.82633,12 to 28,NA,NA,NA,NA,NA,6/12/19,69,8.6,8.343980633,0.00097023,66,6.9,4/29/19,34.23,69,8.6,6/25/19,42.3,NA,NA,NA,NA,NA,NA,NA,NA,NA,NA,NA,NA
G1P4G6,PEAME,M,15.63283,OCME-PEAME,ME,N,44.29059,12 to 28,NA,NA,NA,NA,NA,6/12/19,65,5.6,5.317632652,0.000949577,65,5.3,4/29/19,34.2,65,5.6,6/25/19,41.4,7/25/19,68,6.5,0.007,NA,NA,NA,NA,35.82182481,25.92116839,18.81113063,11.11326957
G3P4P5,PEAME,F,15.63283,OCME-PEAME,ME,N,44.29059,12 to 28,NA,NA,NA,NA,NA,6/13/19,80,13.7,7.218764189,0.000526917,NA,NA,NA,NA,80,13.7,7/2/19,41.44,7/26/19,85,13.4,0.017,NA,NA,NA,NA,55.51338667,30.55805219,22.68159319,21.43107305
P1G2R4,OCME,M,18.06903,OCME-PEAME,ME,N,44.421147,12 to 28,NA,NA,NA,NA,NA,6/13/19,51,2.4,2.61742388,0.001090593,NA,NA,NA,NA,51,2.4,7/3/19,41.6,7/26/19,55,3.7,0.002,NA,NA,NA,NA,13.11321242,15.06425907,0.401931448,NA
R3G5G6,DIME,M,16.92318,PENME-DIME,ME,N,44.165011,12 to 28,NA,NA,NA,NA,NA,6/13/19,62,4.8,3.194983687,0.000665622,60,4.5,5/1/19,34,62,4.8,7/2/19,41.58,7/26/19,66,6,0.004,NA,NA,NA,NA,29.38230258,18.72532198,7.627190038,1.71868192
G3G5O6,EHMA,M,19.31422,RVMA-EHMA,MA,N,41.82633,12 to 28,NA,NA,NA,NA,NA,6/14/19,79,14.7,10.07053474,0.00068507,85,16,4/29/19,35.83,79,14.7,7/3/19,42.59,7/29/19,82,18,0.019,NA,NA,NA,NA,56.87391779,42.78262968,30.53500076,29.42690256
R1R3R6,EHMA,F,19.31422,RVMA-EHMA,MA,N,41.82633,12 to 28,NA,NA,NA,NA,NA,6/27/19,58,5.5,1.977025473,359.4591769,NA,NA,NA,NA,58,5.5,7/11/19,41.48,7/30/19,69,6.4,0.005,NA,NA,NA,NA,29.10460316,20.18925161,12.1777131,6.349660917
O1P3G5,PENME,M,21.35523,PENME-DIME,ME,N,44.4663861,12 to 28,NA,NA,NA,NA,NA,6/27/19,57,3.8,1.470601739,387.0004577,NA,NA,NA,NA,57,3.8,7/11/19,41.85,7/30/19,63,5.4,0.005,NA,NA,NA,NA,29.07466801,16.93538902,7.372096995,4.325422615
G1G2P5,RVMA,F,23.49572,RVMA-EHMA,MA,N,41.674169,12 to 28,NA,NA,NA,NA,NA,6/27/19,70,9.1,1.734390774,190.5923927,NA,NA,NA,NA,70,9.1,7/11/19,41.81,7/30/19,73,10.4,0.005,NA,NA,NA,NA,23.27892468,21.34615237,10.36361656,6.859925129
G1O5P6,OCE,M,30.57388,NJ,NJ,S,39.81,12 to 28,NA,NA,NA,NA,NA,5/30/19,78,15,3.040926621,202.7284414,76,11.9,3/27/19,35.6,78,15,6/19/19,41.81,6/26/19,84,16.3,0.017,NA,NA,NA,NA,56.95904086,37.12319878,37.44512833,19.79227346
G1R3G5,SOC,M,27.17952,NJ,NJ,S,39.78,12 to 28,NA,NA,NA,NA,NA,5/30/19,72,10.3,3.767923959,365.8178601,80,8.4,3/25/19,35.6,72,10.3,6/19/19,42.45,6/26/19,77,11.1,0.01,NA,NA,NA,NA,48.82042132,33.04426655,32.44936637,15.29595671
O4G5G6,OCE,F,30.57388,NJ,NJ,S,39.81,12 to 28,NA,NA,NA,NA,NA,5/30/19,80,12.7,2.861372849,225.3049487,93,15.3,4/9/19,36.1,80,12.7,6/19/19,41.83,6/26/19,84,14,0.011,NA,NA,NA,NA,52.96615458,27.23261531,23.53114905,9.988462216
P1G4O5,SOC,M,27.17952,NJ,NJ,S,39.78,12 to 28,NA,NA,NA,NA,NA,5/30/19,74,11.4,3.068604679,269.175849,72,11.7,3/27/19,35.6,74,11.4,6/19/19,42.77,6/26/19,79,12.7,0.013,NA,NA,NA,NA,48.35007476,31.59791537,29.33576979,11.44425871
P1O3R4,NOC,M,27.10122,NJ,NJ,S,39.87,12 to 28,NA,NA,NA,NA,NA,5/30/19,80,13.5,5.324838761,394.4325008,92,12.9,3/25/19,35.2,80,13.5,6/19/19,42.28,6/26/19,87,15.9,0.019,NA,NA,NA,NA,90.38115627,41.26871652,46.7821851,24.82332375
P3R4R5,OCE,M,30.57388,NJ,NJ,S,39.81,12 to 28,NA,NA,NA,NA,NA,5/30/19,76,11.8,4.159116354,352.4674876,75,10.8,3/27/19,36.5,76,11.8,6/19/19,42.54,6/26/19,76,13.2,0.016,NA,NA,NA,NA,59.45817493,49.74749578,38.68243517,24.63063138
R1P2O5,NOC,M,27.10122,NJ,NJ,S,39.87,12 to 28,NA,NA,NA,NA,NA,5/30/19,75,12.2,3.148649514,258.0860258,80,7.8,3/25/19,33.9,75,12.2,6/19/19,42,6/26/19,80,13.9,0.017,NA,NA,NA,NA,85.82417121,54.08256851,43.79276956,26.84653927
R1P2R5,OCE,M,30.57388,NJ,NJ,S,39.81,12 to 28,NA,NA,NA,NA,NA,5/30/19,74,11.6,3.838932918,330.942493,NA,NA,NA,NA,74,11.6,6/19/19,42.11,6/26/19,75,11.3,0.017,NA,NA,NA,NA,68.99846128,41.46478765,43.20054725,29.67394833
R2R4R6,NOC,F,27.10122,NJ,NJ,S,39.87,12 to 28,NA,NA,NA,NA,NA,5/30/19,64,7.5,3.141445702,418.859427,60,5.6,3/27/19,36.7,64,7.5,6/19/19,42.64,NA,NA,NA,NA,NA,NA,NA,NA,NA,NA,NA,NA
G1R2G5,SOC,F,27.17952,NJ,NJ,S,39.78,12 to 28,NA,NA,NA,NA,NA,6/4/19,70,9.4,3.800598837,404.3190252,79,8.9,4/9/19,35.8,70,9.4,6/20/19,42.57,NA,NA,NA,NA,NA,NA,NA,NA,NA,NA,NA,NA
G2P3R6,OCE,M,30.57388,NJ,NJ,S,39.81,12 to 28,NA,NA,NA,NA,NA,6/4/19,75,14,4.547922472,324.8516051,NA,NA,NA,NA,75,14,6/20/19,42.59,6/27/19,80,14.4,0.015,NA,NA,NA,NA,45.17569267,NA,10.85929733,22.75195844
O1O3R4,NOC,F,27.10122,NJ,NJ,S,39.87,12 to 28,NA,NA,NA,NA,NA,6/4/19,68,8.1,3.980928871,491.4727001,64,6.8,3/27/19,35.9,68,8.1,6/20/19,42.51,6/27/19,70,9.1,0.01,NA,NA,NA,NA,66.77188322,22.35796047,16.71046926,6.625123539
O1R2O4,NOC,F,27.10122,NJ,NJ,S,39.87,12 to 28,NA,NA,NA,NA,NA,6/4/19,75,13,4.161598356,320.1229505,85,10.8,4/3/19,36.4,75,13,6/20/19,42.22,6/27/19,82,13.5,0.013,NA,NA,NA,NA,22.76193825,32.29614255,34.33781744,22.14216128
R1O2O5,NOC,F,27.10122,NJ,NJ,S,39.87,12 to 28,NA,NA,NA,NA,NA,6/4/19,70,8.1,1.846788753,227.9986115,63,6.1,3/27/19,35.8,70,8.1,6/20/19,42.73,6/27/19,69,8.7,0.008,NA,NA,NA,NA,33.28371142,22.98948566,11.61643373,5.348967167
R1O2P4,SOC,M,27.17952,NJ,NJ,S,39.78,12 to 28,NA,NA,NA,NA,NA,6/4/19,72,13.5,4.228057473,313.1894425,79,9.1,3/25/19,34.7,72,13.5,6/20/19,41.94,6/27/19,87,16.8,0.018,NA,NA,NA,NA,41.81210892,40.21233772,39.1807272,31.54410793
R2P5P6,OCE,F,30.57388,NJ,NJ,S,39.81,12 to 28,NA,NA,NA,NA,NA,6/4/19,72,11.8,4.023120978,340.9424557,84,9.3,3/25/19,34.4,72,11.8,6/20/19,42.28,6/27/19,78,11.2,0.014,NA,NA,NA,NA,49.75473216,30.73835154,32.55025519,13.73164901
R3P5G6,OCE,M,30.57388,NJ,NJ,S,39.81,12 to 28,NA,NA,NA,NA,NA,6/4/19,75,12.1,6.121970358,505.9479634,68,8.7,3/27/19,36.3,75,12.1,6/20/19,42.88,6/27/19,80,13.6,NA,NA,NA,NA,NA,48.00094939,43.03170525,41.49950232,29.08297987
G1O3R6,SOC,M,27.17952,NJ,NJ,S,39.78,12 to 28,NA,NA,NA,NA,NA,6/5/19,71,11.3,5.626834904,497.9499915,78,8.3,3/25/19,35,71,11.3,6/21/19,42.53,6/28/19,74,13.1,0.009,NA,NA,NA,NA,56.51355788,40.76990252,30.88321791,24.38293768
G1R2R6,SOC,M,27.17952,NJ,NJ,S,39.78,12 to 28,NA,NA,NA,NA,NA,6/5/19,70,8.4,4.446023516,529.2885138,77,7.1,3/25/19,35.2,70,8.4,6/21/19,42.51,6/28/19,75,9.2,0.011,NA,NA,NA,NA,44.14254648,35.65513314,22.61562594,20.4485671
G2O3R5,SOC,F,27.17952,NJ,NJ,S,39.78,12 to 28,NA,NA,NA,NA,NA,6/5/19,70,10.6,3.955642863,373.173855,80,8.7,4/9/19,34.8,70,10.6,6/21/19,42.33,6/28/19,76,11.3,0.01,NA,NA,NA,NA,44.44686338,26.92757691,20.38017308,14.41492402
O1G3P6,OCE,M,30.57388,NJ,NJ,S,39.81,12 to 28,NA,NA,NA,NA,NA,6/5/19,75,5.6,5.066764705,904.7794116,73,10,3/27/19,36.2,75,11.3,6/21/19,42.44,6/28/19,75,12.6,0.013,NA,NA,NA,NA,44.5908687,46.08402918,37.42671858,29.74082093
P2G3P6,NOC,M,27.10122,NJ,NJ,S,39.87,12 to 28,NA,NA,NA,NA,NA,6/5/19,65,7.7,2.931779787,380.7506217,70,5.2,3/25/19,34.9,65,7.7,6/21/19,42.65,6/28/19,72,9.2,0.012,NA,NA,NA,NA,47.43718975,26.87287254,11.85598045,10.45153002
P2G4P5,NOC,M,27.10122,NJ,NJ,S,39.87,12 to 28,NA,NA,NA,NA,NA,6/5/19,62,8.3,3.377597127,406.9394129,71,6.5,4/3/19,36,62,8.3,6/21/19,42.5,6/28/19,70,9.9,0.01,NA,NA,NA,NA,40.41900833,24.22986804,18.20914163,8.507436753
P3R4G6,SOC,F,27.17952,NJ,NJ,S,39.78,12 to 28,NA,NA,NA,NA,NA,6/5/19,65,8.8,4.670666273,530.757531,75,7.3,4/9/19,35.6,65,8.8,6/21/19,42.77,6/28/19,71,9.3,0.011,NA,NA,NA,NA,41.99733439,29.59821897,24.10588896,17.54664565
R2O3O6,NOC,M,27.10122,NJ,NJ,S,39.87,12 to 28,NA,NA,NA,NA,NA,6/5/19,61,11.3,4.893270157,433.0327573,54,4.1,3/27/19,36.4,61,5.6,6/21/19,42.38,NA,NA,NA,NA,NA,NA,NA,NA,NA,NA,NA,NA
R2P3G4,NOC,M,27.10122,NJ,NJ,S,39.87,12 to 28,NA,NA,NA,NA,NA,6/5/19,53,4.1,3.284258706,801.0387087,46,2.4,3/27/19,35.3,53,4.1,6/21/19,42.58,6/28/19,57,4.6,0.004,NA,NA,NA,NA,31.24929415,12.28611211,NA,NA
R3O4O6,NOC,F,27.10122,NJ,NJ,S,39.87,12 to 28,NA,NA,NA,NA,NA,6/5/19,66,8.4,3.813910032,454.0369086,65,6.5,3/27/19,36,66,8.4,6/21/19,42.67,6/28/19,71,8.7,0.007,NA,NA,NA,NA,36.42179108,20.78239407,11.65102239,4.299815341
R3R4G6,SOC,F,27.17952,NJ,NJ,S,39.78,12 to 28,NA,NA,NA,NA,NA,6/5/19,61,7.4,6.663084852,900.4168718,68,5.7,4/3/19,35.7,61,7.4,6/21/19,42.5,6/28/19,62,8.9,0.009,NA,NA,NA,NA,36.5960749,36.78226722,33.03125963,19.50579093
R1O2R5,OCE,M,30.57388,NJ,NJ,S,39.81,12 to 28,NA,NA,NA,NA,NA,NA,NA,NA,NA,NA,81,8.8,4/9/19,35.1,72,10.4,6/19/19,42.32,6/26/19,79,13.6,0.012,NA,NA,NA,NA,41.85769793,25.92502369,23.98144704,10.4527518
G3P4O6,DIME,M,16.92318,PENME-DIME,ME,N,44.165011,12 to 28,NA,NA,NA,NA,NA,NA,NA,NA,NA,NA,68,5.7,5/1/19,34.25,69,6.3,7/2/19,41.55,7/26/19,70,7.4,0.004,NA,NA,NA,NA,27.0697398,22.57958126,6.269353411,4.089939062
R2G4O6,DIME,F,16.92318,PENME-DIME,ME,N,44.165011,12 to 28,NA,NA,NA,NA,NA,NA,NA,NA,NA,NA,79,13.1,5/1/19,34.81,79,8,7/3/19,41.73,7/29/19,79,10.8,0.011,NA,NA,NA,NA,42.34722891,28.27174551,18.23660869,23.00218119
P1G2P5,DIME,F,16.92318,PENME-DIME,ME,N,44.165011,12 to 28,NA,NA,NA,NA,NA,NA,NA,NA,NA,NA,59,4.5,5/3/19,34.47,64,5.3,7/3/19,41.69,7/29/19,66,6.6,0.012,NA,NA,NA,NA,23.637631,30.31398595,25.37030868,27.80196397
R1O2G6,OCME,M,18.06903,OCME-PEAME,ME,N,44.421147,12 to 28,NA,NA,NA,NA,NA,NA,NA,NA,NA,NA,62,4.8,5/8/19,34.41,61,5.4,7/3/19,41.55,7/26/19,66,6.5,0.008,NA,NA,NA,NA,45.72714812,31.83387254,16.6049045,9.130995341
P1G3R5,RVMA,F,23.49572,RVMA-EHMA,MA,N,41.674169,12 to 28,NA,NA,NA,NA,NA,NA,NA,NA,NA,NA,67,9.8,5/14/19,34.95,73,10,6/24/19,41.81,7/23/19,76,12.1,0.014,NA,NA,NA,NA,51.45860415,42.89130675,51.15535632,44.50355038
R3R5P6,PEAME,F,15.63283,OCME-PEAME,ME,N,44.29059,12 to 28,NA,NA,NA,NA,NA,NA,NA,NA,NA,NA,70,9.3,5/14/19,34.03,73,8.8,6/24/19,41.79,7/23/19,73,8.8,0.007,NA,NA,NA,NA,45.1238067,23.31863355,19.98198337,3.021119189
P1R2O6,EHMA,F,19.31422,RVMA-EHMA,MA,N,41.82633,12 to 28,NA,NA,NA,NA,NA,NA,NA,NA,NA,NA,57,5.9,4/29/19,33.5,NA,NA,NA,NA,NA,NA,NA,NA,NA,NA,NA,NA,NA,NA,NA,NA
R1G2R5,OCE,M,30.57388,NJ,NJ,S,39.81,28 to 12,NA,NA,NA,NA,NA,NA,NA,NA,NA,NA,NA,8,5/30/19,35.77,NA,NA,NA,NA,6/7/19,75,9.1,0.017,54.04370008,12.17153062,30.62635919,59.62911778,NA,NA,NA,NA
P3O5R6,OCE,M,30.57388,NJ,NJ,S,39.81,28 to 12,NA,NA,NA,NA,NA,NA,NA,NA,NA,NA,66,8.2,5/30/19,35.19,NA,NA,NA,NA,6/7/19,66,8.4,0.015,49.38331042,26.00922165,29.8106465,18.41648007,NA,NA,NA,NA
G2G3O5,SOC,M,27.17952,NJ,NJ,S,39.78,28 to 12,NA,NA,NA,NA,NA,NA,NA,NA,NA,NA,69,9,6/17/19,36.15,67,7.5,4/2/19,42.4,6/24/19,70,10.3,0.009,42.11232579,23.01519739,27.69671893,36.12674193,NA,NA,NA,NA
G2P3P4P6,OCE,M,30.57388,NJ,NJ,S,39.81,28 to 12,NA,NA,NA,NA,NA,NA,NA,NA,NA,NA,84,18.7,6/18/19,35.91,NA,NA,NA,NA,6/25/19,83,19.9,0.019,51.98760999,103.5024348,30.08683754,13.59244284,NA,NA,NA,NA
G3O5G6,PENME,M,21.35523,PENME-DIME,ME,N,44.4663861,28 to 12,NA,NA,NA,NA,NA,NA,NA,NA,NA,NA,68,7,7/9/19,33.57,NA,NA,NA,NA,8/1/19,67,7.5,0.02,29.74666404,29.13970163,26.05916776,26.64046773,NA,NA,NA,NA
R1P2O4,PENME,F,21.35523,PENME-DIME,ME,N,44.4663861,28 to 12,NA,NA,NA,NA,NA,NA,NA,NA,NA,NA,79,15.9,7/9/19,34.46,NA,NA,NA,NA,8/1/19,85,16,0.021,50.17820468,40.81477709,31.44768444,29.89706685,NA,NA,NA,NA
R1G4R5,OCME,M,18.06903,OCME-PEAME,ME,N,44.421147,28 to 12,NA,NA,NA,NA,NA,NA,NA,NA,NA,NA,49,2.2,7/10/19,33.14,NA,NA,NA,NA,8/6/19,47,2.4,0.001,13.59929623,NA,10.7841101,7.403962603,NA,NA,NA,NA
P1P2G6,PEAME,F,15.63283,OCME-PEAME,ME,N,44.29059,28 to 12,NA,NA,NA,NA,NA,NA,NA,NA,NA,NA,79,11.8,7/12/19,34.75,76,9.2,5/6/19,41.63,NA,NA,NA,NA,NA,NA,NA,NA,NA,NA,NA,NA
G1G2R5,EHMA,F,19.31422,RVMA-EHMA,MA,N,41.82633,28 to 12,NA,NA,NA,NA,NA,NA,NA,NA,NA,NA,83,15.9,7/12/19,36.87,81,16,5/9/19,42.02,NA,NA,NA,NA,NA,NA,NA,NA,NA,NA,NA,NA
G3G4R5,NOC,M,27.10122,NJ,NJ,S,39.87,28 to 12,NA,NA,NA,NA,NA,NA,NA,NA,NA,NA,NA,NA,NA,NA,59,4.2,4/2/19,42,6/25/19,58,4.6,0.007,18.23681366,36.48945859,17.13275513,15.797371,NA,NA,NA,NA
O1G2P3,SOC,M,27.17952,NJ,NJ,S,39.78,28 to 12,NA,NA,NA,NA,NA,NA,NA,NA,NA,NA,NA,NA,NA,NA,NA,NA,NA,NA,6/25/19,70,10.5,0.012,48.7736061,48.08069465,29.18540881,25.79284032,NA,NA,NA,NA