FishID,pop,sex,habitat_temp,pair,state,subgroup,latitude,accl_order,wam_date,wam_length,wam_mass,tenth_perc_MO2_mg_hr,tenth_perc_MO2_mg_hr_kg,ctmax_length,ctmax_mass,ctmax_date,ctmax,cam_date,cam_length,cam_mass,heart_mass,Glucose_MR_pmol_s,FA_MR_pmol_s,LKA_MR_pmol_s,Endogenous_MR_pmol_s
O1O2O3,OCME,M,18.06903,OCME-PEAME,ME,N,44.421147,12 to 28,4/9/19,61,5.7,3.035792077,0.000532595,61,5.7,5/15/19,33.31,7/25/19,70,7.6,0.009,NA,NA,NA,NA
P1G2G5,PENME,F,21.35523,PENME-DIME,ME,N,44.4663861,12 to 28,4/9/19,62,6.8,4.067457397,0.000598155,62,6.8,5/14/19,33.28,7/25/19,66,8.2,0.011,NA,NA,NA,NA
O4R5O6,DIME,F,16.92318,PENME-DIME,ME,N,44.165011,12 to 28,4/9/19,82,14.2,4.596912086,0.000323726,82,14.2,5/14/19,33.19,7/25/19,87,15.3,0.016,NA,NA,NA,NA
G1P4O5,PENME,M,21.35523,PENME-DIME,ME,N,44.4663861,12 to 28,4/9/19,65,6.7,4.207203517,0.000627941,65,6.7,5/15/19,33.79,7/24/19,67,7.1,0.007,NA,NA,NA,NA
O1G3P5,RVMA,M,23.49572,RVMA-EHMA,MA,N,41.674169,12 to 28,4/9/19,72,10.5,4.225842494,0.000402461,72,10.5,5/15/19,33.22,NA,NA,NA,NA,NA,NA,NA,NA
G2P3G6,OCME,M,18.06903,OCME-PEAME,ME,N,44.421147,12 to 28,4/9/19,56,4,4.600733175,0.001150183,56,4,5/14/19,34.03,7/24/19,67,7,0.006,NA,NA,NA,NA
O2P3O4,EHMA,F,19.31422,RVMA-EHMA,MA,N,41.82633,12 to 28,4/9/19,62,6,4.93630781,0.000822718,62,6,5/15/19,34.74,7/24/19,69,6.9,0.009,NA,NA,NA,NA
R3G4P5,DIME,F,16.92318,PENME-DIME,ME,N,44.165011,12 to 28,4/9/19,83,13.9,6.745224318,0.000485268,83,13.9,5/14/19,32.83,7/23/19,86,11.8,0.014,NA,NA,NA,NA
P2O5R6,PEAME,F,15.63283,OCME-PEAME,ME,N,44.29059,12 to 28,4/9/19,67,10.4,5.582217787,0.000536752,67,10.4,5/15/19,32.88,7/24/19,76,11.3,0.015,NA,NA,NA,NA
P2R3G5,EHMA,M,19.31422,RVMA-EHMA,MA,N,41.82633,12 to 28,4/9/19,58,5.2,4.346367337,0.00083584,58,5.2,5/15/19,34.07,7/25/19,73,10.2,0.013,NA,NA,NA,NA
G1O2P4,DIME,M,16.92318,PENME-DIME,ME,N,44.165011,12 to 28,4/9/19,64,5.9,5.933549663,0.001005686,64,5.9,5/14/19,33.36,7/23/19,71,6.6,0.007,NA,NA,NA,NA
R1O4R5,RVMA,F,23.49572,RVMA-EHMA,MA,N,41.674169,12 to 28,4/9/19,66,11,7.282768448,0.00066207,66,11,5/15/19,34.72,7/25/19,78,12.5,0.014,NA,NA,NA,NA
G1G3O5,PEAME,M,15.63283,OCME-PEAME,ME,N,44.29059,12 to 28,4/9/19,60,5.6,4.493514442,0.000802413,60,5.6,5/15/19,33.87,7/25/19,66,6.8,0.006,NA,NA,NA,NA
P2P3O6,RVMA,F,23.49572,RVMA-EHMA,MA,N,41.674169,12 to 28,4/9/19,67,7.7,6.150796724,0.000798805,67,7.7,5/15/19,35.02,7/24/19,74,10.2,0.011,NA,NA,NA,NA
G1P2R3,PEAME,F,15.63283,OCME-PEAME,ME,N,44.29059,12 to 28,4/9/19,64,7.7,5.755494031,0.000747467,64,7.7,5/14/19,33.58,7/24/19,74,8.1,0.008,NA,NA,NA,NA
O3O4R5,RVMA,M,23.49572,RVMA-EHMA,MA,N,41.674169,12 to 28,4/9/19,69,11.4,6.106242694,0.000535635,69,11.4,5/15/19,32.48,7/23/19,77,12.1,0.015,NA,NA,NA,NA
O2G5O6,PEAME,F,15.63283,OCME-PEAME,ME,N,44.29059,12 to 28,4/9/19,64,7.3,5.913915599,0.000810125,64,7.3,5/14/19,32.48,7/24/19,69,7.8,0.008,NA,NA,NA,NA
R1R2G6,DIME,F,16.92318,PENME-DIME,ME,N,44.165011,12 to 28,4/9/19,71,12.2,7.059366057,0.000578637,71,12.2,5/15/19,33.91,7/24/19,82,11.8,0.015,NA,NA,NA,NA
P3P4R5,DIME,M,16.92318,PENME-DIME,ME,N,44.165011,12 to 28,4/9/19,62,12.6,6.24495691,0.000495632,62,12.6,5/15/19,30.6,7/25/19,84,14.1,0.016,NA,NA,NA,NA
P2G3P4,OCME,F,18.06903,OCME-PEAME,ME,N,44.421147,12 to 28,4/9/19,62,6.8,4.713941931,0.000693227,62,6.8,5/14/19,33.86,7/25/19,66,7.1,0.003,NA,NA,NA,NA
G1P2R5,PENME,F,21.35523,PENME-DIME,ME,N,44.4663861,12 to 28,4/11/19,78,12,1.700303777,0.000141692,78,12,5/14/19,33.97,7/23/19,84,11.4,0.01,NA,NA,NA,NA
O1P4P5,PEAME,F,15.63283,OCME-PEAME,ME,N,44.29059,12 to 28,4/11/19,62,8,1.882315171,0.000235289,62,8,5/15/19,33.32,NA,NA,NA,NA,NA,NA,NA,NA
P1R3G4,DIME,M,16.92318,PENME-DIME,ME,N,44.165011,12 to 28,4/11/19,65,6.2,2.343836408,0.000378038,65,6.2,5/14/19,33.05,7/25/19,71,7.8,0.007,NA,NA,NA,NA
O1R3R6,RVMA,M,23.49572,RVMA-EHMA,MA,N,41.674169,12 to 28,4/11/19,62,8,1.816999964,0.000227125,62,8,5/14/19,34.69,7/24/19,80,13,0.011,NA,NA,NA,NA
O1O2R4,DIME,M,16.92318,PENME-DIME,ME,N,44.165011,12 to 28,4/11/19,69,8.2,2.206924335,0.000269137,69,8.2,5/15/19,33.02,7/24/19,70,9,0.01,NA,NA,NA,NA
R2R4R5,PENME,M,21.35523,PENME-DIME,ME,N,44.4663861,12 to 28,4/11/19,70,8.9,3.626448668,0.000407466,70,8.9,5/14/19,33.51,7/23/19,72,10.6,0.012,NA,NA,NA,NA
G3O4G5,PENME,F,21.35523,PENME-DIME,ME,N,44.4663861,12 to 28,4/11/19,68,9,3.023989738,0.000335999,68,9,5/15/19,34.74,7/25/19,74,10.7,0.012,NA,NA,NA,NA
O2G3G4,EHMA,F,19.31422,RVMA-EHMA,MA,N,41.82633,12 to 28,4/11/19,72,10,2.718485817,0.000271849,72,10,5/14/19,34.68,7/24/19,75,10.5,0.008,NA,NA,NA,NA
O4G5P6,EHMA,M,19.31422,RVMA-EHMA,MA,N,41.82633,12 to 28,4/11/19,63,6.1,2.369634162,0.000388465,63,6.1,5/15/19,33.63,7/25/19,80,12.1,0.014,NA,NA,NA,NA
P3R5R6,OCME,M,18.06903,OCME-PEAME,ME,N,44.421147,12 to 28,4/11/19,59,5,2.36354031,0.000472708,59,5,5/15/19,32.99,7/23/19,66,5.8,0.006,NA,NA,NA,NA
P1G4R5,RVMA,F,23.49572,RVMA-EHMA,MA,N,41.674169,12 to 28,4/24/19,72,11.9,2.438810321,0.000204942,72,11.9,5/1/19,34.5,7/29/19,76,11.7,0.013,NA,NA,NA,NA
G1R2P4,PEAME,F,15.63283,OCME-PEAME,ME,N,44.29059,12 to 28,4/24/19,68,7.8,2.117065929,0.000271419,68,7.8,5/1/19,34.44,7/30/19,69,7.8,0.006,NA,NA,NA,NA
O1R4P6,PEAME,F,15.63283,OCME-PEAME,ME,N,44.29059,12 to 28,4/24/19,67,7.6,1.906547639,0.000250862,67,7.6,5/1/19,31.97,NA,NA,NA,NA,NA,NA,NA,NA
O2O4O6,PENME,M,21.35523,PENME-DIME,ME,N,44.4663861,12 to 28,4/24/19,76,9.7,1.853766015,0.00019111,76,9.7,5/1/19,32.94,7/29/19,81,12.4,0.013,NA,NA,NA,NA
P1G3G5,PEAME,F,15.63283,OCME-PEAME,ME,N,44.29059,12 to 28,4/24/19,71,9.2,2.051018411,0.000222937,71,9.2,5/1/19,33.68,NA,NA,NA,NA,NA,NA,NA,NA
O1O3R5,RVMA,F,23.49572,RVMA-EHMA,MA,N,41.674169,12 to 28,4/24/19,77,13.3,3.580701521,0.000269226,77,13.3,5/1/19,35.19,7/30/19,80,13.8,0.011,NA,NA,NA,NA
R1R2O5,OCME,M,18.06903,OCME-PEAME,ME,N,44.421147,12 to 28,4/24/19,56,3.9,1.442994732,0.000369999,56,3.9,5/1/19,34.33,NA,NA,NA,NA,NA,NA,NA,NA
P1O5R6,PENME,F,21.35523,PENME-DIME,ME,N,44.4663861,12 to 28,4/24/19,70,7.7,2.71157804,0.000352153,70,7.7,5/1/19,33.54,7/26/19,69,7.6,0.009,NA,NA,NA,NA
P2R4G6,DIME,M,16.92318,PENME-DIME,ME,N,44.165011,12 to 28,4/24/19,65,5.3,1.594785873,0.000300903,65,5.3,5/1/19,33.91,7/30/19,75,9.1,0.007,NA,NA,NA,NA
R2O4G6,RVMA,M,23.49572,RVMA-EHMA,MA,N,41.674169,12 to 28,4/24/19,65,6.3,2.184930171,0.000346814,65,6.3,5/1/19,34.74,7/29/19,71,8.8,0.0014,NA,NA,NA,NA
G1R3O4,EHMA,F,19.31422,RVMA-EHMA,MA,N,41.82633,12 to 28,4/24/19,74,10.5,4.031063093,0.000383911,74,10.5,5/1/19,33.85,NA,NA,NA,NA,NA,NA,NA,NA
P1P4P6,OCME,M,18.06903,OCME-PEAME,ME,N,44.421147,12 to 28,4/24/19,67,6.3,2.467931654,0.000391735,67,6.3,5/1/19,33.66,7/26/19,73,8.8,0.007,NA,NA,NA,NA
G1R4R6,PENME,F,21.35523,PENME-DIME,ME,N,44.4663861,12 to 28,4/24/19,66,7.5,1.932956082,0.000257727,66,7.5,5/1/19,34.13,7/26/19,72,10.8,0.011,NA,NA,NA,NA
G1R4G5,RVMA,F,23.49572,RVMA-EHMA,MA,N,41.674169,12 to 28,4/24/19,72,9.9,3.185079006,0.000321725,72,9.9,5/1/19,34.01,7/29/19,70,8.8,0.012,NA,NA,NA,NA
O1O4R5,PEAME,M,15.63283,OCME-PEAME,ME,N,44.29059,12 to 28,4/24/19,57,4.6,1.943276548,0.000422451,57,4.6,5/1/19,34.57,NA,NA,NA,NA,NA,NA,NA,NA
R3G4R6,PENME,M,21.35523,PENME-DIME,ME,N,44.4663861,12 to 28,4/26/19,71,7.8,1.739256952,0.000222982,71,7.8,5/15/19,32.32,7/29/19,76,8.8,0.009,NA,NA,NA,NA
G1O5R6,RVMA,F,23.49572,RVMA-EHMA,MA,N,41.674169,12 to 28,4/26/19,65,7.2,2.194190462,0.000304749,65,7.2,5/15/19,32.87,7/23/19,72,8.3,0.007,NA,NA,NA,NA
O1G3R4,OCME,F,18.06903,OCME-PEAME,ME,N,44.421147,12 to 28,4/26/19,65,7.2,2.127196963,0.000295444,65,7.2,5/14/19,32.94,NA,NA,NA,NA,NA,NA,NA,NA
G4G5O6,PENME,F,21.35523,PENME-DIME,ME,N,44.4663861,12 to 28,4/26/19,85,19.3,3.178068269,0.000164667,85,19.3,5/15/19,33.84,7/29/19,87,19.1,0.02,NA,NA,NA,NA
G2R4R5,DIME,F,16.92318,PENME-DIME,ME,N,44.165011,12 to 28,4/26/19,55,2.9,1.40423643,0.000484219,55,2.9,5/15/19,33.73,7/25/19,68,5.6,0.007,NA,NA,NA,NA
P1G2O4,OCME,M,18.06903,OCME-PEAME,ME,N,44.421147,12 to 28,4/26/19,66,6.1,2.758525923,0.000452217,66,6.1,5/14/19,33.77,7/25/19,71,8.7,0.012,NA,NA,NA,NA
R1P3R6,PEAME,M,15.63283,OCME-PEAME,ME,N,44.29059,12 to 28,4/26/19,60,4.6,1.684663157,0.000366231,60,4.6,5/15/19,33.02,7/23/19,66,6.4,0.005,NA,NA,NA,NA
R4O5R6,PENME,M,21.35523,PENME-DIME,ME,N,44.4663861,12 to 28,4/26/19,59,4,1.389700155,0.000347425,59,4,5/14/19,33.75,7/24/19,63,5.4,0.005,NA,NA,NA,NA
R2R3G6,OCME,M,18.06903,OCME-PEAME,ME,N,44.421147,12 to 28,4/26/19,58,4.6,1.58005332,0.00034349,58,4.6,5/14/19,33.45,7/25/19,60,4.9,0.007,NA,NA,NA,NA
R2R4P6,OCME,M,18.06903,OCME-PEAME,ME,N,44.421147,12 to 28,4/26/19,55,3.3,2.261820862,0.0006854,55,3.3,5/14/19,33.11,7/25/19,61,5.3,0.003,NA,NA,NA,NA
O2G4P5,RVMA,M,23.49572,RVMA-EHMA,MA,N,41.674169,12 to 28,4/26/19,76,11.6,2.108563851,0.000181773,NA,NA,NA,NA,NA,NA,NA,NA,NA,NA,NA,NA
R1O2G5,PEAME,F,15.63283,OCME-PEAME,ME,N,44.29059,12 to 28,4/26/19,70,8.5,1.952795598,0.000229741,NA,NA,NA,NA,NA,NA,NA,NA,NA,NA,NA,NA
G1P3P4,DIME,F,16.92318,PENME-DIME,ME,N,44.165011,12 to 28,4/26/19,58,4.6,1.75734239,0.000382031,NA,NA,NA,NA,NA,NA,NA,NA,NA,NA,NA,NA
G3O5G6,PENME,M,21.35523,PENME-DIME,ME,N,44.4663861,12 to 28,4/26/19,67,7.5,1.51546712,0.000202062,NA,NA,NA,NA,NA,NA,NA,NA,NA,NA,NA,NA
R1O5P6,EHMA,F,19.31422,RVMA-EHMA,MA,N,41.82633,12 to 28,4/26/19,67,8,2.286251461,0.000285781,NA,NA,NA,NA,NA,NA,NA,NA,NA,NA,NA,NA
R1O2R4,RVMA,F,23.49572,RVMA-EHMA,MA,N,41.674169,12 to 28,4/26/19,79,13.1,2.609353571,0.000199187,NA,NA,NA,NA,NA,NA,NA,NA,NA,NA,NA,NA
O2R4P6,PEAME,F,15.63283,OCME-PEAME,ME,N,44.29059,12 to 28,4/26/19,64,7,1.75098294,0.00025014,NA,NA,NA,NA,NA,NA,NA,NA,NA,NA,NA,NA
R2G4R6,RVMA,M,23.49572,RVMA-EHMA,MA,N,41.674169,12 to 28,4/26/19,62,5.1,1.703554866,0.00033403,NA,NA,NA,NA,NA,NA,NA,NA,NA,NA,NA,NA
P2O4O5,RVMA,M,23.49572,RVMA-EHMA,MA,N,41.674169,12 to 28,4/26/19,61,5.1,1.52288657,0.000298605,NA,NA,NA,NA,NA,NA,NA,NA,NA,NA,NA,NA
G2O3P6,PENME,M,21.35523,PENME-DIME,ME,N,44.4663861,12 to 28,4/27/19,66,5.6,1.344955321,0.000240171,66,5.6,5/3/19,33.1,7/30/19,71,7.6,0.01,NA,NA,NA,NA
P2R3P6,RVMA,F,23.49572,RVMA-EHMA,MA,N,41.674169,12 to 28,4/27/19,67,7.1,2.767483818,0.000389786,67,7.1,5/3/19,34.01,7/29/19,68,9,0.009,NA,NA,NA,NA
P2G4G6,DIME,M,16.92318,PENME-DIME,ME,N,44.165011,12 to 28,4/27/19,72,7.7,2.031410876,0.00026382,72,7.7,5/3/19,34.45,NA,NA,NA,NA,NA,NA,NA,NA
O1P2R6,DIME,M,16.92318,PENME-DIME,ME,N,44.165011,12 to 28,4/27/19,67,6.4,2.361418825,0.000368972,67,6.4,5/3/19,34.23,7/29/19,69,6.6,0.011,NA,NA,NA,NA
O1O2G5,RVMA,M,23.49572,RVMA-EHMA,MA,N,41.674169,12 to 28,4/27/19,77,9.3,2.323917165,0.000249884,77,9.3,5/3/19,33.23,7/30/19,83,13.8,0.016,NA,NA,NA,NA
P1O2P6,OCME,F,18.06903,OCME-PEAME,ME,N,44.421147,12 to 28,4/27/19,59,5.5,2.245190281,0.000408216,59,5.5,5/3/19,34.32,NA,NA,NA,NA,NA,NA,NA,NA
R4O5G6,OCME,F,18.06903,OCME-PEAME,ME,N,44.421147,12 to 28,4/27/19,75,10,2.964302834,0.00029643,75,10,5/3/19,34.14,7/29/19,75,10.8,0.013,NA,NA,NA,NA
G2R3R6,RVMA,M,23.49572,RVMA-EHMA,MA,N,41.674169,12 to 28,4/27/19,74,9.7,2.397954135,0.000247212,74,9.7,5/3/19,34.99,NA,NA,NA,NA,NA,NA,NA,NA
G3O5P6,EHMA,F,19.31422,RVMA-EHMA,MA,N,41.82633,12 to 28,4/27/19,76,11.6,3.819017121,0.000329226,76,11.6,5/3/19,34.54,7/26/19,75,11.7,0.016,NA,NA,NA,NA
P1G3P4,PENME,F,21.35523,PENME-DIME,ME,N,44.4663861,12 to 28,4/27/19,71,9.1,3.238299752,0.000355857,71,9.1,5/3/19,32.86,NA,NA,NA,NA,NA,NA,NA,NA
G1O3G5,PENME,M,21.35523,PENME-DIME,ME,N,44.4663861,12 to 28,4/27/19,70,6.8,2.114109348,0.000310898,70,6.8,5/3/19,34.14,7/30/19,72,9.4,0.013,NA,NA,NA,NA
R2G3G5,PENME,F,21.35523,PENME-DIME,ME,N,44.4663861,12 to 28,4/27/19,81,12.4,3.056843046,0.00024652,81,12.4,5/3/19,34.14,7/29/19,84,15.1,0.012,NA,NA,NA,NA
P1O3P4,EHMA,M,19.31422,RVMA-EHMA,MA,N,41.82633,12 to 28,4/27/19,75,13.1,3.992385363,0.000304762,75,13.1,5/3/19,35.83,7/26/19,84,15.2,0.015,NA,NA,NA,NA
P3G4O6,PEAME,F,15.63283,OCME-PEAME,ME,N,44.29059,12 to 28,4/27/19,71,8.8,2.650228054,0.000301162,71,8.8,5/3/19,34.37,NA,NA,NA,NA,NA,NA,NA,NA
R2G5G6,PEAME,M,15.63283,OCME-PEAME,ME,N,44.29059,12 to 28,4/27/19,71,7.8,1.949144291,0.00024989,71,7.8,5/3/19,34.14,7/30/19,73,8.4,0.009,NA,NA,NA,NA
G1O2P5,PEAME,M,15.63283,OCME-PEAME,ME,N,44.29059,12 to 28,4/27/19,62,5,2.104769817,0.000420954,62,5,5/3/19,34.86,7/30/19,69,6.4,0.007,NA,NA,NA,NA
P2O3O4,OCME,F,18.06903,OCME-PEAME,ME,N,44.421147,12 to 28,4/27/19,85,13.8,3.404909831,0.000246733,85,13.8,5/3/19,34.14,7/30/19,85,15.1,0.013,NA,NA,NA,NA
G2O3G6,DIME,M,16.92318,PENME-DIME,ME,N,44.165011,12 to 28,4/27/19,70,6.5,1.762291859,0.000271122,70,6.5,5/3/19,32.73,7/30/19,73,7.5,0.01,NA,NA,NA,NA
R3P4R6,DIME,M,16.92318,PENME-DIME,ME,N,44.165011,12 to 28,4/27/19,71,6.9,2.1297509,0.00030866,71,6.9,5/3/19,32.96,7/29/19,76,8.9,0.011,NA,NA,NA,NA
O1P4O6,OCME,M,18.06903,OCME-PEAME,ME,N,44.421147,12 to 28,5/1/19,64,5.5,1.582337043,287.6976442,64,5.5,5/8/19,34.14,7/29/19,66,7.6,0.008,NA,NA,NA,NA
G3R4O6,PENME,M,21.35523,PENME-DIME,ME,N,44.4663861,12 to 28,5/1/19,67,7,1.644376744,234.9109635,67,7,5/8/19,33.8,7/26/19,75,9.8,0.012,NA,NA,NA,NA
O2G3O5,RVMA,M,23.49572,RVMA-EHMA,MA,N,41.674169,12 to 28,5/1/19,73,9.3,1.438238046,154.6492523,73,9.3,5/8/19,35.1,7/26/19,82,14,0.019,NA,NA,NA,NA
P2R4O5,EHMA,M,19.31422,RVMA-EHMA,MA,N,41.82633,12 to 28,5/1/19,56,4.3,1.479258897,344.0136969,56,4.3,5/8/19,34.6,NA,NA,NA,NA,NA,NA,NA,NA
R1R2G4,OCME,F,18.06903,OCME-PEAME,ME,N,44.421147,12 to 28,5/1/19,60,5.4,1.682634972,311.5990688,60,5.4,5/8/19,33.97,NA,NA,NA,NA,NA,NA,NA,NA
O2G4G6,EHMA,M,19.31422,RVMA-EHMA,MA,N,41.82633,12 to 28,5/1/19,57,4.3,1.298523422,301.9821911,57,4.3,5/8/19,33.72,NA,NA,NA,NA,NA,NA,NA,NA
R2R3O6,EHMA,M,19.31422,RVMA-EHMA,MA,N,41.82633,12 to 28,5/1/19,56,3.7,1.297400784,350.6488605,56,3.7,5/8/19,34.17,7/30/19,67,7.3,0.008,NA,NA,NA,NA
O1G2O5,EHMA,F,19.31422,RVMA-EHMA,MA,N,41.82633,12 to 28,5/1/19,61,5.5,1.789475411,325.3591656,61,5.5,5/8/19,34.62,NA,NA,NA,NA,NA,NA,NA,NA
R2R3R4,OCME,M,18.06903,OCME-PEAME,ME,N,44.421147,12 to 28,5/1/19,56,3.9,1.547932429,396.9057511,56,3.9,5/8/19,34.65,7/30/19,66,6.4,0.008,NA,NA,NA,NA
G2R4O6,OCME,M,18.06903,OCME-PEAME,ME,N,44.421147,12 to 28,5/1/19,61,5.2,1.321656577,254.1647264,61,5.2,5/8/19,33.54,7/26/19,64,6.2,0.008,NA,NA,NA,NA
P2R4P5,PEAME,M,15.63283,OCME-PEAME,ME,N,44.29059,12 to 28,5/1/19,67,6.5,1.62932768,250.6657969,67,6.5,5/8/19,33.86,7/29/19,70,7.6,0.007,NA,NA,NA,NA
P2G3O4,EHMA,F,19.31422,RVMA-EHMA,MA,N,41.82633,12 to 28,5/1/19,67,9.3,1.519019314,163.3354101,67,9.3,5/8/19,34.73,NA,NA,NA,NA,NA,NA,NA,NA
R4R5P6,PEAME,F,15.63283,OCME-PEAME,ME,N,44.29059,12 to 28,5/1/19,69,8.9,1.549422356,174.0923996,69,8.9,5/8/19,34.09,7/26/19,73,10.1,0.007,NA,NA,NA,NA
O2G3O4,EHMA,F,19.31422,RVMA-EHMA,MA,N,41.82633,12 to 28,5/1/19,62,5.9,1.434836274,243.1925889,62,5.9,5/8/19,35.04,7/30/19,73,9.8,0.013,NA,NA,NA,NA
G1O4G5,DIME,M,16.92318,PENME-DIME,ME,N,44.165011,12 to 28,5/1/19,65,5.7,1.705472228,299.2056541,65,5.7,5/8/19,35.19,7/26/19,76,11.5,0.008,NA,NA,NA,NA
P2R3O5,RVMA,M,23.49572,RVMA-EHMA,MA,N,41.674169,12 to 28,5/1/19,65,6.3,1.348153697,213.9926504,65,6.3,5/8/19,33.74,7/26/19,72,7.9,0.01,NA,NA,NA,NA
G2O3G5,PEAME,M,15.63283,OCME-PEAME,ME,N,44.29059,12 to 28,5/1/19,66,6.5,1.67805948,258.162997,66,6.5,5/8/19,33.86,7/26/19,72,8.3,0.009,NA,NA,NA,NA
G1G3R6,RVMA,M,23.49572,RVMA-EHMA,MA,N,41.674169,12 to 28,5/1/19,63,6.1,1.59026696,260.6995017,63,6.1,5/8/19,35.21,7/30/19,75,10.1,0.014,NA,NA,NA,NA
O1P3P4,OCME,F,18.06903,OCME-PEAME,ME,N,44.421147,12 to 28,5/1/19,71,8.5,1.397718314,164.4374487,71,8.5,5/8/19,33.8,NA,NA,NA,NA,NA,NA,NA,NA
G1R2P5,NOCNJ,M,27.10122,NJ,NJ,S,39.87,12 to 28,3/21/19,72,6.2,2.276732806,367.2149687,75,7.5,3/28/19,36.6,6/28/19,71,8,0.007,NA,NA,NA,NA
G1R4P6,OCENJ,M,30.57388,NJ,NJ,S,39.81,12 to 28,3/21/19,78,8.8,2.140488756,243.2373586,78,8.8,4/3/19,36.4,6/26/19,76,12,0.011,NA,NA,NA,NA
G2G3R5,NOCNJ,F,27.10122,NJ,NJ,S,39.87,12 to 28,3/21/19,80,10,1.950754036,195.0754036,80,10,4/3/19,36,6/26/19,76,12,0.007,NA,NA,NA,NA
G2O4G6,NOCNJ,M,27.10122,NJ,NJ,S,39.87,12 to 28,3/21/19,72,5.8,1.603597987,276.4824115,72,5.8,3/28/19,36.1,NA,NA,NA,NA,NA,NA,NA,NA
G2P4G5,SOCNJ,F,27.17952,NJ,NJ,S,39.78,12 to 28,3/21/19,90,12.8,1.622288046,126.7412536,90,12.8,4/3/19,36.3,6/26/19,85,15.1,0.014,NA,NA,NA,NA
G4G5R6,NOCNJ,M,27.10122,NJ,NJ,S,39.87,12 to 28,3/21/19,75,7.5,1.566653147,208.8870862,75,7.5,4/3/19,36.4,6/26/19,81,13.2,0.011,NA,NA,NA,NA
O1G3O6,NOCNJ,F,27.10122,NJ,NJ,S,39.87,12 to 28,3/21/19,77,8.4,1.400107498,166.679464,77,8.4,4/3/19,35.9,NA,NA,NA,NA,NA,NA,NA,NA
O1O2R5,NOCNJ,F,27.10122,NJ,NJ,S,39.87,12 to 28,3/21/19,81,9,1.993549344,221.5054827,81,9,3/28/19,35.5,6/26/19,77,11.1,0.014,NA,NA,NA,NA
O2O4R5,NOCNJ,F,27.10122,NJ,NJ,S,39.87,12 to 28,3/21/19,85,10.6,2.03207848,191.7055169,85,10.6,3/28/19,36.5,NA,NA,NA,NA,NA,NA,NA,NA
P1G2R3,SOCNJ,M,27.17952,NJ,NJ,S,39.78,12 to 28,3/21/19,75,7.3,2.467920725,338.0713323,75,7.3,4/3/19,35.7,6/26/19,77,11.2,0.014,NA,NA,NA,NA
P1G4G5,NOCNJ,F,27.10122,NJ,NJ,S,39.87,12 to 28,3/21/19,91,13.8,2.740096715,198.557733,91,13.8,3/28/19,36.3,6/28/19,81,16,0.014,NA,NA,NA,NA
P2O4G5,SOCNJ,F,27.17952,NJ,NJ,S,39.78,12 to 28,3/21/19,75,7.5,2.922063512,389.6084682,75,7.5,3/28/19,36,6/28/19,71,10.8,0.009,NA,NA,NA,NA
R1G2P4,NOCNJ,F,27.10122,NJ,NJ,S,39.87,12 to 28,3/21/19,80,9.2,2.059430695,223.8511624,80,9.2,3/28/19,35.9,6/26/19,70,9.7,0.012,NA,NA,NA,NA
R1G3R5,SOCNJ,M,27.17952,NJ,NJ,S,39.78,12 to 28,3/21/19,78,8.3,1.468820133,176.9662811,78,8.3,4/3/19,35,6/26/19,79,12.2,0.013,NA,NA,NA,NA
R1O2P6,SOCNJ,F,27.17952,NJ,NJ,S,39.78,12 to 28,3/21/19,94,16.4,3.395664493,207.052713,94,16.4,3/28/19,36.1,6/28/19,84,19.1,0.021,NA,NA,NA,NA
R3G5O6,OCENJ,M,30.57388,NJ,NJ,S,39.81,12 to 28,3/21/19,73,6.4,3.218408133,502.8762707,73,6.4,3/28/19,35.6,6/26/19,75,10.8,0.011,NA,NA,NA,NA
R3R5R6,SOCNJ,M,27.17952,NJ,NJ,S,39.78,12 to 28,3/21/19,83,9.5,1.508669839,158.8073515,83,9.5,3/28/19,35.4,6/27/19,78,12.7,0.01,NA,NA,NA,NA
G1O2G6,OCENJ,F,30.57388,NJ,NJ,S,39.81,12 to 28,4/2/19,74,9.1,2.054763362,225.7981716,NA,NA,NA,NA,NA,NA,NA,NA,NA,NA,NA,NA
O1R2G5,OCENJ,M,30.57388,NJ,NJ,S,39.81,12 to 28,4/2/19,75,7.1,2.134547271,300.6404607,75,7.1,4/9/19,36.8,6/27/19,71,9.5,0.011,NA,NA,NA,NA
O2G5R6,OCENJ,M,30.57388,NJ,NJ,S,39.81,12 to 28,4/2/19,70,6.5,1.991800899,306.4309075,70,6.5,4/9/19,35.7,6/27/19,66,8.5,0.007,NA,NA,NA,NA
O2R5R6,OCENJ,M,30.57388,NJ,NJ,S,39.81,12 to 28,4/2/19,75,7.2,2.803372956,389.357355,75,7.2,4/9/19,36.4,6/28/19,67,9.1,0.009,NA,NA,NA,NA
O3G5R6,SOCNJ,F,27.17952,NJ,NJ,S,39.78,12 to 28,4/2/19,81,10,3.574111298,357.4111298,81,10,4/9/19,36.6,6/27/19,82,13.4,0.012,NA,NA,NA,NA
O3O4G5,SOCNJ,M,27.17952,NJ,NJ,S,39.78,12 to 28,4/2/19,89,11.9,2.81040283,236.168305,89,11.9,4/9/19,35.4,NA,NA,NA,NA,NA,NA,NA,NA
O4O5R6,OCENJ,F,30.57388,NJ,NJ,S,39.81,12 to 28,4/2/19,95,15.9,3.458119806,217.4918117,95,15.9,4/9/19,36.4,6/28/19,86,15.5,0.02,NA,NA,NA,NA
P1G5O6,SOCNJ,F,27.17952,NJ,NJ,S,39.78,12 to 28,4/2/19,85,13.7,3.119926852,227.731887,85,13.7,4/9/19,35.8,6/28/19,75,12.2,0.012,NA,NA,NA,NA
P1R3R5,OCENJ,F,30.57388,NJ,NJ,S,39.81,12 to 28,4/2/19,90,13.2,0.959753145,72.7085716,90,13.2,4/9/19,36.3,6/27/19,78,12.1,0.014,NA,NA,NA,NA
P2R4G5,OCENJ,F,30.57388,NJ,NJ,S,39.81,12 to 28,4/2/19,82,10.6,3.123603701,294.6795944,82,10.6,4/9/19,35.5,6/27/19,78,11.8,0.013,NA,NA,NA,NA
R1R2R6,OCENJ,F,30.57388,NJ,NJ,S,39.81,12 to 28,4/2/19,75,7.6,1.866182283,245.5503004,75,7.6,4/9/19,36.3,6/26/19,70,9.4,0.01,NA,NA,NA,NA
R1R3G6,OCENJ,M,30.57388,NJ,NJ,S,39.81,12 to 28,4/2/19,75,7.3,1.732613606,237.3443295,75,7.3,4/9/19,36.5,6/27/19,76,10.7,0.011,NA,NA,NA,NA
R1R5P6,SOCNJ,M,27.17952,NJ,NJ,S,39.78,12 to 28,4/2/19,87,11.4,2.741538199,240.485807,87,11.4,4/9/19,35.4,NA,NA,NA,NA,NA,NA,NA,NA
R2O3O5,SOCNJ,M,27.17952,NJ,NJ,S,39.78,12 to 28,4/2/19,74,7.6,1.740044479,228.9532209,74,7.6,4/9/19,36.2,6/27/19,70,8.8,0.006,NA,NA,NA,NA
R2P4O5,OCENJ,M,30.57388,NJ,NJ,S,39.81,12 to 28,4/2/19,76,8.6,2.228479346,259.1255054,NA,NA,NA,NA,NA,NA,NA,NA,NA,NA,NA,NA
G1O3G6,PENME,M,21.35523,PENME-DIME,ME,N,44.4663861,28 to 12,6/18/19,70,7.4,1.12023651,151.3833122,70,7.4,7/8/19,36.07,8/1/19,72,8.6,0.012,48.19348694,17.78570936,24.679854,22.7015271
R3P4G5,PENME,F,21.35523,PENME-DIME,ME,N,44.4663861,28 to 12,6/18/19,78,11.1,1.629317026,146.7853176,78,11.1,7/8/19,34.79,8/1/19,80,12.4,0.016,49.30874449,36.35002291,29.92629821,27.89982072
O2R3G6,DIME,F,16.92318,PENME-DIME,ME,N,44.165011,28 to 12,6/18/19,80,11.1,1.283602612,115.639875,80,11.1,7/8/19,35.19,NA,NA,NA,NA,NA,NA,NA,NA
P3O5G6,PEAME,F,15.63283,OCME-PEAME,ME,N,44.29059,28 to 12,6/18/19,68,7.7,1.165039035,151.3037707,68,7.7,7/8/19,35.8,7/31/19,72,8.7,0.015,28.10649898,21.94088834,20.9849104,18.66762668
G1P2O3,PEAME,M,15.63283,OCME-PEAME,ME,N,44.29059,28 to 12,6/18/19,68,7,1.186002355,169.4289079,68,7,7/8/19,36.49,7/31/19,69,7.8,0.01,21.23973348,7.020798633,25.21599482,17.53555906
G2R3G6,RVMA,F,23.49572,RVMA-EHMA,MA,N,41.674169,28 to 12,6/18/19,65,7.1,1.397436119,196.8219886,65,7.1,7/8/19,35.89,8/1/19,71,8.3,0.012,46.80688425,30.95574299,26.63483193,25.60754988
P1O3G4,PENME,F,21.35523,PENME-DIME,ME,N,44.4663861,28 to 12,6/18/19,73,8.9,1.3100426,147.1957977,73,8.9,7/8/19,35.86,7/31/19,75,9.5,0.014,37.04039966,29.21436437,28.41230909,28.42804757
G1O4P5,OCME,F,18.06903,OCME-PEAME,ME,N,44.421147,28 to 12,6/18/19,80,10.7,1.289857428,120.5474232,80,10.7,7/8/19,35.3,8/1/19,83,11.7,0.019,41.68375607,28.93861126,28.76310344,31.91219742
O1G2G3,PENME,M,21.35523,PENME-DIME,ME,N,44.4663861,28 to 12,6/18/19,70,8,1.250471008,156.308876,70,8,7/8/19,34.47,7/31/19,74,9.5,0.012,24.52739144,24.52666259,20.13731051,8.619399241
O2O5R6,EHMA,F,19.31422,RVMA-EHMA,MA,N,41.82633,28 to 12,6/18/19,64,6,1.171539226,195.2565377,64,6,7/8/19,36.21,7/31/19,65,6.4,0.01,22.1682966,15.18582831,18.69351596,16.81818564
G2O3O6,DIME,M,16.92318,PENME-DIME,ME,N,44.165011,28 to 12,6/18/19,71,6.6,1.156450359,175.2197513,71,6.6,7/9/19,36.46,8/1/19,71,7.1,0.008,28.59551062,19.74276615,14.63635176,20.33559675
G1G2R4,OCME,M,18.06903,OCME-PEAME,ME,N,44.421147,28 to 12,6/18/19,68,6.2,1.096839569,176.9096078,68,6.2,7/8/19,36.28,7/31/19,67,7.1,0.01,20.42313793,21.7892409,22.07998715,23.36292271
P1G3O5,DIME,M,16.92318,PENME-DIME,ME,N,44.165011,28 to 12,6/18/19,66,5.5,1.13850369,207.0006708,66,5.5,7/8/19,36.12,7/31/19,65,6.8,0.007,22.17045817,23.25445918,25.90995712,24.60062045
G1O4O5,RVMA,M,23.49572,RVMA-EHMA,MA,N,41.674169,28 to 12,6/18/19,78,11.8,1.532979221,129.9134933,78,11.8,7/8/19,35.39,7/31/19,83,14.1,0.017,39.08905485,32.71423438,34.23481421,36.93699215
P4G5G6,EHMA,M,19.31422,RVMA-EHMA,MA,N,41.82633,28 to 12,6/18/19,82,13.3,1.531812915,115.1739034,82,13.3,7/8/19,37.5,8/1/19,82,14,0.023,53.21677017,47.53106626,32.14849813,33.81277976
R2G5O6,PENME,F,21.35523,PENME-DIME,ME,N,44.4663861,28 to 12,6/18/19,81,10,1.250869332,125.0869332,81,10,7/8/19,35.5,8/1/19,82,10.6,0.016,31.55551834,24.1073455,16.31400706,29.05559639
R1G3P6,DIME,M,16.92318,PENME-DIME,ME,N,44.165011,28 to 12,6/18/19,72,7.6,1.295648605,170.4800795,72,7.6,7/8/19,36.09,7/31/19,79,8.6,0.011,36.59335364,19.30668646,19.83670894,17.66834001
R3G5P6,EHMA,F,19.31422,RVMA-EHMA,MA,N,41.82633,28 to 12,6/19/19,86,15.5,1.522521097,98.22716753,86,15.5,7/9/19,37.2,8/1/19,90,16.7,0.026,66.61081457,34.78527077,42.66829684,42.05451358
G1O3R4,DIME,F,16.92318,PENME-DIME,ME,N,44.165011,28 to 12,6/19/19,83,11.8,1.277881559,108.2950474,83,11.8,7/9/19,37.1,8/1/19,86,12.9,0.016,51.54531771,30.43791042,30.7779431,24.77273007
R2O5G6,DIME,F,16.92318,PENME-DIME,ME,N,44.165011,28 to 12,6/19/19,94,15,1.310856728,87.3904485,94,15,7/8/19,36.78,8/1/19,92,17.4,0.029,70.95574228,35.52415554,36.60944887,37.64881107
G2P3P4,PEAME,F,15.63283,OCME-PEAME,ME,N,44.29059,28 to 12,6/19/19,75,8.1,1.121382069,138.4422307,75,8.1,7/8/19,37.46,7/31/19,77,8.9,0.01,24.67806154,22.03049584,24.95103844,23.90844249
G3G5G6,PEAME,M,15.63283,OCME-PEAME,ME,N,44.29059,28 to 12,6/19/19,71,7,1.109793391,158.5419131,71,7,7/8/19,36.78,7/31/19,72,7.5,0.013,27.17092555,20.09707703,22.58642699,14.83118895
O1R2G3,EHMA,F,19.31422,RVMA-EHMA,MA,N,41.82633,28 to 12,6/19/19,57,6.5,1.222127803,188.019662,57,6.5,7/8/19,36.55,7/31/19,63,7.5,0.008,26.12804271,21.48441863,21.22318854,22.48262168
P3G5R6,OCME,F,18.06903,OCME-PEAME,ME,N,44.421147,28 to 12,6/19/19,75,9.8,1.475975041,150.6096981,75,9.8,7/8/19,34.96,7/31/19,76,10.9,0.012,41.30766954,27.6526081,28.0390773,28.02225028
R1G4R6,RVMA,F,23.49572,RVMA-EHMA,MA,N,41.674169,28 to 12,6/19/19,81,11.8,1.643758713,139.3015858,81,11.8,7/8/19,36.86,8/1/19,81,12.8,0.018,58.67513908,38.40385897,33.75284424,32.0496879
G1O2P6,PEAME,F,15.63283,OCME-PEAME,ME,N,44.29059,28 to 12,6/19/19,72,7.4,1.094080792,147.8487557,72,7.4,7/8/19,36.33,7/31/19,75,8.9,0.011,27.40706591,18.91285648,25.19487593,24.56088694
O2R5P6,OCME,M,18.06903,OCME-PEAME,ME,N,44.421147,28 to 12,6/19/19,55,3.6,0.925277352,257.0214866,55,3.6,7/9/19,33.75,8/1/19,59,4,0.008,24.21108201,17.06641366,14.05416303,13.34478585
O1G5R6,EHMA,M,19.31422,RVMA-EHMA,MA,N,41.82633,28 to 12,6/19/19,75,9.5,1.34130752,141.1902653,75,9.5,7/9/19,36.83,8/1/19,73,11,0.015,40.57768932,32.20901284,25.19355694,23.33514014
G2O4P5,RVMA,M,23.49572,RVMA-EHMA,MA,N,41.674169,28 to 12,6/19/19,69,6.4,1.195395365,186.7805257,69,6.4,7/8/19,36.55,7/31/19,69,7.1,0.012,26.64523145,25.67380378,28.40972998,28.26936742
R4R5G6,RVMA,F,23.49572,RVMA-EHMA,MA,N,41.674169,28 to 12,6/19/19,82,14.4,1.60739942,111.6249597,82,14.4,7/8/19,37.07,7/31/19,84,17.3,0.029,62.86867128,42.37556331,NA,44.96570705
O2P4G5,RVMA,M,23.49572,RVMA-EHMA,MA,N,41.674169,28 to 12,6/19/19,75,10.5,1.442484265,137.3794538,75,10.5,7/9/19,36.19,8/1/19,76,11.3,0.023,32.81755679,29.77477987,25.03473668,26.70835642
G3G4O5,OCME,M,18.06903,OCME-PEAME,ME,N,44.421147,28 to 12,6/19/19,65,6.3,1.142949983,181.4206322,65,6.3,7/8/19,34.85,7/31/19,66,7,0.012,30.54136861,12.41681165,22.46444129,19.35921768
G1G3G6,DIME,M,16.92318,PENME-DIME,ME,N,44.165011,28 to 12,6/19/19,79,8.7,1.289387347,148.2054421,79,8.7,7/9/19,35.22,8/1/19,78,9.6,0.014,38.36444131,23.62766022,30.1950041,29.68115482
O1O5G6,DIME,F,16.92318,PENME-DIME,ME,N,44.165011,28 to 12,6/19/19,61,5,1.09586511,219.1730221,61,5,7/9/19,35.75,8/1/19,66,5.6,0.01,26.90467254,11.65278205,13.32335649,14.0514439
O2O3G4,DIME,M,16.92318,PENME-DIME,ME,N,44.165011,28 to 12,6/19/19,70,6.3,1.182643627,187.7212106,70,6.3,7/8/19,36.59,7/31/19,71,7.4,0.012,26.37426788,16.72042975,23.54476412,23.89261206
P2O4R6,OCME,M,18.06903,OCME-PEAME,ME,N,44.421147,28 to 12,6/20/19,73,9.1,1.233407494,135.539285,73,9.1,7/9/19,35.27,8/5/19,77,9.5,0.019,36.16412066,24.24838168,22.55332909,22.44142366
G3P4G5,RVMA,M,23.49572,RVMA-EHMA,MA,N,41.674169,28 to 12,6/20/19,79,10.9,1.26894792,116.4172403,79,10.9,7/9/19,36.86,8/5/19,82,11,0.014,38.44513251,NA,26.57445085,24.45604646
G1G2G4,RVMA,F,23.49572,RVMA-EHMA,MA,N,41.674169,28 to 12,6/20/19,76,11.6,1.338949497,115.4266808,76,11.6,7/9/19,35.42,8/5/19,76,11.5,0.012,35.6828465,20.21590802,18.5610743,25.52717711
P1P2R4,EHMA,F,19.31422,RVMA-EHMA,MA,N,41.82633,28 to 12,6/20/19,68,8.2,1.29450143,157.8660281,68,8.2,7/9/19,36.97,8/5/19,71,9.3,0.012,32.45854583,23.62735778,19.44645428,19.01155209
P2R3G6,DIME,M,16.92318,PENME-DIME,ME,N,44.165011,28 to 12,6/20/19,77,9.5,1.290768369,135.8703546,77,9.5,7/9/19,36.21,8/5/19,78,10.8,0.013,34.13308452,39.63247184,23.60039077,22.40281071
O1P2G5,OCME,M,18.06903,OCME-PEAME,ME,N,44.421147,28 to 12,6/20/19,59,4.9,1.218855673,248.7460558,59,4.9,7/9/19,36.13,8/5/19,61,5.4,0.007,16.53681446,10.83112014,7.764410512,9.422911796
O1R5P6,PEAME,F,15.63283,OCME-PEAME,ME,N,44.29059,28 to 12,6/20/19,71,8.5,1.240087317,145.8926255,71,8.5,7/9/19,34.79,8/5/19,74,7.1,0.013,29.66268739,9.73335482,20.62637031,11.56412634
P4G5R6,PEAME,M,15.63283,OCME-PEAME,ME,N,44.29059,28 to 12,6/20/19,65,5.6,1.216181808,217.1753229,65,5.6,7/9/19,35.43,8/5/19,66,6.3,0.007,17.5651061,7.290534129,12.97681478,11.10932513
G1G2P3,PEAME,M,15.63283,OCME-PEAME,ME,N,44.29059,28 to 12,6/20/19,67,7.6,1.233870868,162.35143,67,7.6,7/9/19,35.04,8/5/19,70,7.7,0.011,33.04534616,12.06120237,19.04216858,16.80320348
O1R2O5,PENME,F,21.35523,PENME-DIME,ME,N,44.4663861,28 to 12,6/20/19,74,9.8,1.255493102,128.1115411,74,9.8,7/9/19,35.84,8/5/19,76,10.6,0.013,39.75742691,23.55271612,17.10704454,19.86221555
P2G4G5,PENME,F,21.35523,PENME-DIME,ME,N,44.4663861,28 to 12,6/20/19,70,8.1,1.08064143,133.4125222,70,8.1,7/9/19,36.57,8/5/19,72,8.2,0.013,28.42144159,5.226575876,20.40860139,16.39274929
O2R5O6,PEAME,M,15.63283,OCME-PEAME,ME,N,44.29059,28 to 12,6/20/19,63,4.8,1.175245466,244.8428054,63,4.8,7/9/19,36.8,8/1/19,61,6,0.007,22.09043941,17.83781587,15.11565335,14.58949505
G2G3G4,EHMA,F,19.31422,RVMA-EHMA,MA,N,41.82633,28 to 12,6/20/19,72,8.9,1.387996945,155.954713,72,8.9,7/9/19,36.64,8/5/19,75,10,0.013,34.09906508,NA,19.92938192,17.5831457
P1O4G5,PEAME,F,15.63283,OCME-PEAME,ME,N,44.29059,28 to 12,6/20/19,72,8.9,1.346395903,151.2804385,72,8.9,7/9/19,36.21,8/5/19,76,9.5,0.011,26.45778907,24.11603974,20.48313598,15.95551739
P1P2G5,EHMA,M,19.31422,RVMA-EHMA,MA,N,41.82633,28 to 12,6/20/19,71,8.2,1.146323448,139.7955425,71,8.2,7/9/19,36.1,8/5/19,74,9.6,0.01,30.97303026,21.80359887,19.96348932,18.47114905
R1R3P5,OCME,M,18.06903,OCME-PEAME,ME,N,44.421147,28 to 12,6/20/19,59,4.1,1.037743572,253.1081883,59,4.1,7/9/19,36.21,8/5/19,66,4.6,0.01,17.92442861,13.60734217,9.715712251,10.74796761
G2P3R5,RVMA,M,23.49572,RVMA-EHMA,MA,N,41.674169,28 to 12,6/20/19,66,6.3,1.26977526,201.5516286,66,6.3,7/9/19,36.3,8/5/19,61,7.1,0.008,28.6876804,NA,20.37797945,16.5267256
G1O2G5,PENME,F,21.35523,PENME-DIME,ME,N,44.4663861,28 to 12,6/20/19,66,6.2,1.174970868,189.5114303,66,6.2,7/9/19,35.76,8/5/19,68,7.1,0.006,31.0163648,30.57368777,12.22275778,12.91098372
R1O5O6,EHMA,M,19.31422,RVMA-EHMA,MA,N,41.82633,28 to 12,6/20/19,60,4.8,0.950476644,198.0159675,60,4.8,7/9/19,36.05,8/5/19,62,5.3,0.006,22.82663802,NA,14.33719947,11.9319979
G2G3R6,OCME,F,18.06903,OCME-PEAME,ME,N,44.421147,28 to 12,6/20/19,59,4.5,1.161007717,258.001715,59,4.5,7/9/19,36.11,8/5/19,61,5,0.007,18.2269469,NA,8.128986679,9.277332149
O1G4P6,PEAME,F,15.63283,OCME-PEAME,ME,N,44.29059,28 to 12,6/21/19,74,8,1.169200969,146.1501212,74,8,7/10/19,34.46,8/6/19,75,9.3,0.015,41.42421164,NA,28.71389917,23.83486844
R3R5O6,PENME,F,21.35523,PENME-DIME,ME,N,44.4663861,28 to 12,6/21/19,80,10.5,1.498268249,142.6922142,80,10.5,7/10/19,34.04,8/7/19,80,11.9,0.02,37.5617468,25.73494431,NA,NA
O2G3P5,PEAME,F,15.63283,OCME-PEAME,ME,N,44.29059,28 to 12,6/21/19,72,9.5,1.561421248,164.3601313,72,9.5,7/10/19,35.65,8/6/19,74,10.3,0.011,36.11022482,33.88144681,51.87396023,27.62687585
R2O3P4,OCME,F,18.06903,OCME-PEAME,ME,N,44.421147,28 to 12,6/21/19,67,8.1,1.308608652,161.5566238,67,8.1,7/10/19,35.45,8/6/19,71,8.3,0.011,26.24245744,NA,26.76971346,19.53951949
R2P4R6,OCME,M,18.06903,OCME-PEAME,ME,N,44.421147,28 to 12,6/21/19,63,5.8,1.065425644,183.6940765,63,5.8,7/10/19,35.19,8/6/19,64,5.6,0.007,23.91733667,21.76863132,20.68898338,3.882462658
G1R3O5,RVMA,M,23.49572,RVMA-EHMA,MA,N,41.674169,28 to 12,6/21/19,80,13.6,1.658689594,121.9624702,80,13.6,7/10/19,36.2,8/6/19,70,14.2,0.025,45.13861364,NA,47.6091696,40.75838219
G1O4R6,PENME,F,21.35523,PENME-DIME,ME,N,44.4663861,28 to 12,6/21/19,75,10,1.573902499,157.3902499,75,10,7/10/19,35.31,8/7/19,78,11.2,0.019,39.8676325,31.88595511,30.615026,NA
G1G3P5,DIME,M,16.92318,PENME-DIME,ME,N,44.165011,28 to 12,6/21/19,67,6.9,1.383537915,200.5127413,67,6.9,7/10/19,35.07,8/6/19,71,7.7,0.012,60.55050714,36.98962694,31.66584032,25.0840475
O1O3O6,PENME,M,21.35523,PENME-DIME,ME,N,44.4663861,28 to 12,6/21/19,75,10.7,1.43235241,133.8647112,75,10.7,7/10/19,36.35,8/7/19,79,11.5,0.014,40.63009972,33.79190465,32.21900402,29.5736551
O2R3G5,OCME,M,18.06903,OCME-PEAME,ME,N,44.421147,28 to 12,6/21/19,66,6,1.482162577,247.0270961,66,6,7/10/19,35.35,8/6/19,68,7.2,0.01,38.66502838,NA,26.07097604,22.45208419
G1O2P3,OCME,M,18.06903,OCME-PEAME,ME,N,44.421147,28 to 12,6/21/19,58,4.1,1.201141768,292.9614067,58,4.1,7/10/19,34.92,8/6/19,59,4,0.008,24.09511684,20.53982087,18.96889766,11.79574213
P2G3G4,OCME,M,18.06903,OCME-PEAME,ME,N,44.421147,28 to 12,6/21/19,64,5.9,1.290760621,218.7729867,64,5.9,7/10/19,35.11,8/7/19,64,6.3,0.007,26.77053748,14.49565182,16.63127929,13.88183747
R2P3G5,RVMA,M,23.49572,RVMA-EHMA,MA,N,41.674169,28 to 12,6/21/19,74,9.9,1.445163317,145.9760927,74,9.9,7/10/19,36.89,8/6/19,74,9.8,0.013,28.21883406,31.16413616,32.74600652,26.71160707
P3G5O6,PENME,F,21.35523,PENME-DIME,ME,N,44.4663861,28 to 12,6/21/19,80,10.5,1.552696363,147.8758441,80,10.5,7/10/19,36,8/7/19,69,7.7,0.017,31.36471421,22.75055268,24.33796507,26.10992791
G1G3O6,RVMA,M,23.49572,RVMA-EHMA,MA,N,41.674169,28 to 12,6/21/19,74,9.8,1.314258759,134.1080366,74,9.8,7/10/19,36.2,8/7/19,73,10.2,0.014,32.31274194,22.4357345,25.84513679,23.43619655
R2G3P4,PENME,M,21.35523,PENME-DIME,ME,N,44.4663861,28 to 12,6/21/19,74,7.5,1.236673121,164.8897494,74,7.5,7/10/19,35.78,8/6/19,71,8.1,0.01,27.73762556,22.52417123,26.22842611,21.28462075
G3R4O5,DIME,M,16.92318,PENME-DIME,ME,N,44.165011,28 to 12,6/21/19,81,10.6,1.808751878,170.6369697,81,10.6,7/10/19,35.67,8/7/19,81,11.5,0.02,44.94308615,32.79105542,33.11840797,32.44160434
G2R5G6,PENME,F,21.35523,PENME-DIME,ME,N,44.4663861,28 to 12,6/21/19,75,8.9,1.349995439,151.6848808,75,8.9,7/10/19,35.27,8/6/19,72,9.1,0.011,28.75457975,21.92833124,20.43687185,21.55368087
O3P4G6,PEAME,M,15.63283,OCME-PEAME,ME,N,44.29059,28 to 12,6/21/19,68,6.8,1.395372204,205.2017948,68,6.8,7/10/19,36,8/6/19,66,6.7,0.008,33.77440799,NA,21.46187537,14.64667737
R1P5O6,PEAME,F,15.63283,OCME-PEAME,ME,N,44.29059,28 to 12,6/24/19,71,7.9,2.013344174,254.8536929,71,7.9,7/10/19,36.21,8/6/19,74,8.6,0.01,30.78757141,23.30182631,28.99085256,26.603147
G3O4R5,PENME,M,21.35523,PENME-DIME,ME,N,44.4663861,28 to 12,6/24/19,80,10.5,1.669743611,159.023201,80,10.5,7/10/19,35.76,8/7/19,79,11.5,0.017,49.76995853,28.9785964,33.6981948,29.10700588
G2P5P6,RVMA,F,23.49572,RVMA-EHMA,MA,N,41.674169,28 to 12,6/24/19,70,8.3,1.574738145,189.7274873,70,8.3,7/10/19,35.64,8/6/19,71,9.4,0.011,46.60417171,31.13825256,21.117587,18.89706986
O4O5O6,RVMA,F,23.49572,RVMA-EHMA,MA,N,41.674169,28 to 12,6/24/19,77,8.7,2.135215423,245.4270601,77,8.7,7/10/19,36.93,8/6/19,77,9.4,0.015,39.79132139,NA,36.63197746,19.08856457
R1O2P3,RVMA,F,23.49572,RVMA-EHMA,MA,N,41.674169,28 to 12,6/24/19,67,7.8,1.669155736,213.9943252,67,7.8,7/10/19,36.1,8/6/19,67,8.5,0.016,28.68304771,NA,21.4560641,17.27921525
P1O3R5,PENME,M,21.35523,PENME-DIME,ME,N,44.4663861,28 to 12,6/24/19,66,5.6,1.752013462,312.8595468,NA,NA,NA,NA,NA,NA,NA,NA,NA,NA,NA,NA
P1P3O6,DIME,M,16.92318,PENME-DIME,ME,N,44.165011,28 to 12,6/24/19,65,6.4,1.385864798,216.5413747,65,6.4,7/10/19,35.84,8/6/19,66,7,0.011,27.62527555,NA,24.73205536,19.9829264
R1P2R6,PEAME,M,15.63283,OCME-PEAME,ME,N,44.29059,28 to 12,6/24/19,64,5.4,1.594216744,295.2253231,64,5.4,7/10/19,35.84,8/6/19,67,6.2,0.009,23.72223286,NA,21.55529036,16.80254491
P2R3R4,DIME,M,16.92318,PENME-DIME,ME,N,44.165011,28 to 12,6/24/19,68,6,1.88464318,314.1071967,NA,NA,NA,NA,NA,NA,NA,NA,NA,NA,NA,NA
P2R5O6,PEAME,F,15.63283,OCME-PEAME,ME,N,44.29059,28 to 12,6/25/19,75,8.8,5.101842994,579.7548857,75,8.8,7/11/19,34.26,8/7/19,75,9.6,0.018,52.4299549,29.97459319,30.70621917,25.34780718
O1G3G5,OCME,M,18.06903,OCME-PEAME,ME,N,44.421147,28 to 12,6/25/19,65,7.7,3.931586531,510.5956533,65,7.7,7/12/19,35.17,NA,NA,NA,NA,NA,NA,NA,NA
G1G2R6,PEAME,M,15.63283,OCME-PEAME,ME,N,44.29059,28 to 12,6/25/19,71,9,4.715341003,523.9267781,71,9,7/11/19,35.56,8/7/19,72,9.7,0.011,29.57631414,17.11116332,17.16251054,15.59798078
G1O3R5,PENME,M,21.35523,PENME-DIME,ME,N,44.4663861,28 to 12,6/25/19,63,6,4.47879179,746.4652984,63,6,7/12/19,36.06,NA,NA,NA,NA,NA,NA,NA,NA
O1G2G6,PEAME,M,15.63283,OCME-PEAME,ME,N,44.29059,28 to 12,6/25/19,61,5.7,4.243193449,744.4199033,61,5.7,7/11/19,35.27,8/7/19,64,6.6,0.007,30.53422785,19.76017323,17.91309906,16.13513638
G1R2R5,OCME,F,18.06903,OCME-PEAME,ME,N,44.421147,28 to 12,6/25/19,75,10.5,5.763935974,548.9462832,75,10.5,7/12/19,35.74,NA,NA,NA,NA,NA,NA,NA,NA
G1P3O6,PEAME,M,15.63283,OCME-PEAME,ME,N,44.29059,28 to 12,6/25/19,71,7.7,5.400994081,701.4278027,71,7.7,7/11/19,35.01,8/7/19,72,8.6,0.01,31.07774284,19.00073681,17.98542859,14.33692136
G2R3P6,DIME,M,16.92318,PENME-DIME,ME,N,44.165011,28 to 12,6/25/19,65,6.6,4.155371584,629.6017552,65,6.6,7/11/19,35.32,8/7/19,69,6.9,0.007,14.23655191,16.10310559,15.65212999,14.95207063
R1R4O5,EHMA,F,19.31422,RVMA-EHMA,MA,N,41.82633,28 to 12,6/25/19,69,7.6,4.057080064,533.8263242,69,7.6,7/12/19,36.75,NA,NA,NA,NA,NA,NA,NA,NA
P2P3G4,OCME,M,18.06903,OCME-PEAME,ME,N,44.421147,28 to 12,6/25/19,63,5.7,4.563551255,800.6230272,63,5.7,7/11/19,36.47,8/7/19,64,6.5,0.013,30.3005949,17.79581091,18.72078498,NA
O1G4G6,EHMA,F,19.31422,RVMA-EHMA,MA,N,41.82633,28 to 12,6/25/19,64,5.8,4.074346124,702.4734697,64,5.8,7/12/19,36.38,NA,NA,NA,NA,NA,NA,NA,NA
G1R3R4,DIME,M,16.92318,PENME-DIME,ME,N,44.165011,28 to 12,6/25/19,75,8.3,4.908943286,591.4389501,75,8.3,7/11/19,36.07,NA,NA,NA,NA,NA,NA,NA,NA
R1R2R3,RVMA,M,23.49572,RVMA-EHMA,MA,N,41.674169,28 to 12,6/25/19,74,9.5,4.33095006,455.88948,74,9.5,7/12/19,36.52,NA,NA,NA,NA,NA,NA,NA,NA
O1R2P6,RVMA,M,23.49572,RVMA-EHMA,MA,N,41.674169,28 to 12,6/25/19,81,12.6,5.19598892,412.380073,81,12.6,7/11/19,35.84,8/7/19,79,13.1,0.023,61.87901389,43.26417957,39.27420872,39.05113044
P2O4G6,EHMA,M,19.31422,RVMA-EHMA,MA,N,41.82633,28 to 12,6/25/19,60,5.1,4.498534354,882.0655596,60,5.1,7/12/19,35.36,NA,NA,NA,NA,NA,NA,NA,NA
G4G5P6,RVMA,M,23.49572,RVMA-EHMA,MA,N,41.674169,28 to 12,6/25/19,81,12.2,5.237712034,429.3206585,81,12.2,7/12/19,36.9,NA,NA,NA,NA,NA,NA,NA,NA
G1R2G4,EHMA,F,19.31422,RVMA-EHMA,MA,N,41.82633,28 to 12,6/25/19,60,4.8,4.217130262,878.5688045,NA,NA,NA,NA,NA,NA,NA,NA,NA,NA,NA,NA
O3G5P6,EHMA,M,19.31422,RVMA-EHMA,MA,N,41.82633,28 to 12,6/25/19,71,8.4,4.120768806,490.567715,71,8.4,7/11/19,36.22,8/7/19,71,8.2,0.009,30.85611922,18.97294101,22.82307892,18.18673715
O3G5G6,DIME,F,16.92318,PENME-DIME,ME,N,44.165011,28 to 12,6/25/19,68,6.6,5.250844463,795.5824943,68,6.6,7/11/19,34.6,8/7/19,69,7.2,0.012,20.23863222,12.10145136,20.43238907,15.94219822
O3O5R6,DIME,M,16.92318,PENME-DIME,ME,N,44.165011,28 to 12,7/2/19,75,7.1,1.389628497,0.000195722,NA,NA,NA,NA,NA,NA,NA,NA,NA,NA,NA,NA
R1P4O6,EHMA,M,19.31422,RVMA-EHMA,MA,N,41.82633,28 to 12,7/2/19,69,8.4,1.578868914,0.000187961,69,8.4,7/12/19,36,NA,NA,NA,NA,NA,NA,NA,NA
G2G5G6,EHMA,F,19.31422,RVMA-EHMA,MA,N,41.82633,28 to 12,7/2/19,71,9.4,3.03017514,0.000322359,71,9.4,7/12/19,36.3,NA,NA,NA,NA,NA,NA,NA,NA
P1R2R3,RVMA,F,23.49572,RVMA-EHMA,MA,N,41.674169,28 to 12,7/2/19,74,9.9,2.084165227,0.000210522,74,9.9,7/12/19,37.17,NA,NA,NA,NA,NA,NA,NA,NA
O2P3G5,EHMA,M,19.31422,RVMA-EHMA,MA,N,41.82633,28 to 12,7/2/19,73,8.6,1.394192194,0.000162115,73,8.6,7/12/19,36,NA,NA,NA,NA,NA,NA,NA,NA
G2G5P6,OCME,M,18.06903,OCME-PEAME,ME,N,44.421147,28 to 12,7/2/19,65,5.8,1.208112113,0.000208295,65,5.8,7/12/19,36.11,NA,NA,NA,NA,NA,NA,NA,NA
G1R3G4,DIME,M,16.92318,PENME-DIME,ME,N,44.165011,28 to 12,7/2/19,66,6.1,1.335394354,0.000218917,66,6.1,7/12/19,36.74,NA,NA,NA,NA,NA,NA,NA,NA
P1P4G5,EHMA,M,19.31422,RVMA-EHMA,MA,N,41.82633,28 to 12,7/2/19,70,7.3,1.271434814,0.000174169,70,7.3,7/12/19,37.01,NA,NA,NA,NA,NA,NA,NA,NA
G1O2R4,SOCNJ,M,27.17952,NJ,NJ,S,39.78,28 to 12,5/23/19,78,13.9,1.941205323,139.6550592,78,13.9,5/30/19,36.91,6/7/19,78,14.5,0.023,52.64704229,19.5711885,39.06056545,31.59565901
G1R4O6,SOCNJ,M,27.17952,NJ,NJ,S,39.78,28 to 12,5/23/19,80,13.3,1.745106476,131.2110132,80,13.3,5/30/19,37.33,6/7/19,75,13.4,NA,112.5504194,26.86914761,39.19117617,30.33147412
G2R4P5,NOCNJ,F,27.10122,NJ,NJ,S,39.87,28 to 12,5/23/19,66,7.9,1.320004648,167.089196,66,7.9,5/30/19,35.91,6/7/19,67,8.8,0.012,34.03409741,12.86026963,22.8099716,8.833151731
G2R4P6,OCENJ,M,30.57388,NJ,NJ,S,39.81,28 to 12,5/23/19,85,16.8,2.073702447,123.4346695,85,16.8,5/30/19,37.73,6/7/19,85,17.5,0.031,49.97380441,27.81507513,43.63829538,35.43498222
O1G2G5,NOCNJ,M,27.10122,NJ,NJ,S,39.87,28 to 12,5/23/19,64,7.7,1.870174662,242.8798262,64,7.7,5/30/19,37.48,6/7/19,66,7.9,0.01,35.09606679,13.54928292,20.31850748,14.30799669
O1G2O6,OCENJ,M,30.57388,NJ,NJ,S,39.81,28 to 12,5/23/19,68,6.5,2.173303596,334.3543993,68,6.5,5/30/19,37.3,6/7/19,68,9.5,0.057,89.06390106,49.08410592,62.87840514,26.77047331
O1P2R4,NOCNJ,F,27.10122,NJ,NJ,S,39.87,28 to 12,5/23/19,62,6.8,1.065551373,156.6987313,62,6.8,5/30/19,37.57,6/7/19,63,6.8,NA,30.20125251,9.568071329,20.19034688,1.187153865
O1R2G6,OCENJ,F,30.57388,NJ,NJ,S,39.81,28 to 12,5/23/19,75,11.1,1.483874918,133.6824251,75,11,5/30/19,36.71,6/7/19,72,10.8,0.012,41.18437619,16.71932677,26.88345476,18.27042743
O1R4G5,NOCNJ,F,27.10122,NJ,NJ,S,39.87,28 to 12,5/23/19,68,9.5,1.205729838,126.9189303,68,9.5,5/30/19,37.57,6/7/19,71,10.4,0.016,49.4199796,21.61569382,34.63758917,29.34295244
O2O3G5,NOCNJ,F,27.10122,NJ,NJ,S,39.87,28 to 12,5/23/19,66,7.5,1.042833114,139.0444152,66,7.5,5/30/19,37.94,6/7/19,62,7.6,NA,32.67388021,11.09389209,17.57600901,NA
O2P3O6,OCENJ,M,30.57388,NJ,NJ,S,39.81,28 to 12,5/23/19,78,13.4,1.552252393,115.8397308,78,13.4,5/30/19,37.06,6/7/19,76,14.2,0.021,64.98350836,NA,43.77838059,24.42482266
P1R2R6,NOCNJ,M,27.10122,NJ,NJ,S,39.87,28 to 12,5/23/19,70,8.3,1.735490626,209.0952562,70,8.3,5/30/19,37.51,NA,NA,NA,NA,NA,NA,NA,NA
P3O5O6,OCENJ,M,30.57388,NJ,NJ,S,39.81,28 to 12,5/23/19,67,8.9,1.537253858,172.7251526,67,8.9,5/30/19,37.66,6/7/19,66,9.6,0.012,38.44702853,22.00539783,22.85620313,NA
R1O2P5,SOCNJ,M,27.17952,NJ,NJ,S,39.78,28 to 12,5/23/19,61,6.1,1.001244896,164.1385076,61,6.1,5/30/19,37.84,6/7/19,61,6.1,0.019,42.32233098,21.57938912,23.26825515,14.47020963
R1P3O4,SOCNJ,F,27.17952,NJ,NJ,S,39.78,28 to 12,5/23/19,77,12.5,1.89331815,151.465452,77,12.5,5/30/19,37.16,6/7/19,78,12.3,0.015,55.88286559,15.89306492,24.49742681,3.854334246
R2O3G4,SOCNJ,F,27.17952,NJ,NJ,S,39.78,28 to 12,5/23/19,82,17.9,2.381491492,133.0442174,82,17.9,5/30/19,37.18,6/7/19,82,17.5,0.022,64.42699683,10.72428741,39.76007471,28.47753822
R3O5G6,OCENJ,M,30.57388,NJ,NJ,S,39.81,28 to 12,5/23/19,64,8.7,1.147873071,131.9394334,64,8.7,5/30/19,37.78,6/7/19,64,8.5,0.009,39.22621652,19.83492832,25.34764391,7.578869111
G1G2G6,NOCNJ,M,27.10122,NJ,NJ,S,39.87,28 to 12,5/27/19,65,8.2,0.999970788,121.9476571,65,8.2,6/18/19,36.14,6/25/19,67,9.3,0.009,26.31644339,33.96387695,19.3604049,NA
G1P3P5,SOCNJ,F,27.17952,NJ,NJ,S,39.78,28 to 12,5/27/19,78,18,2.237359038,124.2977243,78,18,6/17/19,36.29,6/24/19,80,19.9,0.026,80.61011742,43.9238756,38.75840208,43.5447507
G2G3O4,OCENJ,F,30.57388,NJ,NJ,S,39.81,28 to 12,5/27/19,82,17,2.018219478,118.7187928,82,17,6/17/19,37.92,6/25/19,91,17.5,0.025,4.606692144,61.03539264,30.95453758,26.9123655
G2G4R5,SOCNJ,M,27.17952,NJ,NJ,S,39.78,28 to 12,5/27/19,81,17.3,2.044472297,118.1775894,81,17.3,6/17/19,36.84,6/24/19,83,19.7,0.021,55.11068225,65.05816255,39.99301589,49.34245087
G2O3O4,NOCNJ,M,27.10122,NJ,NJ,S,39.87,28 to 12,5/27/19,62,6.9,1.2077012,175.0291594,62,6.9,6/18/19,34.74,6/25/19,66,7.5,0.012,33.67424857,56.03719877,23.45836108,24.4934672
G2O3P5,NOCNJ,M,27.10122,NJ,NJ,S,39.87,28 to 12,5/27/19,77,12.1,2.620737064,216.58984,77,12.1,6/18/19,36.98,6/25/19,80,12.5,0.014,31.58232636,57.62368696,29.93386529,25.0959577
G2P3O6,SOCNJ,F,27.17952,NJ,NJ,S,39.78,28 to 12,5/27/19,72,10,1.303840907,130.3840907,72,10,6/18/19,35.72,6/25/19,74,10.3,0.01,33.47203344,13.75888003,23.03942323,20.70727897
G2P3P6,OCENJ,M,30.57388,NJ,NJ,S,39.81,28 to 12,5/27/19,84,18.7,1.775614685,94.95265693,NA,NA,NA,NA,NA,NA,NA,NA,NA,NA,NA,NA
G2P4R6,OCENJ,F,30.57388,NJ,NJ,S,39.81,28 to 12,5/27/19,73,10,1.504124055,150.4124055,73,10,6/17/19,35.69,6/24/19,74,9.7,0.011,35.79672475,11.00120395,21.6107569,27.03433497
G2R5R6,NOCNJ,F,27.10122,NJ,NJ,S,39.87,28 to 12,5/27/19,73,11.5,1.682108776,146.2703283,NA,NA,NA,NA,NA,NA,NA,NA,NA,NA,NA,NA
G3O4G6,SOCNJ,F,27.17952,NJ,NJ,S,39.78,28 to 12,5/27/19,61,6.9,1.019315202,147.7268408,61,6.9,6/18/19,36.98,6/25/19,64,7.6,0.011,24.53293826,40.01276452,13.99019863,16.78953616
G3P4O5,OCENJ,M,30.57388,NJ,NJ,S,39.81,28 to 12,5/27/19,83,17,1.494341001,87.9024118,83,17,6/17/19,36.89,6/24/19,93,18.4,0.025,59.95550335,57.14045469,32.22987967,36.58846118
O1G2R5,OCENJ,F,30.57388,NJ,NJ,S,39.81,28 to 12,5/27/19,72,13.5,1.13213797,83.86207185,72,13.5,6/18/19,37.22,6/25/19,81,14.9,0.016,53.26638074,57.69950772,31.93568117,33.29290991
O1G3G4,OCENJ,M,30.57388,NJ,NJ,S,39.81,28 to 12,5/27/19,79,13.4,1.491314137,111.2920998,79,13.4,6/18/19,36.69,6/25/19,81,14.6,0.013,32.25592867,50.943343,27.29371432,19.55306848
O1P2O4,NOCNJ,M,27.10122,NJ,NJ,S,39.87,28 to 12,5/27/19,62,7.1,1.164041879,163.9495604,62,7.1,6/17/19,36.46,6/24/19,69,8,0.01,34.73707085,17.69305632,23.11156731,27.80984144
O1P5R6,NOCNJ,F,27.10122,NJ,NJ,S,39.87,28 to 12,5/27/19,80,15.2,1.807531555,118.9165497,80,15.2,6/17/19,36.26,6/24/19,86,16.5,0.02,41.58544725,22.15154849,30.75703541,31.99226205
O2O3G6,SOCNJ,M,27.17952,NJ,NJ,S,39.78,28 to 12,5/27/19,64,7.8,1.427549174,183.0191249,64,7.8,6/18/19,36.54,6/25/19,67,8.7,0.013,31.60479143,47.93646415,24.47879073,22.41997947
O2P4P5,NOCNJ,F,27.10122,NJ,NJ,S,39.87,28 to 12,5/27/19,82,20.3,3.14999139,155.1719896,82,20.3,6/18/19,36.81,6/25/19,86,21.9,0.026,68.17590594,78.73334658,36.66109497,34.6028587
O2R4G5,NOCNJ,M,27.10122,NJ,NJ,S,39.87,28 to 12,5/27/19,64,6,0.531819815,88.63663586,64,6,6/17/19,36.65,6/24/19,67,6.2,0.008,19.66228514,NA,17.15926625,22.82937988
O3G4O6,NOCNJ,F,27.10122,NJ,NJ,S,39.87,28 to 12,5/27/19,67,8.2,1.231800517,150.2195752,67,8.2,6/18/19,37.19,6/25/19,68,9.8,0.008,21.148506,40.69257288,20.8670973,19.17765013
O3O4G6,OCENJ,M,30.57388,NJ,NJ,S,39.81,28 to 12,5/27/19,73,15.9,2.014759211,126.7144158,73,11.6,6/17/19,37.02,6/24/19,83,17.2,0.023,48.74238219,32.89584875,39.13793714,46.84318594
O3O4R6,OCENJ,F,30.57388,NJ,NJ,S,39.81,28 to 12,5/27/19,80,13.9,2.729414688,196.3607689,80,13.9,6/18/19,37.33,6/25/19,83,15.5,0.023,47.23646828,69.07093029,39.18407193,36.48875244
P1G3R6,OCENJ,M,30.57388,NJ,NJ,S,39.81,28 to 12,5/27/19,64,7.3,1.445517458,198.0160902,NA,NA,NA,NA,NA,NA,NA,NA,NA,NA,NA,NA
P1G5P6,SOCNJ,F,27.17952,NJ,NJ,S,39.78,28 to 12,5/27/19,70,15,2.068418076,137.8945384,70,15,6/18/19,36.1,6/25/19,81,16.5,0.024,58.97505928,64.3444067,35.21763449,58.36989093
P1O2R6,OCENJ,M,30.57388,NJ,NJ,S,39.81,28 to 12,5/27/19,73,11.6,1.526451995,131.5906892,73,11.6,6/17/19,35.46,NA,NA,NA,NA,NA,NA,NA,NA
P1R4P5,SOCNJ,F,27.17952,NJ,NJ,S,39.78,28 to 12,5/27/19,76,11.5,1.91962467,166.9238843,76,11.5,6/17/19,36.37,6/24/19,81,13.5,0.018,39.8845887,11.28769973,30.43793111,36.70784407
P2G3R5,SOCNJ,F,27.17952,NJ,NJ,S,39.78,28 to 12,5/27/19,65,8.6,1.209864207,140.6818845,65,8.6,6/17/19,36.68,6/24/19,69,9.4,0.013,31.04050931,19.66853426,25.12573791,29.43462243
P2G5G6,SOCNJ,M,27.17952,NJ,NJ,S,39.78,28 to 12,5/27/19,73,11.4,1.212588512,106.3674133,73,11.4,6/18/19,36.19,6/25/19,81,12.2,0.016,46.81198852,55.77116786,28.08552915,28.6265526
P3O4R6,NOCNJ,F,27.10122,NJ,NJ,S,39.87,28 to 12,5/27/19,69,10.2,1.097931436,107.6403369,69,10.2,6/18/19,36.3,6/25/19,72,11.6,0.017,53.66425397,64.11222731,34.31766227,32.90265447
R1G3O5,NOCNJ,F,27.10122,NJ,NJ,S,39.87,28 to 12,5/27/19,72,11,1.413794195,128.526745,72,11,6/17/19,37.17,6/24/19,75,11.6,0.019,39.50110782,NA,29.06763149,27.21944246
R1P2R3,OCENJ,M,30.57388,NJ,NJ,S,39.81,28 to 12,5/27/19,66,8.5,1.020511407,120.0601656,66,8.5,6/17/19,35.99,6/24/19,71,9.2,0.01,35.8057987,NA,23.64707501,25.87876936
R1R2R4,NOCNJ,F,27.10122,NJ,NJ,S,39.87,28 to 12,5/27/19,65,9.6,0.535485816,55.77977253,65,9.6,6/17/19,36.4,6/24/19,72,10.4,0.019,57.60437242,38.23355071,35.22015794,45.39867558
R1R4G5,OCENJ,M,30.57388,NJ,NJ,S,39.81,28 to 12,5/27/19,73,11.1,1.403620134,126.4522643,73,11.1,6/18/19,36.42,6/25/19,76,12.2,0.018,45.78076957,NA,21.19661098,30.26481664
R1R4R6,SOCNJ,M,27.17952,NJ,NJ,S,39.78,28 to 12,5/27/19,78,14.4,1.427414988,99.12604082,78,14.4,6/18/19,36.44,6/25/19,80,16.1,0.02,43.77576916,53.9649166,30.61686628,31.80505501
R2R5G6,SOCNJ,M,27.17952,NJ,NJ,S,39.78,28 to 12,5/27/19,80,15.3,3.085073561,201.6387948,80,15.3,6/17/19,36.9,6/24/19,78,16.3,0.021,44.29289006,28.46334333,34.71902015,42.14084962
R3O5O6,NOCNJ,F,27.10122,NJ,NJ,S,39.87,28 to 12,5/27/19,71,10.1,1.967888217,194.8404175,71,10.1,6/17/19,37.08,6/24/19,73,10.7,0.012,30.17003186,18.99978689,20.59769446,31.28307074
G1P4R6,DIME,M,16.92318,PENME-DIME,ME,N,44.165011,28 to 12,NA,NA,NA,NA,NA,NA,NA,NA,NA,NA,NA,NA,NA,NA,NA,NA,NA
O1P4R5,EHMA,F,19.31422,RVMA-EHMA,MA,N,41.82633,28 to 12,NA,NA,NA,NA,NA,NA,NA,NA,NA,NA,NA,NA,NA,NA,NA,NA,NA
O1P2R3,RVMA,M,23.49572,RVMA-EHMA,MA,N,41.674169,28 to 12,NA,NA,NA,NA,NA,NA,NA,NA,NA,NA,NA,NA,NA,NA,NA,NA,NA
O3R5G6,RVMA,F,23.49572,RVMA-EHMA,MA,N,41.674169,28 to 12,NA,NA,NA,NA,NA,NA,NA,NA,NA,NA,NA,NA,NA,NA,NA,NA,NA
O3G4G5,PENME,F,21.35523,PENME-DIME,ME,N,44.4663861,28 to 12,NA,NA,NA,NA,NA,NA,NA,NA,NA,NA,NA,NA,NA,NA,NA,NA,NA
P1O4O5,RVMA,F,23.49572,RVMA-EHMA,MA,N,41.674169,28 to 12,NA,NA,NA,NA,NA,NA,NA,NA,NA,NA,NA,NA,NA,NA,NA,NA,NA
R1P2G5,RVMA,M,23.49572,RVMA-EHMA,MA,N,41.674169,28 to 12,NA,NA,NA,NA,NA,81,12.2,7/8/19,36.21,7/31/19,81,13.1,0.02,46.29681259,35.65763026,35.82274008,34.77493976
O2R3O6,EHMA,M,19.31422,RVMA-EHMA,MA,N,41.82633,28 to 12,NA,NA,NA,NA,NA,76,10.3,7/8/19,36.25,7/31/19,80,12.3,0.017,39.32155214,27.74084627,35.8613568,38.41529568
O1R2R5,OCME,F,18.06903,OCME-PEAME,ME,N,44.421147,28 to 12,NA,NA,NA,NA,NA,NA,NA,NA,NA,NA,NA,NA,NA,NA,NA,NA,NA
G2P3G5,EHMA,M,19.31422,RVMA-EHMA,MA,N,41.82633,28 to 12,NA,NA,NA,NA,NA,NA,NA,NA,NA,NA,NA,NA,NA,NA,NA,NA,NA
G2G4O6,PENME,F,21.35523,PENME-DIME,ME,N,44.4663861,28 to 12,NA,NA,NA,NA,NA,NA,NA,NA,NA,NA,NA,NA,NA,NA,NA,NA,NA
P1R2G3,OCME,F,18.06903,OCME-PEAME,ME,N,44.421147,28 to 12,NA,NA,NA,NA,NA,69,7,7/9/19,35.68,8/1/19,70,6.4,0.01,29.11821087,19.34534475,16.88166443,15.51228564
P3G4G5,DIME,F,16.92318,PENME-DIME,ME,N,44.165011,28 to 12,NA,NA,NA,NA,NA,NA,NA,NA,NA,NA,NA,NA,NA,NA,NA,NA,NA
O2O3P5,OCME,M,18.06903,OCME-PEAME,ME,N,44.421147,28 to 12,NA,NA,NA,NA,NA,NA,NA,NA,NA,NA,NA,NA,NA,NA,NA,NA,NA
R3G4G5,PEAME,M,15.63283,OCME-PEAME,ME,N,44.29059,28 to 12,NA,NA,NA,NA,NA,NA,NA,NA,NA,NA,NA,NA,NA,NA,NA,NA,NA
P1R3P4,EHMA,F,19.31422,RVMA-EHMA,MA,N,41.82633,28 to 12,NA,NA,NA,NA,NA,NA,NA,NA,NA,NA,NA,NA,NA,NA,NA,NA,NA
R2P3P5,RVMA,M,23.49572,RVMA-EHMA,MA,N,41.674169,28 to 12,NA,NA,NA,NA,NA,NA,NA,NA,NA,NA,NA,NA,NA,NA,NA,NA,NA
O3R4G5,PEAME,M,15.63283,OCME-PEAME,ME,N,44.29059,28 to 12,NA,NA,NA,NA,NA,NA,NA,NA,NA,NA,NA,NA,NA,NA,NA,NA,NA
G1R2O3,RVMA,F,23.49572,RVMA-EHMA,MA,N,41.674169,28 to 12,NA,NA,NA,NA,NA,NA,NA,NA,NA,NA,NA,NA,NA,NA,NA,NA,NA
G1G4P5,RVMA,F,23.49572,RVMA-EHMA,MA,N,41.674169,28 to 12,NA,NA,NA,NA,NA,NA,NA,NA,NA,NA,NA,NA,NA,NA,NA,NA,NA
P1P3G6,RVMA,M,23.49572,RVMA-EHMA,MA,N,41.674169,28 to 12,NA,NA,NA,NA,NA,NA,NA,NA,NA,NA,NA,NA,NA,NA,NA,NA,NA
G3P5P6,PENME,F,21.35523,PENME-DIME,ME,N,44.4663861,28 to 12,NA,NA,NA,NA,NA,NA,NA,NA,NA,NA,NA,NA,NA,NA,NA,NA,NA
O2R4R6,RVMA,M,23.49572,RVMA-EHMA,MA,N,41.674169,28 to 12,NA,NA,NA,NA,NA,NA,NA,NA,NA,NA,NA,NA,NA,NA,NA,NA,NA
R1P3O6,EHMA,M,19.31422,RVMA-EHMA,MA,N,41.82633,28 to 12,NA,NA,NA,NA,NA,NA,NA,NA,NA,NA,NA,NA,NA,NA,NA,NA,NA
O2G4O5,OCME,M,18.06903,OCME-PEAME,ME,N,44.421147,28 to 12,NA,NA,NA,NA,NA,NA,NA,NA,NA,NA,NA,NA,NA,NA,NA,NA,NA
O1P5O6,EHMA,F,19.31422,RVMA-EHMA,MA,N,41.82633,28 to 12,NA,NA,NA,NA,NA,NA,NA,NA,NA,NA,NA,NA,NA,NA,NA,NA,NA
R1O3R6,DIME,F,16.92318,PENME-DIME,ME,N,44.165011,28 to 12,NA,NA,NA,NA,NA,82,11.9,7/12/19,35.5,NA,NA,NA,NA,NA,NA,NA,NA
R2O5R6,DIME,F,16.92318,PENME-DIME,ME,N,44.165011,28 to 12,NA,NA,NA,NA,NA,NA,NA,NA,NA,NA,NA,NA,NA,NA,NA,NA,NA
O1O2G4,EHMA,M,19.31422,RVMA-EHMA,MA,N,41.82633,28 to 12,NA,NA,NA,NA,NA,NA,NA,NA,NA,NA,NA,NA,NA,NA,NA,NA,NA
G1P2P4,PEAME,F,15.63283,OCME-PEAME,ME,N,44.29059,28 to 12,NA,NA,NA,NA,NA,NA,NA,NA,NA,NA,NA,NA,NA,NA,NA,NA,NA
G1P3R4,NOCNJ,F,27.10122,NJ,NJ,S,39.87,28 to 12,NA,NA,NA,NA,NA,NA,NA,NA,NA,NA,NA,NA,NA,NA,NA,NA,NA
G1R3G6,NOCNJ,F,27.10122,NJ,NJ,S,39.87,28 to 12,NA,NA,NA,NA,NA,NA,NA,NA,NA,NA,NA,NA,NA,NA,NA,NA,NA
G1R3P5,NOCNJ,M,27.10122,NJ,NJ,S,39.87,28 to 12,NA,NA,NA,NA,NA,NA,NA,NA,NA,NA,NA,NA,NA,NA,NA,NA,NA
G2G5O6,OCENJ,M,30.57388,NJ,NJ,S,39.81,28 to 12,NA,NA,NA,NA,NA,NA,NA,NA,NA,NA,NA,NA,NA,NA,NA,NA,NA
G2P4P5,NOCNJ,M,27.10122,NJ,NJ,S,39.87,28 to 12,NA,NA,NA,NA,NA,NA,NA,NA,NA,NA,NA,NA,NA,NA,NA,NA,NA
G2R5R6,OCENJ,F,30.57388,NJ,NJ,S,39.81,28 to 12,NA,NA,NA,NA,NA,NA,NA,NA,NA,NA,NA,NA,NA,NA,NA,NA,NA
G3R4P5,NOCNJ,M,27.10122,NJ,NJ,S,39.87,28 to 12,NA,NA,NA,NA,NA,NA,NA,NA,NA,NA,NA,NA,NA,NA,NA,NA,NA
O2O4G6,OCENJ,M,30.57388,NJ,NJ,S,39.81,28 to 12,NA,NA,NA,NA,NA,NA,NA,NA,NA,NA,NA,NA,NA,NA,NA,NA,NA
P1G3G6,OCENJ,F,30.57388,NJ,NJ,S,39.81,28 to 12,NA,NA,NA,NA,NA,NA,NA,NA,NA,NA,NA,NA,NA,NA,NA,NA,NA
P1R3G6,OCENJ,F,30.57388,NJ,NJ,S,39.81,28 to 12,NA,NA,NA,NA,NA,NA,NA,NA,NA,NA,NA,NA,NA,NA,NA,NA,NA
P2P4R6,NOCNJ,M,27.10122,NJ,NJ,S,39.87,28 to 12,NA,NA,NA,NA,NA,NA,NA,NA,NA,NA,NA,NA,NA,NA,NA,NA,NA
R1P4R5,SOCNJ,M,27.17952,NJ,NJ,S,39.78,28 to 12,NA,NA,NA,NA,NA,88,6.2,5/30/19,37.41,6/7/19,82,6.5,0.034,42.13524821,NA,41.13800563,25.19911552
R2G4G5,OCENJ,M,30.57388,NJ,NJ,S,39.81,28 to 12,NA,NA,NA,NA,NA,NA,NA,NA,NA,NA,NA,NA,NA,NA,NA,NA,NA
R3G4O6,SOCNJ,M,27.17952,NJ,NJ,S,39.78,28 to 12,NA,NA,NA,NA,NA,70,11.4,6/17/19,36.85,6/24/19,74,11.8,0.02,66.76940437,NA,34.72058979,37.45734123
R4R5O6,OCENJ,M,30.57388,NJ,NJ,S,39.81,28 to 12,NA,NA,NA,NA,NA,NA,NA,NA,NA,NA,NA,NA,NA,NA,NA,NA,NA
G1O2O6,NOCNJ,F,27.10122,NJ,NJ,S,39.87,28 to 12,NA,NA,NA,NA,NA,NA,NA,NA,NA,NA,NA,NA,NA,NA,NA,NA,NA
P1P2R3,NOCNJ,M,27.10122,NJ,NJ,S,39.87,28 to 12,NA,NA,NA,NA,NA,NA,NA,NA,NA,NA,NA,NA,NA,NA,NA,NA,NA
P1R2G4,OCENJ,F,30.57388,NJ,NJ,S,39.81,28 to 12,NA,NA,NA,NA,NA,NA,NA,NA,NA,NA,NA,NA,NA,NA,NA,NA,NA
R1O2R5,OCENJ,M,30.57388,NJ,NJ,S,39.81,28 to 12,NA,NA,NA,NA,NA,NA,NA,NA,NA,NA,NA,NA,NA,NA,NA,NA,NA
R1P3P4,OCENJ,F,30.57388,NJ,NJ,S,39.81,28 to 12,NA,NA,NA,NA,NA,NA,NA,NA,NA,NA,NA,NA,NA,NA,NA,NA,NA
G3R4P6,SOCNJ,F,27.17952,NJ,NJ,S,39.78,28 to 12,NA,NA,NA,NA,NA,NA,NA,NA,NA,NA,NA,NA,NA,NA,NA,NA,NA
G4R5R6,NOCNJ,F,27.10122,NJ,NJ,S,39.87,28 to 12,NA,NA,NA,NA,NA,73,11.5,6/17/19,36.95,6/24/19,77,13.2,0.011,35.79116807,NA,28.73692366,20.47694576
O1R2G4,SOCNJ,F,27.17952,NJ,NJ,S,39.78,28 to 12,NA,NA,NA,NA,NA,NA,NA,NA,NA,NA,NA,NA,NA,NA,NA,NA,NA
O1R2R4,SOCNJ,F,27.17952,NJ,NJ,S,39.78,28 to 12,NA,NA,NA,NA,NA,NA,NA,NA,NA,NA,NA,NA,NA,NA,NA,NA,NA
O1R4P5,SOCNJ,F,27.17952,NJ,NJ,S,39.78,28 to 12,NA,NA,NA,NA,NA,69,10.7,6/17/19,36.15,6/24/19,74,12.4,0.018,43.74704841,7.042778097,31.3695907,37.87773348
P1G4P6,NOCNJ,M,27.10122,NJ,NJ,S,39.87,28 to 12,NA,NA,NA,NA,NA,NA,NA,NA,NA,NA,NA,NA,NA,NA,NA,NA,NA
P3O4G5,NOCNJ,M,27.10122,NJ,NJ,S,39.87,28 to 12,NA,NA,NA,NA,NA,NA,NA,NA,NA,NA,NA,NA,NA,NA,NA,NA,NA
G2R5P6,RVMA,F,23.49572,RVMA-EHMA,MA,N,41.674169,12 to 28,NA,NA,NA,NA,NA,72,9.4,4/29/19,34.61,7/23/19,75,9.6,0.012,NA,NA,NA,NA
R1R5G6,RVMA,M,23.49572,RVMA-EHMA,MA,N,41.674169,12 to 28,NA,NA,NA,NA,NA,72,8.3,4/29/19,35.05,7/23/19,74,9.6,0.011,NA,NA,NA,NA
O4G5R6,PEAME,M,15.63283,OCME-PEAME,ME,N,44.29059,12 to 28,NA,NA,NA,NA,NA,57,3.3,4/29/19,34.84,7/23/19,66,5.8,0.005,NA,NA,NA,NA
P2R3P4,DIME,F,16.92318,PENME-DIME,ME,N,44.165011,12 to 28,NA,NA,NA,NA,NA,77,11.9,4/29/19,35.18,7/23/19,81,10.6,0.014,NA,NA,NA,NA
P3R4R6,PENME,M,21.35523,PENME-DIME,ME,N,44.4663861,12 to 28,NA,NA,NA,NA,NA,65,5.7,4/29/19,33.79,7/23/19,72,8.7,0.01,NA,NA,NA,NA
P1R3O6,PENME,F,21.35523,PENME-DIME,ME,N,44.4663861,12 to 28,NA,NA,NA,NA,NA,60,5.2,4/29/19,34.72,7/23/19,67,6.1,0.006,NA,NA,NA,NA
G1R2O5,EHMA,F,19.31422,RVMA-EHMA,MA,N,41.82633,12 to 28,NA,NA,NA,NA,NA,62,7.5,4/29/19,35,7/23/19,68,8.4,0.006,NA,NA,NA,NA
O3P4R6,OCME,F,18.06903,OCME-PEAME,ME,N,44.421147,12 to 28,NA,NA,NA,NA,NA,58,4.7,4/29/19,35.25,7/24/19,66,6.4,0.008,NA,NA,NA,NA
O1R3G4,EHMA,M,19.31422,RVMA-EHMA,MA,N,41.82633,12 to 28,NA,NA,NA,NA,NA,57,5.3,4/29/19,35.58,7/24/19,71,9.4,0.014,NA,NA,NA,NA
G2O5R6,RVMA,M,23.49572,RVMA-EHMA,MA,N,41.674169,12 to 28,NA,NA,NA,NA,NA,74,8.7,4/29/19,34.58,7/24/19,80,11.8,0.01,NA,NA,NA,NA
P1O3R6,PENME,M,21.35523,PENME-DIME,ME,N,44.4663861,12 to 28,NA,NA,NA,NA,NA,61,5.1,4/29/19,34.8,7/24/19,67,6.9,0.005,NA,NA,NA,NA
O1O2P6,PEAME,M,15.63283,OCME-PEAME,ME,N,44.29059,12 to 28,NA,NA,NA,NA,NA,60,4.2,4/29/19,34.29,7/24/19,61,5.1,0.003,NA,NA,NA,NA
G2G3P5,DIME,M,16.92318,PENME-DIME,ME,N,44.165011,12 to 28,NA,NA,NA,NA,NA,70,6.3,4/29/19,32.9,7/24/19,74,7.2,0.008,NA,NA,NA,NA
O1G4R6,EHMA,F,19.31422,RVMA-EHMA,MA,N,41.82633,12 to 28,NA,NA,NA,NA,NA,NA,NA,NA,NA,7/24/19,58,3.9,0.003,NA,NA,NA,NA
R2G3R4,EHMA,M,19.31422,RVMA-EHMA,MA,N,41.82633,12 to 28,NA,NA,NA,NA,NA,56,4.3,4/29/19,33.31,7/24/19,69,8.2,0.009,NA,NA,NA,NA
R1O4G6,EHMA,F,19.31422,RVMA-EHMA,MA,N,41.82633,12 to 28,NA,NA,NA,NA,NA,65,6.7,4/29/19,34.69,7/25/19,72,9.1,0.007,NA,NA,NA,NA
G4P5G6,PENME,F,21.35523,PENME-DIME,ME,N,44.4663861,12 to 28,NA,NA,NA,NA,NA,60,5,4/29/19,34.99,NA,NA,NA,NA,NA,NA,NA,NA
G2R3G5,EHMA,F,19.31422,RVMA-EHMA,MA,N,41.82633,12 to 28,NA,NA,NA,NA,NA,66,6.9,4/29/19,34.23,NA,NA,NA,NA,NA,NA,NA,NA
G1P4G6,PEAME,M,15.63283,OCME-PEAME,ME,N,44.29059,12 to 28,NA,NA,NA,NA,NA,65,5.3,4/29/19,34.2,7/25/19,68,6.5,0.007,NA,NA,NA,NA
G3P4P5,PEAME,F,15.63283,OCME-PEAME,ME,N,44.29059,12 to 28,NA,NA,NA,NA,NA,NA,NA,NA,NA,7/26/19,85,13.4,0.017,NA,NA,NA,NA
P1G2R4,OCME,M,18.06903,OCME-PEAME,ME,N,44.421147,12 to 28,NA,NA,NA,NA,NA,NA,NA,NA,NA,7/26/19,55,3.7,0.002,NA,NA,NA,NA
R3G5G6,DIME,M,16.92318,PENME-DIME,ME,N,44.165011,12 to 28,NA,NA,NA,NA,NA,60,4.5,5/1/19,34,7/26/19,66,6,0.004,NA,NA,NA,NA
G3G5O6,EHMA,M,19.31422,RVMA-EHMA,MA,N,41.82633,12 to 28,NA,NA,NA,NA,NA,85,16,4/29/19,35.83,7/29/19,82,18,0.019,NA,NA,NA,NA
R1R3R6,EHMA,F,19.31422,RVMA-EHMA,MA,N,41.82633,12 to 28,NA,NA,NA,NA,NA,NA,NA,NA,NA,7/30/19,69,6.4,0.005,NA,NA,NA,NA
O1P3G5,PENME,M,21.35523,PENME-DIME,ME,N,44.4663861,12 to 28,NA,NA,NA,NA,NA,NA,NA,NA,NA,7/30/19,63,5.4,0.005,NA,NA,NA,NA
G1G2P5,RVMA,F,23.49572,RVMA-EHMA,MA,N,41.674169,12 to 28,NA,NA,NA,NA,NA,NA,NA,NA,NA,7/30/19,73,10.4,0.005,NA,NA,NA,NA
G1O5P6,OCENJ,M,30.57388,NJ,NJ,S,39.81,12 to 28,NA,NA,NA,NA,NA,76,11.9,3/27/19,35.6,6/26/19,84,16.3,0.017,NA,NA,NA,NA
G1R3G5,SOCNJ,M,27.17952,NJ,NJ,S,39.78,12 to 28,NA,NA,NA,NA,NA,80,8.4,3/25/19,35.6,6/26/19,77,11.1,0.01,NA,NA,NA,NA
O4G5G6,OCENJ,F,30.57388,NJ,NJ,S,39.81,12 to 28,NA,NA,NA,NA,NA,93,15.3,4/9/19,36.1,6/26/19,84,14,0.011,NA,NA,NA,NA
P1G4O5,SOCNJ,M,27.17952,NJ,NJ,S,39.78,12 to 28,NA,NA,NA,NA,NA,72,11.7,3/27/19,35.6,6/26/19,79,12.7,0.013,NA,NA,NA,NA
P1O3R4,NOCNJ,M,27.10122,NJ,NJ,S,39.87,12 to 28,NA,NA,NA,NA,NA,92,12.9,3/25/19,35.2,6/26/19,87,15.9,0.019,NA,NA,NA,NA
P3R4R5,OCENJ,M,30.57388,NJ,NJ,S,39.81,12 to 28,NA,NA,NA,NA,NA,75,10.8,3/27/19,36.5,6/26/19,76,13.2,0.016,NA,NA,NA,NA
R1P2O5,NOCNJ,M,27.10122,NJ,NJ,S,39.87,12 to 28,NA,NA,NA,NA,NA,80,7.8,3/25/19,33.9,6/26/19,80,13.9,0.017,NA,NA,NA,NA
R1P2R5,OCENJ,M,30.57388,NJ,NJ,S,39.81,12 to 28,NA,NA,NA,NA,NA,NA,NA,NA,NA,6/26/19,75,11.3,0.017,NA,NA,NA,NA
R2R4R6,NOCNJ,F,27.10122,NJ,NJ,S,39.87,12 to 28,NA,NA,NA,NA,NA,60,5.6,3/27/19,36.7,NA,NA,NA,NA,NA,NA,NA,NA
G1R2G5,SOCNJ,F,27.17952,NJ,NJ,S,39.78,12 to 28,NA,NA,NA,NA,NA,79,8.9,4/9/19,35.8,NA,NA,NA,NA,NA,NA,NA,NA
G2P3R6,OCENJ,M,30.57388,NJ,NJ,S,39.81,12 to 28,NA,NA,NA,NA,NA,NA,NA,NA,NA,6/27/19,80,14.4,0.015,NA,NA,NA,NA
O1O3R4,NOCNJ,F,27.10122,NJ,NJ,S,39.87,12 to 28,NA,NA,NA,NA,NA,64,6.8,3/27/19,35.9,6/27/19,70,9.1,0.01,NA,NA,NA,NA
O1R2O4,NOCNJ,F,27.10122,NJ,NJ,S,39.87,12 to 28,NA,NA,NA,NA,NA,85,10.8,4/3/19,36.4,6/27/19,82,13.5,0.013,NA,NA,NA,NA
R1O2O5,NOCNJ,F,27.10122,NJ,NJ,S,39.87,12 to 28,NA,NA,NA,NA,NA,63,6.1,3/27/19,35.8,6/27/19,69,8.7,0.008,NA,NA,NA,NA
R1O2P4,SOCNJ,M,27.17952,NJ,NJ,S,39.78,12 to 28,NA,NA,NA,NA,NA,79,9.1,3/25/19,34.7,6/27/19,87,16.8,0.018,NA,NA,NA,NA
R2P5P6,OCENJ,F,30.57388,NJ,NJ,S,39.81,12 to 28,NA,NA,NA,NA,NA,84,9.3,3/25/19,34.4,6/27/19,78,11.2,0.014,NA,NA,NA,NA
R3P5G6,OCENJ,M,30.57388,NJ,NJ,S,39.81,12 to 28,NA,NA,NA,NA,NA,68,8.7,3/27/19,36.3,6/27/19,80,13.6,NA,NA,NA,NA,NA
G1O3R6,SOCNJ,M,27.17952,NJ,NJ,S,39.78,12 to 28,NA,NA,NA,NA,NA,78,8.3,3/25/19,35,6/28/19,74,13.1,0.009,NA,NA,NA,NA
G1R2R6,SOCNJ,M,27.17952,NJ,NJ,S,39.78,12 to 28,NA,NA,NA,NA,NA,77,7.1,3/25/19,35.2,6/28/19,75,9.2,0.011,NA,NA,NA,NA
G2O3R5,SOCNJ,F,27.17952,NJ,NJ,S,39.78,12 to 28,NA,NA,NA,NA,NA,80,8.7,4/9/19,34.8,6/28/19,76,11.3,0.01,NA,NA,NA,NA
O1G3P6,OCENJ,M,30.57388,NJ,NJ,S,39.81,12 to 28,NA,NA,NA,NA,NA,73,10,3/27/19,36.2,6/28/19,75,12.6,0.013,NA,NA,NA,NA
P2G3P6,NOCNJ,M,27.10122,NJ,NJ,S,39.87,12 to 28,NA,NA,NA,NA,NA,70,5.2,3/25/19,34.9,6/28/19,72,9.2,0.012,NA,NA,NA,NA
P2G4P5,NOCNJ,M,27.10122,NJ,NJ,S,39.87,12 to 28,NA,NA,NA,NA,NA,71,6.5,4/3/19,36,6/28/19,70,9.9,0.01,NA,NA,NA,NA
P3R4G6,SOCNJ,F,27.17952,NJ,NJ,S,39.78,12 to 28,NA,NA,NA,NA,NA,75,7.3,4/9/19,35.6,6/28/19,71,9.3,0.011,NA,NA,NA,NA
R2O3O6,NOCNJ,M,27.10122,NJ,NJ,S,39.87,12 to 28,NA,NA,NA,NA,NA,54,4.1,3/27/19,36.4,NA,NA,NA,NA,NA,NA,NA,NA
R2P3G4,NOCNJ,M,27.10122,NJ,NJ,S,39.87,12 to 28,NA,NA,NA,NA,NA,46,2.4,3/27/19,35.3,6/28/19,57,4.6,0.004,NA,NA,NA,NA
R3O4O6,NOCNJ,F,27.10122,NJ,NJ,S,39.87,12 to 28,NA,NA,NA,NA,NA,65,6.5,3/27/19,36,6/28/19,71,8.7,0.007,NA,NA,NA,NA
R3R4G6,SOCNJ,F,27.17952,NJ,NJ,S,39.78,12 to 28,NA,NA,NA,NA,NA,68,5.7,4/3/19,35.7,6/28/19,62,8.9,0.009,NA,NA,NA,NA
R1O2R5,OCENJ,M,30.57388,NJ,NJ,S,39.81,12 to 28,NA,NA,NA,NA,NA,81,8.8,4/9/19,35.1,6/26/19,79,13.6,0.012,NA,NA,NA,NA
G3P4O6,DIME,M,16.92318,PENME-DIME,ME,N,44.165011,12 to 28,NA,NA,NA,NA,NA,68,5.7,5/1/19,34.25,7/26/19,70,7.4,0.004,NA,NA,NA,NA
R2G4O6,DIME,F,16.92318,PENME-DIME,ME,N,44.165011,12 to 28,NA,NA,NA,NA,NA,79,13.1,5/1/19,34.81,7/29/19,79,10.8,0.011,NA,NA,NA,NA
P1G2P5,DIME,F,16.92318,PENME-DIME,ME,N,44.165011,12 to 28,NA,NA,NA,NA,NA,59,4.5,5/3/19,34.47,7/29/19,66,6.6,0.012,NA,NA,NA,NA
R1O2G6,OCME,M,18.06903,OCME-PEAME,ME,N,44.421147,12 to 28,NA,NA,NA,NA,NA,62,4.8,5/8/19,34.41,7/26/19,66,6.5,0.008,NA,NA,NA,NA
P1G3R5,RVMA,F,23.49572,RVMA-EHMA,MA,N,41.674169,12 to 28,NA,NA,NA,NA,NA,67,9.8,5/14/19,34.95,7/23/19,76,12.1,0.014,NA,NA,NA,NA
R3R5P6,PEAME,F,15.63283,OCME-PEAME,ME,N,44.29059,12 to 28,NA,NA,NA,NA,NA,70,9.3,5/14/19,34.03,7/23/19,73,8.8,0.007,NA,NA,NA,NA
P1R2O6,EHMA,F,19.31422,RVMA-EHMA,MA,N,41.82633,12 to 28,NA,NA,NA,NA,NA,57,5.9,4/29/19,33.5,NA,NA,NA,NA,NA,NA,NA,NA
R1G2R5,OCENJ,M,30.57388,NJ,NJ,S,39.81,28 to 12,NA,NA,NA,NA,NA,NA,8,5/30/19,35.77,6/7/19,75,9.1,0.017,54.04370008,12.17153062,30.62635919,59.62911778
P3O5R6,OCENJ,M,30.57388,NJ,NJ,S,39.81,28 to 12,NA,NA,NA,NA,NA,66,8.2,5/30/19,35.19,6/7/19,66,8.4,0.015,49.38331042,26.00922165,29.8106465,18.41648007
G2G3O5,SOCNJ,M,27.17952,NJ,NJ,S,39.78,28 to 12,NA,NA,NA,NA,NA,69,9,6/17/19,36.15,6/24/19,70,10.3,0.009,42.11232579,23.01519739,27.69671893,36.12674193
G2P3P4P6,OCENJ,M,30.57388,NJ,NJ,S,39.81,28 to 12,NA,NA,NA,NA,NA,84,18.7,6/18/19,35.91,6/25/19,83,19.9,0.019,51.98760999,103.5024348,30.08683754,13.59244284
G3O5G6,PENME,M,21.35523,PENME-DIME,ME,N,44.4663861,28 to 12,NA,NA,NA,NA,NA,68,7,7/9/19,33.57,8/1/19,67,7.5,0.02,29.74666404,29.13970163,26.05916776,26.64046773
R1P2O4,PENME,F,21.35523,PENME-DIME,ME,N,44.4663861,28 to 12,NA,NA,NA,NA,NA,79,15.9,7/9/19,34.46,8/1/19,85,16,0.021,50.17820468,40.81477709,31.44768444,29.89706685
R1G4R5,OCME,M,18.06903,OCME-PEAME,ME,N,44.421147,28 to 12,NA,NA,NA,NA,NA,49,2.2,7/10/19,33.14,8/6/19,47,2.4,0.001,13.59929623,NA,10.7841101,7.403962603
P1P2G6,PEAME,F,15.63283,OCME-PEAME,ME,N,44.29059,28 to 12,NA,NA,NA,NA,NA,79,11.8,7/12/19,34.75,NA,NA,NA,NA,NA,NA,NA,NA
G1G2R5,EHMA,F,19.31422,RVMA-EHMA,MA,N,41.82633,28 to 12,NA,NA,NA,NA,NA,83,15.9,7/12/19,36.87,NA,NA,NA,NA,NA,NA,NA,NA
G3G4R5,NOCNJ,M,27.10122,NJ,NJ,S,39.87,28 to 12,NA,NA,NA,NA,NA,NA,NA,NA,NA,6/25/19,58,4.6,0.007,18.23681366,36.48945859,17.13275513,15.797371
O1G2P3,SOCNJ,M,27.17952,NJ,NJ,S,39.78,28 to 12,NA,NA,NA,NA,NA,NA,NA,NA,NA,6/25/19,70,10.5,0.012,48.7736061,48.08069465,29.18540881,25.79284032