FishID,pop,sex,length,mass,Date,Temp,CTmax,phenotype,aug2018_temp,tenyr_mean_temp,pair,state,mt_haplotype,temp_var,latitude,accl_order
P2G3P6,NOC,M,70,5.2,3/25/19,12,34.9,CTmax,27.10122,14.228548,NJ,NJ,S,49.24793,39.87,12 to 28
P1O3R4,NOC,M,92,12.9,3/25/19,12,35.2,CTmax,27.10122,14.228548,NJ,NJ,S,49.24793,39.87,12 to 28
R1P2O5,NOC,M,80,7.8,3/25/19,12,33.9,CTmax,27.10122,14.228548,NJ,NJ,S,49.24793,39.87,12 to 28
R2P5P6,OCE,F,84,9.3,3/25/19,12,34.4,CTmax,30.57388,14.211971,NJ,NJ,S,NA,39.81,12 to 28
G1O3R6,SOC,M,78,8.3,3/25/19,12,35,CTmax,27.17952,14.211971,NJ,NJ,S,53.93098,39.78,12 to 28
G1R2R6,SOC,M,77,7.1,3/25/19,12,35.2,CTmax,27.17952,14.211971,NJ,NJ,S,53.93098,39.78,12 to 28
R1O2P4,SOC,M,79,9.1,3/25/19,12,34.7,CTmax,27.17952,14.211971,NJ,NJ,S,53.93098,39.78,12 to 28
G1R3G5,SOC,M,80,8.4,3/25/19,12,35.6,CTmax,27.17952,14.211971,NJ,NJ,S,53.93098,39.78,12 to 28
R3O4O6,NOC,F,65,6.5,3/27/19,12,36,CTmax,27.10122,14.228548,NJ,NJ,S,49.24793,39.87,12 to 28
R1O2O5,NOC,F,63,6.1,3/27/19,12,35.8,CTmax,27.10122,14.228548,NJ,NJ,S,49.24793,39.87,12 to 28
O1O3R4,NOC,F,64,6.8,3/27/19,12,35.9,CTmax,27.10122,14.228548,NJ,NJ,S,49.24793,39.87,12 to 28
R2R4R6,NOC,F,60,5.6,3/27/19,12,36.7,CTmax,27.10122,14.228548,NJ,NJ,S,49.24793,39.87,12 to 28
R2P3G4,NOC,M,46,2.4,3/27/19,12,35.3,CTmax,27.10122,14.228548,NJ,NJ,S,49.24793,39.87,12 to 28
R2O3O6,NOC,M,54,4.1,3/27/19,12,36.4,CTmax,27.10122,14.228548,NJ,NJ,S,49.24793,39.87,12 to 28
O1G3P6,OCE,M,73,10,3/27/19,12,36.2,CTmax,30.57388,14.211971,NJ,NJ,S,NA,39.81,12 to 28
R3P5G6,OCE,M,68,8.7,3/27/19,12,36.3,CTmax,30.57388,14.211971,NJ,NJ,S,NA,39.81,12 to 28
G1O5P6,OCE,M,76,11.9,3/27/19,12,35.6,CTmax,30.57388,14.211971,NJ,NJ,S,NA,39.81,12 to 28
P3R4R5,OCE,M,75,10.8,3/27/19,12,36.5,CTmax,30.57388,14.211971,NJ,NJ,S,NA,39.81,12 to 28
P1G4O5,SOC,M,72,11.7,3/27/19,12,35.6,CTmax,27.17952,14.211971,NJ,NJ,S,53.93098,39.78,12 to 28
P1G4G5,NOC,F,91,13.8,3/28/19,12,36.3,CTmax,27.10122,14.228548,NJ,NJ,S,49.24793,39.87,12 to 28
O2O4R5,NOC,F,85,10.6,3/28/19,12,36.5,CTmax,27.10122,14.228548,NJ,NJ,S,49.24793,39.87,12 to 28
R1G2P4,NOC,F,80,9.2,3/28/19,12,35.9,CTmax,27.10122,14.228548,NJ,NJ,S,49.24793,39.87,12 to 28
O1O2R5,NOC,F,81,9,3/28/19,12,35.5,CTmax,27.10122,14.228548,NJ,NJ,S,49.24793,39.87,12 to 28
G1R2P5,NOC,M,75,7.5,3/28/19,12,36.6,CTmax,27.10122,14.228548,NJ,NJ,S,49.24793,39.87,12 to 28
G2O4G6,NOC,M,72,5.8,3/28/19,12,36.1,CTmax,27.10122,14.228548,NJ,NJ,S,49.24793,39.87,12 to 28
R3G5O6,OCE,M,73,6.4,3/28/19,12,35.6,CTmax,30.57388,14.211971,NJ,NJ,S,NA,39.81,12 to 28
R1O2P6,SOC,F,94,16.4,3/28/19,12,36.1,CTmax,27.17952,14.211971,NJ,NJ,S,53.93098,39.78,12 to 28
P2O4G5,SOC,F,75,7.5,3/28/19,12,36,CTmax,27.17952,14.211971,NJ,NJ,S,53.93098,39.78,12 to 28
R3R5R6,SOC,M,83,9.5,3/28/19,12,35.4,CTmax,27.17952,14.211971,NJ,NJ,S,53.93098,39.78,12 to 28
O1G3O6,NOC,F,77,8.4,4/3/19,12,35.9,CTmax,27.10122,14.228548,NJ,NJ,S,49.24793,39.87,12 to 28
O1R2O4,NOC,F,85,10.8,4/3/19,12,36.4,CTmax,27.10122,14.228548,NJ,NJ,S,49.24793,39.87,12 to 28
G2G3R5,NOC,F,80,10,4/3/19,12,36,CTmax,27.10122,14.228548,NJ,NJ,S,49.24793,39.87,12 to 28
P2G4P5,NOC,M,71,6.5,4/3/19,12,36,CTmax,27.10122,14.228548,NJ,NJ,S,49.24793,39.87,12 to 28
G4G5R6,NOC,M,75,7.5,4/3/19,12,36.4,CTmax,27.10122,14.228548,NJ,NJ,S,49.24793,39.87,12 to 28
G1R4P6,OCE,M,78,8.8,4/3/19,12,36.4,CTmax,30.57388,14.211971,NJ,NJ,S,NA,39.81,12 to 28
R3R4G6,SOC,F,68,5.7,4/3/19,12,35.7,CTmax,27.17952,14.211971,NJ,NJ,S,53.93098,39.78,12 to 28
G2P4G5,SOC,F,90,12.8,4/3/19,12,36.3,CTmax,27.17952,14.211971,NJ,NJ,S,53.93098,39.78,12 to 28
R1G3R5,SOC,M,78,8.3,4/3/19,12,35,CTmax,27.17952,14.211971,NJ,NJ,S,53.93098,39.78,12 to 28
P1G2R3,SOC,M,75,7.3,4/3/19,12,35.7,CTmax,27.17952,14.211971,NJ,NJ,S,53.93098,39.78,12 to 28
O4O5R6,OCE,F,95,15.9,4/9/19,12,36.4,CTmax,30.57388,14.211971,NJ,NJ,S,NA,39.81,12 to 28
P2R4G5,OCE,F,82,10.6,4/9/19,12,35.5,CTmax,30.57388,14.211971,NJ,NJ,S,NA,39.81,12 to 28
P1R3R5,OCE,F,90,13.2,4/9/19,12,36.3,CTmax,30.57388,14.211971,NJ,NJ,S,NA,39.81,12 to 28
O4G5G6,OCE,F,93,15.3,4/9/19,12,36.1,CTmax,30.57388,14.211971,NJ,NJ,S,NA,39.81,12 to 28
R1R2R6,OCE,F,75,7.6,4/9/19,12,36.3,CTmax,30.57388,14.211971,NJ,NJ,S,NA,39.81,12 to 28
O2R5R6,OCE,M,75,7.2,4/9/19,12,36.4,CTmax,30.57388,14.211971,NJ,NJ,S,NA,39.81,12 to 28
R1R3G6,OCE,M,75,7.3,4/9/19,12,36.5,CTmax,30.57388,14.211971,NJ,NJ,S,NA,39.81,12 to 28
O2G5R6,OCE,M,70,6.5,4/9/19,12,35.7,CTmax,30.57388,14.211971,NJ,NJ,S,NA,39.81,12 to 28
O1R2G5,OCE,M,75,7.1,4/9/19,12,36.8,CTmax,30.57388,14.211971,NJ,NJ,S,NA,39.81,12 to 28
R1O2R5,OCE,M,81,8.8,4/9/19,12,35.1,CTmax,30.57388,14.211971,NJ,NJ,S,NA,39.81,12 to 28
P3R4G6,SOC,F,75,7.3,4/9/19,12,35.6,CTmax,27.17952,14.211971,NJ,NJ,S,53.93098,39.78,12 to 28
G2O3R5,SOC,F,80,8.7,4/9/19,12,34.8,CTmax,27.17952,14.211971,NJ,NJ,S,53.93098,39.78,12 to 28
O3G5R6,SOC,F,81,10,4/9/19,12,36.6,CTmax,27.17952,14.211971,NJ,NJ,S,53.93098,39.78,12 to 28
G1R2G5,SOC,F,79,8.9,4/9/19,12,35.8,CTmax,27.17952,14.211971,NJ,NJ,S,53.93098,39.78,12 to 28
P1G5O6,SOC,F,85,13.7,4/9/19,12,35.8,CTmax,27.17952,14.211971,NJ,NJ,S,53.93098,39.78,12 to 28
R1R5P6,SOC,M,87,11.4,4/9/19,12,35.4,CTmax,27.17952,14.211971,NJ,NJ,S,53.93098,39.78,12 to 28
O3O4G5,SOC,M,89,11.9,4/9/19,12,35.4,CTmax,27.17952,14.211971,NJ,NJ,S,53.93098,39.78,12 to 28
R2O3O5,SOC,M,74,7.6,4/9/19,12,36.2,CTmax,27.17952,14.211971,NJ,NJ,S,53.93098,39.78,12 to 28
O2O3G5,NOC,F,64,6.6,3/26/19,28,42.3,CTmax,27.10122,14.228548,NJ,NJ,S,49.24793,39.87,28 to 12
O1G2G5,NOC,M,NA,4,3/26/19,28,42.7,CTmax,27.10122,14.228548,NJ,NJ,S,49.24793,39.87,28 to 12
R3O5G6,OCE,M,64,7.6,3/26/19,28,42.2,CTmax,30.57388,14.211971,NJ,NJ,S,NA,39.81,28 to 12
P3O5O6,OCE,M,66,8.2,3/26/19,28,42.6,CTmax,30.57388,14.211971,NJ,NJ,S,NA,39.81,28 to 12
R2O3G4,SOC,F,NA,13,3/26/19,28,42.7,CTmax,27.17952,14.211971,NJ,NJ,S,53.93098,39.78,28 to 12
P1R4P5,SOC,F,77,11,3/26/19,28,41.8,CTmax,27.17952,14.211971,NJ,NJ,S,53.93098,39.78,28 to 12
P1G5P6,SOC,F,81,14.4,3/26/19,28,42.1,CTmax,27.17952,14.211971,NJ,NJ,S,53.93098,39.78,28 to 12
G1R4O6,SOC,M,NA,11,3/26/19,28,42.5,CTmax,27.17952,14.211971,NJ,NJ,S,53.93098,39.78,28 to 12
R2R5G6,SOC,M,75,14.6,3/26/19,28,42.4,CTmax,27.17952,14.211971,NJ,NJ,S,53.93098,39.78,28 to 12
O1P2R4,NOC,F,NA,6,3/28/19,28,42.9,CTmax,27.10122,14.228548,NJ,NJ,S,49.24793,39.87,28 to 12
G2P4R6,OCE,F,70,8.4,3/28/19,28,42.4,CTmax,30.57388,14.211971,NJ,NJ,S,NA,39.81,28 to 12
O1G2R5,OCE,F,73,12.4,3/28/19,28,42.6,CTmax,30.57388,14.211971,NJ,NJ,S,NA,39.81,28 to 12
O2P3O6,OCE,M,75,11.5,3/28/19,28,42.8,CTmax,30.57388,14.211971,NJ,NJ,S,NA,39.81,28 to 12
O2O4G6,OCE,M,71,10.8,3/28/19,28,42.4,CTmax,30.57388,14.211971,NJ,NJ,S,NA,39.81,28 to 12
R2G4G5,OCE,M,64,6.6,3/28/19,28,42.2,CTmax,30.57388,14.211971,NJ,NJ,S,NA,39.81,28 to 12
R1P4R5,SOC,M,80,14.1,3/28/19,28,43,CTmax,27.17952,14.211971,NJ,NJ,S,53.93098,39.78,28 to 12
R3G4O6,SOC,M,70,10.2,3/28/19,28,42.7,CTmax,27.17952,14.211971,NJ,NJ,S,53.93098,39.78,28 to 12
G2R4P5,NOC,F,66,7.2,4/2/19,28,42.5,CTmax,27.10122,14.228548,NJ,NJ,S,49.24793,39.87,28 to 12
O1P5R6,NOC,F,80,13.6,4/2/19,28,42.9,CTmax,27.10122,14.228548,NJ,NJ,S,49.24793,39.87,28 to 12
O2P4P5,NOC,F,88,17.8,4/2/19,28,42.7,CTmax,27.10122,14.228548,NJ,NJ,S,49.24793,39.87,28 to 12
G1O2O6,NOC,F,73,10.5,4/2/19,28,42.9,CTmax,27.10122,14.228548,NJ,NJ,S,49.24793,39.87,28 to 12
P1R2R6,NOC,M,68,7.5,4/2/19,28,42.7,CTmax,27.10122,14.228548,NJ,NJ,S,49.24793,39.87,28 to 12
O2R4G5,NOC,M,65,7,4/2/19,28,42.2,CTmax,27.10122,14.228548,NJ,NJ,S,49.24793,39.87,28 to 12
G2O3P5,NOC,M,71,10.9,4/2/19,28,42.8,CTmax,27.10122,14.228548,NJ,NJ,S,49.24793,39.87,28 to 12
G3G4R5,NOC,M,59,4.2,4/2/19,28,42,CTmax,27.10122,14.228548,NJ,NJ,S,49.24793,39.87,28 to 12
P1P2R3,NOC,M,70,10.2,4/2/19,28,42.4,CTmax,27.10122,14.228548,NJ,NJ,S,49.24793,39.87,28 to 12
G2G3O4,OCE,F,86,15.6,4/2/19,28,43,CTmax,30.57388,14.211971,NJ,NJ,S,NA,39.81,28 to 12
G2R4P6,OCE,M,83,16.3,4/2/19,28,42.6,CTmax,30.57388,14.211971,NJ,NJ,S,NA,39.81,28 to 12
O1G2O6,OCE,M,67,8.5,4/2/19,28,42.8,CTmax,30.57388,14.211971,NJ,NJ,S,NA,39.81,28 to 12
R1P2R3,OCE,M,67,7.6,4/2/19,28,42.9,CTmax,30.57388,14.211971,NJ,NJ,S,NA,39.81,28 to 12
P1O2R6,OCE,M,72,10.7,4/2/19,28,42.6,CTmax,30.57388,14.211971,NJ,NJ,S,NA,39.81,28 to 12
O3O4G6,OCE,M,79,15.7,4/2/19,28,42.2,CTmax,30.57388,14.211971,NJ,NJ,S,NA,39.81,28 to 12
O1G3G4,OCE,M,78,12.5,4/2/19,28,42.2,CTmax,30.57388,14.211971,NJ,NJ,S,NA,39.81,28 to 12
R1R4G5,OCE,M,71,9.1,4/2/19,28,42.6,CTmax,30.57388,14.211971,NJ,NJ,S,NA,39.81,28 to 12
R1O2P5,SOC,M,59,5.8,4/2/19,28,42.3,CTmax,27.17952,14.211971,NJ,NJ,S,53.93098,39.78,28 to 12
G2G3O5,SOC,M,67,7.5,4/2/19,28,42.4,CTmax,27.17952,14.211971,NJ,NJ,S,53.93098,39.78,28 to 12
P1R3O6,PENME,F,60,5.2,4/29/19,12,34.72,CTmax,21.35523,8.606675,PENME-DIME,ME,N,27.27436,44.4663861,12 to 28
G1R2O5,EHMA,F,62,7.5,4/29/19,12,35,CTmax,19.31422,9.07777,RVMA-EHMA,MA,N,33.13356,41.82633,12 to 28
P3R4R6,PENME,M,65,5.7,4/29/19,12,33.79,CTmax,21.35523,8.606675,PENME-DIME,ME,N,27.27436,44.4663861,12 to 28
O4G5R6,PEAME,M,57,3.3,4/29/19,12,34.84,CTmax,15.63283,8.606675,OCME-PEAME,ME,N,13.10594,44.29059,12 to 28
R1R5G6,RVMA,M,72,8.3,4/29/19,12,35.05,CTmax,23.49572,11.710242,RVMA-EHMA,MA,N,44.46299,41.674169,12 to 28
R2G3R4,EHMA,M,56,4.3,4/29/19,12,33.31,CTmax,19.31422,9.07777,RVMA-EHMA,MA,N,33.13356,41.82633,12 to 28
G2O5R6,RVMA,M,74,8.7,4/29/19,12,34.58,CTmax,23.49572,11.710242,RVMA-EHMA,MA,N,44.46299,41.674169,12 to 28
P1O3R6,PENME,M,61,5.1,4/29/19,12,34.8,CTmax,21.35523,8.606675,PENME-DIME,ME,N,27.27436,44.4663861,12 to 28
O1R3G4,EHMA,M,57,5.3,4/29/19,12,35.58,CTmax,19.31422,9.07777,RVMA-EHMA,MA,N,33.13356,41.82633,12 to 28
R1O4G6,EHMA,F,65,6.7,4/29/19,12,34.69,CTmax,19.31422,9.07777,RVMA-EHMA,MA,N,33.13356,41.82633,12 to 28
G2R3G5,EHMA,F,66,6.9,4/29/19,12,34.23,CTmax,19.31422,9.07777,RVMA-EHMA,MA,N,33.13356,41.82633,12 to 28
P3O5G6,PEAME,F,69,7.8,4/30/19,28,41.51,CTmax,15.63283,8.606675,OCME-PEAME,ME,N,13.10594,44.29059,28 to 12
R1P2G5,RVMA,M,74,10.2,4/30/19,28,41.14,CTmax,23.49572,11.710242,RVMA-EHMA,MA,N,44.46299,41.674169,28 to 12
G3G5G6,PEAME,M,68,6.7,4/30/19,28,41.13,CTmax,15.63283,8.606675,OCME-PEAME,ME,N,13.10594,44.29059,28 to 12
O2O3G4,DIME,M,66,5.7,4/30/19,28,41.25,CTmax,16.92318,9.07777,PENME-DIME,ME,N,17.6729,44.165011,28 to 12
O2R3O6,EHMA,M,74,10,4/30/19,28,41.56,CTmax,19.31422,9.07777,RVMA-EHMA,MA,N,33.13356,41.82633,28 to 12
O2P4G5,RVMA,M,72,10.1,4/30/19,28,41.57,CTmax,23.49572,11.710242,RVMA-EHMA,MA,N,44.46299,41.674169,28 to 12
O2R5O6,PEAME,M,63,4.7,4/30/19,28,41.25,CTmax,15.63283,8.606675,OCME-PEAME,ME,N,13.10594,44.29059,28 to 12
R3P4G5,PENME,F,76,11.8,4/30/19,28,41.27,CTmax,21.35523,8.606675,PENME-DIME,ME,N,27.27436,44.4663861,28 to 12
G1G2G4,RVMA,F,68,9.1,4/30/19,28,41.93,CTmax,23.49572,11.710242,RVMA-EHMA,MA,N,44.46299,41.674169,28 to 12
P2G4G5,PENME,F,66,7.4,4/30/19,28,41.34,CTmax,21.35523,8.606675,PENME-DIME,ME,N,27.27436,44.4663861,28 to 12
G1O2G5,PENME,F,63,6.3,4/30/19,28,41.12,CTmax,21.35523,8.606675,PENME-DIME,ME,N,27.27436,44.4663861,28 to 12
P2O4R6,OCME,M,76,8.6,4/30/19,28,40.73,CTmax,18.06903,8.606675,OCME-PEAME,ME,N,11.41609,44.421147,28 to 12
G2G3R6,OCME,F,56,4.1,4/30/19,28,41.33,CTmax,18.06903,8.606675,OCME-PEAME,ME,N,11.41609,44.421147,28 to 12
G3P4G5,RVMA,M,72,9,4/30/19,28,41.49,CTmax,23.49572,11.710242,RVMA-EHMA,MA,N,44.46299,41.674169,28 to 12
G2G3G4,EHMA,F,70,8.9,4/30/19,28,41.71,CTmax,19.31422,9.07777,RVMA-EHMA,MA,N,33.13356,41.82633,28 to 12
G2P3R5,RVMA,M,63,5.9,4/30/19,28,41.81,CTmax,23.49572,11.710242,RVMA-EHMA,MA,N,44.46299,41.674169,28 to 12
O1R2R5,OCME,F,65,7.1,4/30/19,28,41.26,CTmax,18.06903,8.606675,OCME-PEAME,ME,N,11.41609,44.421147,28 to 12
G2P3G5,EHMA,M,69,7.2,4/30/19,28,41.67,CTmax,19.31422,9.07777,RVMA-EHMA,MA,N,33.13356,41.82633,28 to 12
O3G4G5,PENME,F,72,13.5,4/30/19,28,41.48,CTmax,21.35523,8.606675,PENME-DIME,ME,N,27.27436,44.4663861,28 to 12
P1O4O5,RVMA,F,72,11.3,4/30/19,28,41.55,CTmax,23.49572,11.710242,RVMA-EHMA,MA,N,44.46299,41.674169,28 to 12
P1O5R6,PENME,F,70,7.7,5/1/19,12,33.54,CTmax,21.35523,8.606675,PENME-DIME,ME,N,27.27436,44.4663861,12 to 28
R3G5G6,DIME,M,60,4.5,5/1/19,12,34,CTmax,16.92318,9.07777,PENME-DIME,ME,N,17.6729,44.165011,12 to 28
G3P4O6,DIME,M,68,5.7,5/1/19,12,34.25,CTmax,16.92318,9.07777,PENME-DIME,ME,N,17.6729,44.165011,12 to 28
P1P4P6,OCME,M,67,6.3,5/1/19,12,33.66,CTmax,18.06903,8.606675,OCME-PEAME,ME,N,11.41609,44.421147,12 to 28
G1R4R6,PENME,F,66,7.5,5/1/19,12,34.13,CTmax,21.35523,8.606675,PENME-DIME,ME,N,27.27436,44.4663861,12 to 28
R2O4G6,RVMA,M,65,6.3,5/1/19,12,34.74,CTmax,23.49572,11.710242,RVMA-EHMA,MA,N,44.46299,41.674169,12 to 28
O2O4O6,PENME,M,76,9.7,5/1/19,12,32.94,CTmax,21.35523,8.606675,PENME-DIME,ME,N,27.27436,44.4663861,12 to 28
R2G4O6,DIME,F,79,13.1,5/1/19,12,34.81,CTmax,16.92318,9.07777,PENME-DIME,ME,N,17.6729,44.165011,12 to 28
G1R4G5,RVMA,F,72,9.9,5/1/19,12,34.01,CTmax,23.49572,11.710242,RVMA-EHMA,MA,N,44.46299,41.674169,12 to 28
P1G4R5,RVMA,F,72,11.9,5/1/19,12,34.5,CTmax,23.49572,11.710242,RVMA-EHMA,MA,N,44.46299,41.674169,12 to 28
P2R4G6,DIME,M,65,5.3,5/1/19,12,33.91,CTmax,16.92318,9.07777,PENME-DIME,ME,N,17.6729,44.165011,12 to 28
G1R2P4,PEAME,F,68,7.8,5/1/19,12,34.44,CTmax,15.63283,8.606675,OCME-PEAME,ME,N,13.10594,44.29059,12 to 28
O1O3R5,RVMA,F,77,13.3,5/1/19,12,35.19,CTmax,23.49572,11.710242,RVMA-EHMA,MA,N,44.46299,41.674169,12 to 28
R1R2O5,OCME,M,56,3.9,5/1/19,12,34.33,CTmax,18.06903,8.606675,OCME-PEAME,ME,N,11.41609,44.421147,12 to 28
O1O4R5,PEAME,M,57,4.6,5/1/19,12,34.57,CTmax,15.63283,8.606675,OCME-PEAME,ME,N,13.10594,44.29059,12 to 28
G1R3O4,EHMA,F,74,10.5,5/1/19,12,33.85,CTmax,19.31422,9.07777,RVMA-EHMA,MA,N,33.13356,41.82633,12 to 28
O1R4P6,PEAME,F,67,7.6,5/1/19,12,31.97,CTmax,15.63283,8.606675,OCME-PEAME,ME,N,13.10594,44.29059,12 to 28
P1G3G5,PEAME,F,71,9.2,5/1/19,12,33.68,CTmax,15.63283,8.606675,OCME-PEAME,ME,N,13.10594,44.29059,12 to 28
G1O2P6,PEAME,F,67,7.9,5/2/19,28,41.74,CTmax,15.63283,8.606675,OCME-PEAME,ME,N,13.10594,44.29059,28 to 12
P1G3O5,DIME,M,62,5.4,5/2/19,28,41.44,CTmax,16.92318,9.07777,PENME-DIME,ME,N,17.6729,44.165011,28 to 12
O2O5R6,EHMA,F,62,5.5,5/2/19,28,41.64,CTmax,19.31422,9.07777,RVMA-EHMA,MA,N,33.13356,41.82633,28 to 12
G1G2R4,OCME,M,66,6.1,5/2/19,28,41.45,CTmax,18.06903,8.606675,OCME-PEAME,ME,N,11.41609,44.421147,28 to 12
G1P2O3,PEAME,M,67,6.6,5/2/19,28,40.96,CTmax,15.63283,8.606675,OCME-PEAME,ME,N,13.10594,44.29059,28 to 12
P1O3G4,PENME,F,71,9.1,5/2/19,28,41.63,CTmax,21.35523,8.606675,PENME-DIME,ME,N,27.27436,44.4663861,28 to 12
G2P3P4,PEAME,F,71,8.1,5/2/19,28,41.45,CTmax,15.63283,8.606675,OCME-PEAME,ME,N,13.10594,44.29059,28 to 12
G1O3R4,DIME,F,80,13.2,5/2/19,28,40.73,CTmax,16.92318,9.07777,PENME-DIME,ME,N,17.6729,44.165011,28 to 12
P1R2G3,OCME,F,69,8,5/2/19,28,41.35,CTmax,18.06903,8.606675,OCME-PEAME,ME,N,11.41609,44.421147,28 to 12
R2G5O6,PENME,F,74,11.4,5/2/19,28,41.22,CTmax,21.35523,8.606675,PENME-DIME,ME,N,27.27436,44.4663861,28 to 12
R3G5P6,EHMA,F,85,15.6,5/2/19,28,41.96,CTmax,19.31422,9.07777,RVMA-EHMA,MA,N,33.13356,41.82633,28 to 12
R2O5G6,DIME,F,92,16.1,5/2/19,28,41.6,CTmax,16.92318,9.07777,PENME-DIME,ME,N,17.6729,44.165011,28 to 12
P4G5G6,EHMA,M,80,13.4,5/2/19,28,42.07,CTmax,19.31422,9.07777,RVMA-EHMA,MA,N,33.13356,41.82633,28 to 12
O1R5P6,PEAME,F,69,8.3,5/2/19,28,41.37,CTmax,15.63283,8.606675,OCME-PEAME,ME,N,13.10594,44.29059,28 to 12
P1O4G5,PEAME,F,70,10.6,5/2/19,28,41.51,CTmax,15.63283,8.606675,OCME-PEAME,ME,N,13.10594,44.29059,28 to 12
P2R3G6,DIME,M,73,9,5/2/19,28,41.05,CTmax,16.92318,9.07777,PENME-DIME,ME,N,17.6729,44.165011,28 to 12
O2R3G6,DIME,F,75,11.2,5/2/19,28,41.63,CTmax,16.92318,9.07777,PENME-DIME,ME,N,17.6729,44.165011,28 to 12
P3G4G5,DIME,F,78,8.9,5/2/19,28,41.52,CTmax,16.92318,9.07777,PENME-DIME,ME,N,17.6729,44.165011,28 to 12
O2O3P5,OCME,M,60,4.9,5/2/19,28,40.88,CTmax,18.06903,8.606675,OCME-PEAME,ME,N,11.41609,44.421147,28 to 12
G2G4O6,PENME,F,79,12,5/2/19,28,41.55,CTmax,21.35523,8.606675,PENME-DIME,ME,N,27.27436,44.4663861,28 to 12
P1O3P4,EHMA,M,75,13.1,5/3/19,12,35.83,CTmax,19.31422,9.07777,RVMA-EHMA,MA,N,33.13356,41.82633,12 to 28
G3O5P6,EHMA,F,76,11.6,5/3/19,12,34.54,CTmax,19.31422,9.07777,RVMA-EHMA,MA,N,33.13356,41.82633,12 to 28
R2G3G5,PENME,F,81,12.4,5/3/19,12,34.14,CTmax,21.35523,8.606675,PENME-DIME,ME,N,27.27436,44.4663861,12 to 28
P1G2P5,DIME,F,59,4.5,5/3/19,12,34.47,CTmax,16.92318,9.07777,PENME-DIME,ME,N,17.6729,44.165011,12 to 28
R3P4R6,DIME,M,71,6.9,5/3/19,12,32.96,CTmax,16.92318,9.07777,PENME-DIME,ME,N,17.6729,44.165011,12 to 28
O1P2R6,DIME,M,67,6.4,5/3/19,12,34.23,CTmax,16.92318,9.07777,PENME-DIME,ME,N,17.6729,44.165011,12 to 28
R4O5G6,OCME,F,75,10,5/3/19,12,34.14,CTmax,18.06903,8.606675,OCME-PEAME,ME,N,11.41609,44.421147,12 to 28
P2R3P6,RVMA,F,67,7.1,5/3/19,12,34.01,CTmax,23.49572,11.710242,RVMA-EHMA,MA,N,44.46299,41.674169,12 to 28
P2O3O4,OCME,F,85,13.8,5/3/19,12,34.14,CTmax,18.06903,8.606675,OCME-PEAME,ME,N,11.41609,44.421147,12 to 28
G1O3G5,PENME,M,70,6.8,5/3/19,12,34.14,CTmax,21.35523,8.606675,PENME-DIME,ME,N,27.27436,44.4663861,12 to 28
G2O3G6,DIME,M,70,6.5,5/3/19,12,32.73,CTmax,16.92318,9.07777,PENME-DIME,ME,N,17.6729,44.165011,12 to 28
G2O3P6,PENME,M,66,5.6,5/3/19,12,33.1,CTmax,21.35523,8.606675,PENME-DIME,ME,N,27.27436,44.4663861,12 to 28
G1O2P5,PEAME,M,62,5,5/3/19,12,34.86,CTmax,15.63283,8.606675,OCME-PEAME,ME,N,13.10594,44.29059,12 to 28
R2G5G6,PEAME,M,71,7.8,5/3/19,12,34.14,CTmax,15.63283,8.606675,OCME-PEAME,ME,N,13.10594,44.29059,12 to 28
O1O2G5,RVMA,M,77,9.3,5/3/19,12,33.23,CTmax,23.49572,11.710242,RVMA-EHMA,MA,N,44.46299,41.674169,12 to 28
G2R3R6,RVMA,M,74,9.7,5/3/19,12,34.99,CTmax,23.49572,11.710242,RVMA-EHMA,MA,N,44.46299,41.674169,12 to 28
P2G4G6,DIME,M,72,7.7,5/3/19,12,34.45,CTmax,16.92318,9.07777,PENME-DIME,ME,N,17.6729,44.165011,12 to 28
P3G4O6,PEAME,F,71,8.8,5/3/19,12,34.37,CTmax,15.63283,8.606675,OCME-PEAME,ME,N,13.10594,44.29059,12 to 28
P1O2P6,OCME,F,59,5.5,5/3/19,12,34.32,CTmax,18.06903,8.606675,OCME-PEAME,ME,N,11.41609,44.421147,12 to 28
P1G3P4,PENME,F,71,9.1,5/3/19,12,32.86,CTmax,21.35523,8.606675,PENME-DIME,ME,N,27.27436,44.4663861,12 to 28
G2R5G6,PENME,F,68,7.4,5/6/19,28,41.3,CTmax,21.35523,8.606675,PENME-DIME,ME,N,27.27436,44.4663861,28 to 12
R1O2P3,RVMA,F,62,6.8,5/6/19,28,41.85,CTmax,23.49572,11.710242,RVMA-EHMA,MA,N,44.46299,41.674169,28 to 12
R1P2R6,PEAME,M,63,5.2,5/6/19,28,41.5,CTmax,15.63283,8.606675,OCME-PEAME,ME,N,13.10594,44.29059,28 to 12
R2O3P4,OCME,F,66,6,5/6/19,28,41.62,CTmax,18.06903,8.606675,OCME-PEAME,ME,N,11.41609,44.421147,28 to 12
O3P4G6,PEAME,M,69,5.8,5/6/19,28,41.33,CTmax,15.63283,8.606675,OCME-PEAME,ME,N,13.10594,44.29059,28 to 12
R2P3G5,RVMA,M,69,8.3,5/6/19,28,41.18,CTmax,23.49572,11.710242,RVMA-EHMA,MA,N,44.46299,41.674169,28 to 12
O4O5O6,RVMA,F,71,7.9,5/6/19,28,42.05,CTmax,23.49572,11.710242,RVMA-EHMA,MA,N,44.46299,41.674169,28 to 12
O1R2P6,RVMA,M,82,13.4,5/6/19,28,41.8,CTmax,23.49572,11.710242,RVMA-EHMA,MA,N,44.46299,41.674169,28 to 12
P3G5O6,PENME,F,75,9.2,5/6/19,28,40.78,CTmax,21.35523,8.606675,PENME-DIME,ME,N,27.27436,44.4663861,28 to 12
R3R5O6,PENME,F,76,9,5/6/19,28,41.03,CTmax,21.35523,8.606675,PENME-DIME,ME,N,27.27436,44.4663861,28 to 12
G3R4O5,DIME,M,80,9,5/6/19,28,41.16,CTmax,16.92318,9.07777,PENME-DIME,ME,N,17.6729,44.165011,28 to 12
G2G5P6,OCME,M,62,5.4,5/6/19,28,41.43,CTmax,18.06903,8.606675,OCME-PEAME,ME,N,11.41609,44.421147,28 to 12
O3O5R6,DIME,M,71,5.5,5/6/19,28,40.94,CTmax,16.92318,9.07777,PENME-DIME,ME,N,17.6729,44.165011,28 to 12
P1P2G6,PEAME,F,76,9.2,5/6/19,28,41.63,CTmax,15.63283,8.606675,OCME-PEAME,ME,N,13.10594,44.29059,28 to 12
P1R2R3,RVMA,F,70,9.1,5/6/19,28,42.08,CTmax,23.49572,11.710242,RVMA-EHMA,MA,N,44.46299,41.674169,28 to 12
G2G5G6,EHMA,F,68,8.9,5/6/19,28,41.8,CTmax,19.31422,9.07777,RVMA-EHMA,MA,N,33.13356,41.82633,28 to 12
G1R3G4,DIME,M,62,4.6,5/6/19,28,40.55,CTmax,16.92318,9.07777,PENME-DIME,ME,N,17.6729,44.165011,28 to 12
O2R4R6,RVMA,M,82,12,5/6/19,28,41.52,CTmax,23.49572,11.710242,RVMA-EHMA,MA,N,44.46299,41.674169,28 to 12
R1P3O6,EHMA,M,80,12.5,5/6/19,28,42.26,CTmax,19.31422,9.07777,RVMA-EHMA,MA,N,33.13356,41.82633,28 to 12
P1R3P4,EHMA,F,57,5.5,5/6/19,28,42.06,CTmax,19.31422,9.07777,RVMA-EHMA,MA,N,33.13356,41.82633,28 to 12
G3P5P6,PENME,F,84,14.3,5/6/19,28,41.52,CTmax,21.35523,8.606675,PENME-DIME,ME,N,27.27436,44.4663861,28 to 12
G2O3G5,PEAME,M,66,6.5,5/8/19,12,33.86,CTmax,15.63283,8.606675,OCME-PEAME,ME,N,13.10594,44.29059,12 to 28
G1O4G5,DIME,M,65,5.7,5/8/19,12,35.19,CTmax,16.92318,9.07777,PENME-DIME,ME,N,17.6729,44.165011,12 to 28
O2G3O5,RVMA,M,73,9.3,5/8/19,12,35.1,CTmax,23.49572,11.710242,RVMA-EHMA,MA,N,44.46299,41.674169,12 to 28
P2R3O5,RVMA,M,65,6.3,5/8/19,12,33.74,CTmax,23.49572,11.710242,RVMA-EHMA,MA,N,44.46299,41.674169,12 to 28
R4R5P6,PEAME,F,69,8.9,5/8/19,12,34.09,CTmax,15.63283,8.606675,OCME-PEAME,ME,N,13.10594,44.29059,12 to 28
R1O2G6,OCME,M,62,4.8,5/8/19,12,34.41,CTmax,18.06903,8.606675,OCME-PEAME,ME,N,11.41609,44.421147,12 to 28
G2R4O6,OCME,M,61,5.2,5/8/19,12,33.54,CTmax,18.06903,8.606675,OCME-PEAME,ME,N,11.41609,44.421147,12 to 28
G3R4O6,PENME,M,67,7,5/8/19,12,33.8,CTmax,21.35523,8.606675,PENME-DIME,ME,N,27.27436,44.4663861,12 to 28
O1P4O6,OCME,M,64,5.5,5/8/19,12,34.14,CTmax,18.06903,8.606675,OCME-PEAME,ME,N,11.41609,44.421147,12 to 28
P2R4P5,PEAME,M,67,6.5,5/8/19,12,33.86,CTmax,15.63283,8.606675,OCME-PEAME,ME,N,13.10594,44.29059,12 to 28
O2G3O4,EHMA,F,62,5.9,5/8/19,12,35.04,CTmax,19.31422,9.07777,RVMA-EHMA,MA,N,33.13356,41.82633,12 to 28
R2R3R4,OCME,M,56,3.9,5/8/19,12,34.65,CTmax,18.06903,8.606675,OCME-PEAME,ME,N,11.41609,44.421147,12 to 28
G1G3R6,RVMA,M,63,6.1,5/8/19,12,35.21,CTmax,23.49572,11.710242,RVMA-EHMA,MA,N,44.46299,41.674169,12 to 28
R2R3O6,EHMA,M,56,3.7,5/8/19,12,34.17,CTmax,19.31422,9.07777,RVMA-EHMA,MA,N,33.13356,41.82633,12 to 28
O1P3P4,OCME,F,71,8.5,5/8/19,12,33.8,CTmax,18.06903,8.606675,OCME-PEAME,ME,N,11.41609,44.421147,12 to 28
O2G4G6,EHMA,M,57,4.3,5/8/19,12,33.72,CTmax,19.31422,9.07777,RVMA-EHMA,MA,N,33.13356,41.82633,12 to 28
P2R4O5,EHMA,M,56,4.3,5/8/19,12,34.6,CTmax,19.31422,9.07777,RVMA-EHMA,MA,N,33.13356,41.82633,12 to 28
O1G2O5,EHMA,F,61,5.5,5/8/19,12,34.62,CTmax,19.31422,9.07777,RVMA-EHMA,MA,N,33.13356,41.82633,12 to 28
R1R2G4,OCME,F,60,5.4,5/8/19,12,33.97,CTmax,18.06903,8.606675,OCME-PEAME,ME,N,11.41609,44.421147,12 to 28
P2G3O4,EHMA,F,67,9.3,5/8/19,12,34.73,CTmax,19.31422,9.07777,RVMA-EHMA,MA,N,33.13356,41.82633,12 to 28
O1G4P6,PEAME,F,61,5.1,5/9/19,28,41.3,CTmax,15.63283,8.606675,OCME-PEAME,ME,N,13.10594,44.29059,28 to 12
R2G3P4,PENME,M,70,6.4,5/9/19,28,41.32,CTmax,21.35523,8.606675,PENME-DIME,ME,N,27.27436,44.4663861,28 to 12
O2G3P5,PEAME,F,71,8.5,5/9/19,28,41.43,CTmax,15.63283,8.606675,OCME-PEAME,ME,N,13.10594,44.29059,28 to 12
G1R3O5,RVMA,M,80,12.3,5/9/19,28,41.46,CTmax,23.49572,11.710242,RVMA-EHMA,MA,N,44.46299,41.674169,28 to 12
G1G2R6,PEAME,M,67,8.2,5/9/19,28,41.18,CTmax,15.63283,8.606675,OCME-PEAME,ME,N,13.10594,44.29059,28 to 12
P2G3G4,OCME,M,60,4.9,5/9/19,28,41.06,CTmax,18.06903,8.606675,OCME-PEAME,ME,N,11.41609,44.421147,28 to 12
G1P3O6,PEAME,M,70,7.3,5/9/19,28,41.12,CTmax,15.63283,8.606675,OCME-PEAME,ME,N,13.10594,44.29059,28 to 12
O1G2G6,PEAME,M,59,5.2,5/9/19,28,41.71,CTmax,15.63283,8.606675,OCME-PEAME,ME,N,13.10594,44.29059,28 to 12
G1G3O6,RVMA,M,72,9.1,5/9/19,28,41.38,CTmax,23.49572,11.710242,RVMA-EHMA,MA,N,44.46299,41.674169,28 to 12
O3G5P6,EHMA,M,70,7.7,5/9/19,28,41.49,CTmax,19.31422,9.07777,RVMA-EHMA,MA,N,33.13356,41.82633,28 to 12
O1O3O6,PENME,M,75,9.6,5/9/19,28,41.55,CTmax,21.35523,8.606675,PENME-DIME,ME,N,27.27436,44.4663861,28 to 12
O2P3G5,EHMA,M,68,7.9,5/9/19,28,41.85,CTmax,19.31422,9.07777,RVMA-EHMA,MA,N,33.13356,41.82633,28 to 12
G1G2R5,EHMA,F,81,16,5/9/19,28,42.02,CTmax,19.31422,9.07777,RVMA-EHMA,MA,N,33.13356,41.82633,28 to 12
G1R2R5,OCME,F,72,10.3,5/9/19,28,41.55,CTmax,18.06903,8.606675,OCME-PEAME,ME,N,11.41609,44.421147,28 to 12
R1R4O5,EHMA,F,68,7.4,5/9/19,28,42.18,CTmax,19.31422,9.07777,RVMA-EHMA,MA,N,33.13356,41.82633,28 to 12
O1G3G5,OCME,M,66,7.3,5/9/19,28,40.98,CTmax,18.06903,8.606675,OCME-PEAME,ME,N,11.41609,44.421147,28 to 12
P2R3R4,DIME,M,62,5.5,5/9/19,28,41.12,CTmax,16.92318,9.07777,PENME-DIME,ME,N,17.6729,44.165011,28 to 12
O2G4O5,OCME,M,56,4.6,5/9/19,28,41.21,CTmax,18.06903,8.606675,OCME-PEAME,ME,N,11.41609,44.421147,28 to 12
P1O3R5,PENME,M,70,8.3,5/9/19,28,41.32,CTmax,21.35523,8.606675,PENME-DIME,ME,N,27.27436,44.4663861,28 to 12
R4R5G6,RVMA,F,76,14.9,5/10/19,28,41.61,CTmax,23.49572,11.710242,RVMA-EHMA,MA,N,44.46299,41.674169,28 to 12
R1P5O6,PEAME,F,74,8.6,5/10/19,28,41.76,CTmax,15.63283,8.606675,OCME-PEAME,ME,N,13.10594,44.29059,28 to 12
G2P5P6,RVMA,F,70,8.9,5/10/19,28,41.57,CTmax,23.49572,11.710242,RVMA-EHMA,MA,N,44.46299,41.674169,28 to 12
P1P3O6,DIME,M,63,5.3,5/10/19,28,41.46,CTmax,16.92318,9.07777,PENME-DIME,ME,N,17.6729,44.165011,28 to 12
G1O2P3,OCME,M,55,3.5,5/10/19,28,41.14,CTmax,18.06903,8.606675,OCME-PEAME,ME,N,11.41609,44.421147,28 to 12
G1G3P5,DIME,M,65,6.2,5/10/19,28,41.48,CTmax,16.92318,9.07777,PENME-DIME,ME,N,17.6729,44.165011,28 to 12
O2R3G5,OCME,M,67,5.4,5/10/19,28,40.89,CTmax,18.06903,8.606675,OCME-PEAME,ME,N,11.41609,44.421147,28 to 12
R2P4R6,OCME,M,64,5.1,5/10/19,28,41.35,CTmax,18.06903,8.606675,OCME-PEAME,ME,N,11.41609,44.421147,28 to 12
P2R5O6,PEAME,F,70,9.4,5/10/19,28,41.43,CTmax,15.63283,8.606675,OCME-PEAME,ME,N,13.10594,44.29059,28 to 12
P2P3G4,OCME,M,60,4.8,5/10/19,28,41.22,CTmax,18.06903,8.606675,OCME-PEAME,ME,N,11.41609,44.421147,28 to 12
G1O4R6,PENME,F,77,11.6,5/10/19,28,41.25,CTmax,21.35523,8.606675,PENME-DIME,ME,N,27.27436,44.4663861,28 to 12
O3G5G6,DIME,F,65,5.7,5/10/19,28,41.44,CTmax,16.92318,9.07777,PENME-DIME,ME,N,17.6729,44.165011,28 to 12
G2R3P6,DIME,M,67,5.9,5/10/19,28,41.11,CTmax,16.92318,9.07777,PENME-DIME,ME,N,17.6729,44.165011,28 to 12
G3O4R5,PENME,M,77,10.6,5/10/19,28,41.43,CTmax,21.35523,8.606675,PENME-DIME,ME,N,27.27436,44.4663861,28 to 12
R1R2R3,RVMA,M,72,8.8,5/10/19,28,41.5,CTmax,23.49572,11.710242,RVMA-EHMA,MA,N,44.46299,41.674169,28 to 12
G1O3R5,PENME,M,64,5.5,5/10/19,28,41.4,CTmax,21.35523,8.606675,PENME-DIME,ME,N,27.27436,44.4663861,28 to 12
G4G5P6,RVMA,M,81,12.1,5/10/19,28,41.66,CTmax,23.49572,11.710242,RVMA-EHMA,MA,N,44.46299,41.674169,28 to 12
P2O4G6,EHMA,M,58,4.9,5/10/19,28,41.66,CTmax,19.31422,9.07777,RVMA-EHMA,MA,N,33.13356,41.82633,28 to 12
R1O3R6,DIME,F,80,10.6,5/10/19,28,41.8,CTmax,16.92318,9.07777,PENME-DIME,ME,N,17.6729,44.165011,28 to 12
R2O5R6,DIME,F,80,7.9,5/10/19,28,41.53,CTmax,16.92318,9.07777,PENME-DIME,ME,N,17.6729,44.165011,28 to 12
O1O2G4,EHMA,M,64,5.9,5/10/19,28,41.55,CTmax,19.31422,9.07777,RVMA-EHMA,MA,N,33.13356,41.82633,28 to 12
O1P5O6,EHMA,F,63,7.3,5/10/19,28,41.92,CTmax,19.31422,9.07777,RVMA-EHMA,MA,N,33.13356,41.82633,28 to 12
R1G3P6,DIME,M,72,7.1,5/13/19,28,41.18,CTmax,16.92318,9.07777,PENME-DIME,ME,N,17.6729,44.165011,28 to 12
O1G2G3,PENME,M,69,7,5/13/19,28,41.31,CTmax,21.35523,8.606675,PENME-DIME,ME,N,27.27436,44.4663861,28 to 12
P3G5R6,OCME,F,73,9.5,5/13/19,28,41.21,CTmax,18.06903,8.606675,OCME-PEAME,ME,N,11.41609,44.421147,28 to 12
G1O4O5,RVMA,M,76,9.4,5/13/19,28,41.12,CTmax,23.49572,11.710242,RVMA-EHMA,MA,N,44.46299,41.674169,28 to 12
G3G4O5,OCME,M,63,6.2,5/13/19,28,41.29,CTmax,18.06903,8.606675,OCME-PEAME,ME,N,11.41609,44.421147,28 to 12
G1O4P5,OCME,F,77,10.7,5/13/19,28,41.31,CTmax,18.06903,8.606675,OCME-PEAME,ME,N,11.41609,44.421147,28 to 12
G1O3G6,PENME,M,68,6.7,5/13/19,28,40.86,CTmax,21.35523,8.606675,PENME-DIME,ME,N,27.27436,44.4663861,28 to 12
R1G4R6,RVMA,F,78,11.8,5/13/19,28,41.96,CTmax,23.49572,11.710242,RVMA-EHMA,MA,N,44.46299,41.674169,28 to 12
G1G3G6,DIME,M,74,7.5,5/13/19,28,41.09,CTmax,16.92318,9.07777,PENME-DIME,ME,N,17.6729,44.165011,28 to 12
G2O3O6,DIME,M,65,5.6,5/13/19,28,41.12,CTmax,16.92318,9.07777,PENME-DIME,ME,N,17.6729,44.165011,28 to 12
O1G5R6,EHMA,M,67,8.2,5/13/19,28,41.62,CTmax,19.31422,9.07777,RVMA-EHMA,MA,N,33.13356,41.82633,28 to 12
G1G2P3,PEAME,M,65,5.9,5/13/19,28,41.45,CTmax,15.63283,8.606675,OCME-PEAME,ME,N,13.10594,44.29059,28 to 12
O1R2O5,PENME,F,74,10.5,5/13/19,28,41.29,CTmax,21.35523,8.606675,PENME-DIME,ME,N,27.27436,44.4663861,28 to 12
P1P2R4,EHMA,F,67,8.3,5/13/19,28,41.43,CTmax,19.31422,9.07777,RVMA-EHMA,MA,N,33.13356,41.82633,28 to 12
P1P2G5,EHMA,M,66,7.2,5/13/19,28,41.06,CTmax,19.31422,9.07777,RVMA-EHMA,MA,N,33.13356,41.82633,28 to 12
R1R3P5,OCME,M,58,3.4,5/13/19,28,41.51,CTmax,18.06903,8.606675,OCME-PEAME,ME,N,11.41609,44.421147,28 to 12
P4G5R6,PEAME,M,62,5,5/13/19,28,41.14,CTmax,15.63283,8.606675,OCME-PEAME,ME,N,13.10594,44.29059,28 to 12
O3R5G6,RVMA,F,76,11.4,5/13/19,28,41.81,CTmax,23.49572,11.710242,RVMA-EHMA,MA,N,44.46299,41.674169,28 to 12
O1P2R3,RVMA,M,76,12.3,5/13/19,28,41.43,CTmax,23.49572,11.710242,RVMA-EHMA,MA,N,44.46299,41.674169,28 to 12
O1P4R5,EHMA,F,70,9.2,5/13/19,28,41.32,CTmax,19.31422,9.07777,RVMA-EHMA,MA,N,33.13356,41.82633,28 to 12
P1G3R5,RVMA,F,67,9.8,5/14/19,12,34.95,CTmax,23.49572,11.710242,RVMA-EHMA,MA,N,44.46299,41.674169,12 to 28
R3G4P5,DIME,F,83,13.9,5/14/19,12,32.83,CTmax,16.92318,9.07777,PENME-DIME,ME,N,17.6729,44.165011,12 to 28
G1P2R5,PENME,F,78,12,5/14/19,12,33.97,CTmax,21.35523,8.606675,PENME-DIME,ME,N,27.27436,44.4663861,12 to 28
R3R5P6,PEAME,F,70,9.3,5/14/19,12,34.03,CTmax,15.63283,8.606675,OCME-PEAME,ME,N,13.10594,44.29059,12 to 28
G1O2P4,DIME,M,64,5.9,5/14/19,12,33.36,CTmax,16.92318,9.07777,PENME-DIME,ME,N,17.6729,44.165011,12 to 28
R2R4R5,PENME,M,70,8.9,5/14/19,12,33.51,CTmax,21.35523,8.606675,PENME-DIME,ME,N,27.27436,44.4663861,12 to 28
G1P2R3,PEAME,F,64,7.7,5/14/19,12,33.58,CTmax,15.63283,8.606675,OCME-PEAME,ME,N,13.10594,44.29059,12 to 28
R4O5R6,PENME,M,59,4,5/14/19,12,33.75,CTmax,21.35523,8.606675,PENME-DIME,ME,N,27.27436,44.4663861,12 to 28
O1R3R6,RVMA,M,62,8,5/14/19,12,34.69,CTmax,23.49572,11.710242,RVMA-EHMA,MA,N,44.46299,41.674169,12 to 28
G2P3G6,OCME,M,56,4,5/14/19,12,34.03,CTmax,18.06903,8.606675,OCME-PEAME,ME,N,11.41609,44.421147,12 to 28
O2G3G4,EHMA,F,72,10,5/14/19,12,34.68,CTmax,19.31422,9.07777,RVMA-EHMA,MA,N,33.13356,41.82633,12 to 28
O2G5O6,PEAME,F,64,7.3,5/14/19,12,32.48,CTmax,15.63283,8.606675,OCME-PEAME,ME,N,13.10594,44.29059,12 to 28
O4R5O6,DIME,F,82,14.2,5/14/19,12,33.19,CTmax,16.92318,9.07777,PENME-DIME,ME,N,17.6729,44.165011,12 to 28
P2G3P4,OCME,F,62,6.8,5/14/19,12,33.86,CTmax,18.06903,8.606675,OCME-PEAME,ME,N,11.41609,44.421147,12 to 28
P1G2O4,OCME,M,66,6.1,5/14/19,12,33.77,CTmax,18.06903,8.606675,OCME-PEAME,ME,N,11.41609,44.421147,12 to 28
P1G2G5,PENME,F,62,6.8,5/14/19,12,33.28,CTmax,21.35523,8.606675,PENME-DIME,ME,N,27.27436,44.4663861,12 to 28
R2R3G6,OCME,M,58,4.6,5/14/19,12,33.45,CTmax,18.06903,8.606675,OCME-PEAME,ME,N,11.41609,44.421147,12 to 28
P1R3G4,DIME,M,65,6.2,5/14/19,12,33.05,CTmax,16.92318,9.07777,PENME-DIME,ME,N,17.6729,44.165011,12 to 28
R2R4P6,OCME,M,55,3.3,5/14/19,12,33.11,CTmax,18.06903,8.606675,OCME-PEAME,ME,N,11.41609,44.421147,12 to 28
O1G3R4,OCME,F,65,7.2,5/14/19,12,32.94,CTmax,18.06903,8.606675,OCME-PEAME,ME,N,11.41609,44.421147,12 to 28
G2R5P6,RVMA,F,72,9.4,4/29/19,12,34.61,CTmax,23.49572,11.710242,RVMA-EHMA,MA,N,44.46299,41.674169,12 to 28
P2R3P4,DIME,F,77,11.9,4/29/19,12,35.18,CTmax,16.92318,9.07777,PENME-DIME,ME,N,17.6729,44.165011,12 to 28
O3P4R6,OCME,F,58,4.7,4/29/19,12,35.25,CTmax,18.06903,8.606675,OCME-PEAME,ME,N,11.41609,44.421147,12 to 28
G2G3P5,DIME,M,70,6.3,4/29/19,12,32.9,CTmax,16.92318,9.07777,PENME-DIME,ME,N,17.6729,44.165011,12 to 28
O1O2P6,PEAME,M,60,4.2,4/29/19,12,34.29,CTmax,15.63283,8.606675,OCME-PEAME,ME,N,13.10594,44.29059,12 to 28
G1P4G6,PEAME,M,65,5.3,4/29/19,12,34.2,CTmax,15.63283,8.606675,OCME-PEAME,ME,N,13.10594,44.29059,12 to 28
G4P5G6,PENME,F,60,5,4/29/19,12,34.99,CTmax,21.35523,8.606675,PENME-DIME,ME,N,27.27436,44.4663861,12 to 28
P1R2O6,EHMA,F,57,5.9,4/29/19,12,33.5,CTmax,19.31422,9.07777,RVMA-EHMA,MA,N,33.13356,41.82633,12 to 28
G3G5O6,EHMA,M,85,16,4/29/19,12,35.83,CTmax,19.31422,9.07777,RVMA-EHMA,MA,N,33.13356,41.82633,12 to 28
O3O4R5,RVMA,M,69,11.4,5/15/19,12,32.48,CTmax,23.49572,11.710242,RVMA-EHMA,MA,N,44.46299,41.674169,12 to 28
P3R5R6,OCME,M,59,5,5/15/19,12,32.99,CTmax,18.06903,8.606675,OCME-PEAME,ME,N,11.41609,44.421147,12 to 28
G1O5R6,RVMA,F,65,7.2,5/15/19,12,32.87,CTmax,23.49572,11.710242,RVMA-EHMA,MA,N,44.46299,41.674169,12 to 28
O1O2R4,DIME,M,69,8.2,5/15/19,12,33.02,CTmax,16.92318,9.07777,PENME-DIME,ME,N,17.6729,44.165011,12 to 28
P2O5R6,PEAME,F,67,10.4,5/15/19,12,32.88,CTmax,15.63283,8.606675,OCME-PEAME,ME,N,13.10594,44.29059,12 to 28
R1P3R6,PEAME,M,60,4.6,5/15/19,12,33.02,CTmax,15.63283,8.606675,OCME-PEAME,ME,N,13.10594,44.29059,12 to 28
P2P3O6,RVMA,F,67,7.7,5/15/19,12,35.02,CTmax,23.49572,11.710242,RVMA-EHMA,MA,N,44.46299,41.674169,12 to 28
O2P3O4,EHMA,F,62,6,5/15/19,12,34.74,CTmax,19.31422,9.07777,RVMA-EHMA,MA,N,33.13356,41.82633,12 to 28
R1R2G6,DIME,F,71,12.2,5/15/19,12,33.91,CTmax,16.92318,9.07777,PENME-DIME,ME,N,17.6729,44.165011,12 to 28
G1P4O5,PENME,M,65,6.7,5/15/19,12,33.79,CTmax,21.35523,8.606675,PENME-DIME,ME,N,27.27436,44.4663861,12 to 28
O4G5P6,EHMA,M,63,6.1,5/15/19,12,33.63,CTmax,19.31422,9.07777,RVMA-EHMA,MA,N,33.13356,41.82633,12 to 28
O1O2O3,OCME,M,61,5.7,5/15/19,12,33.31,CTmax,18.06903,8.606675,OCME-PEAME,ME,N,11.41609,44.421147,12 to 28
G3O4G5,PENME,F,68,9,5/15/19,12,34.74,CTmax,21.35523,8.606675,PENME-DIME,ME,N,27.27436,44.4663861,12 to 28
P2R3G5,EHMA,M,58,5.2,5/15/19,12,34.07,CTmax,19.31422,9.07777,RVMA-EHMA,MA,N,33.13356,41.82633,12 to 28
G2R4R5,DIME,F,55,2.9,5/15/19,12,33.73,CTmax,16.92318,9.07777,PENME-DIME,ME,N,17.6729,44.165011,12 to 28
R1O4R5,RVMA,F,66,11,5/15/19,12,34.72,CTmax,23.49572,11.710242,RVMA-EHMA,MA,N,44.46299,41.674169,12 to 28
P3P4R5,DIME,M,62,12.6,5/15/19,12,30.6,CTmax,16.92318,9.07777,PENME-DIME,ME,N,17.6729,44.165011,12 to 28
G1G3O5,PEAME,M,60,5.6,5/15/19,12,33.87,CTmax,15.63283,8.606675,OCME-PEAME,ME,N,13.10594,44.29059,12 to 28
O1P4P5,PEAME,F,62,8,5/15/19,12,33.32,CTmax,15.63283,8.606675,OCME-PEAME,ME,N,13.10594,44.29059,12 to 28
G4G5O6,PENME,F,85,19.3,5/15/19,12,33.84,CTmax,21.35523,8.606675,PENME-DIME,ME,N,27.27436,44.4663861,12 to 28
R3G4R6,PENME,M,71,7.8,5/15/19,12,32.32,CTmax,21.35523,8.606675,PENME-DIME,ME,N,27.27436,44.4663861,12 to 28
O1G3P5,RVMA,M,72,10.5,5/15/19,12,33.22,CTmax,23.49572,11.710242,RVMA-EHMA,MA,N,44.46299,41.674169,12 to 28
R1G2R5,OCE,M,NA,8,5/30/19,12,35.77,CTmax,30.57388,14.211971,NJ,NJ,S,NA,39.81,28 to 12
O2O3G5,NOC,F,66,7.5,5/30/19,12,37.94,CTmax,27.10122,14.228548,NJ,NJ,S,49.24793,39.87,28 to 12
O1R4G5,NOC,F,68,9.5,5/30/19,12,37.57,CTmax,27.10122,14.228548,NJ,NJ,S,49.24793,39.87,28 to 12
O1P2R4,NOC,F,62,6.8,5/30/19,12,37.57,CTmax,27.10122,14.228548,NJ,NJ,S,49.24793,39.87,28 to 12
G2R4P5,NOC,F,66,7.9,5/30/19,12,35.91,CTmax,27.10122,14.228548,NJ,NJ,S,49.24793,39.87,28 to 12
P1R2R6,NOC,M,70,8.3,5/30/19,12,37.51,CTmax,27.10122,14.228548,NJ,NJ,S,49.24793,39.87,28 to 12
O1G2G5,NOC,M,64,7.7,5/30/19,12,37.48,CTmax,27.10122,14.228548,NJ,NJ,S,49.24793,39.87,28 to 12
O1R2G6,OCE,F,75,11,5/30/19,12,36.71,CTmax,30.57388,14.211971,NJ,NJ,S,NA,39.81,28 to 12
O2P3O6,OCE,M,78,13.4,5/30/19,12,37.06,CTmax,30.57388,14.211971,NJ,NJ,S,NA,39.81,28 to 12
G2R4P6,OCE,M,85,16.8,5/30/19,12,37.73,CTmax,30.57388,14.211971,NJ,NJ,S,NA,39.81,28 to 12
R3O5G6,OCE,M,64,8.7,5/30/19,12,37.78,CTmax,30.57388,14.211971,NJ,NJ,S,NA,39.81,28 to 12
O1G2O6,OCE,M,68,6.5,5/30/19,12,37.3,CTmax,30.57388,14.211971,NJ,NJ,S,NA,39.81,28 to 12
P3O5O6,OCE,M,67,8.9,5/30/19,12,37.66,CTmax,30.57388,14.211971,NJ,NJ,S,NA,39.81,28 to 12
P3O5R6,OCE,M,66,8.2,5/30/19,12,35.19,CTmax,30.57388,14.211971,NJ,NJ,S,NA,39.81,28 to 12
R1P3O4,SOC,F,77,12.5,5/30/19,12,37.16,CTmax,27.17952,14.211971,NJ,NJ,S,53.93098,39.78,28 to 12
R2O3G4,SOC,F,82,17.9,5/30/19,12,37.18,CTmax,27.17952,14.211971,NJ,NJ,S,53.93098,39.78,28 to 12
R1O2P5,SOC,M,61,6.1,5/30/19,12,37.84,CTmax,27.17952,14.211971,NJ,NJ,S,53.93098,39.78,28 to 12
R1P4R5,SOC,M,88,6.2,5/30/19,12,37.41,CTmax,27.17952,14.211971,NJ,NJ,S,53.93098,39.78,28 to 12
G1R4O6,SOC,M,80,13.3,5/30/19,12,37.33,CTmax,27.17952,14.211971,NJ,NJ,S,53.93098,39.78,28 to 12
G1O2R4,SOC,M,78,13.9,5/30/19,12,36.91,CTmax,27.17952,14.211971,NJ,NJ,S,53.93098,39.78,28 to 12
R1R2R4,NOC,F,65,9.6,6/17/19,12,36.4,CTmax,27.10122,14.228548,NJ,NJ,S,49.24793,39.87,28 to 12
G4R5R6,NOC,F,73,11.5,6/17/19,12,36.95,CTmax,27.10122,14.228548,NJ,NJ,S,49.24793,39.87,28 to 12
O1P5R6,NOC,F,80,15.2,6/17/19,12,36.26,CTmax,27.10122,14.228548,NJ,NJ,S,49.24793,39.87,28 to 12
R1G3O5,NOC,F,72,11,6/17/19,12,37.17,CTmax,27.10122,14.228548,NJ,NJ,S,49.24793,39.87,28 to 12
R3O5O6,NOC,F,71,10.1,6/17/19,12,37.08,CTmax,27.10122,14.228548,NJ,NJ,S,49.24793,39.87,28 to 12
O1P2O4,NOC,M,62,7.1,6/17/19,12,36.46,CTmax,27.10122,14.228548,NJ,NJ,S,49.24793,39.87,28 to 12
O2R4G5,NOC,M,64,6,6/17/19,12,36.65,CTmax,27.10122,14.228548,NJ,NJ,S,49.24793,39.87,28 to 12
G2P4R6,OCE,F,73,10,6/17/19,12,35.69,CTmax,30.57388,14.211971,NJ,NJ,S,NA,39.81,28 to 12
G2G3O4,OCE,F,82,17,6/17/19,12,37.92,CTmax,30.57388,14.211971,NJ,NJ,S,NA,39.81,28 to 12
R1P2R3,OCE,M,66,8.5,6/17/19,12,35.99,CTmax,30.57388,14.211971,NJ,NJ,S,NA,39.81,28 to 12
P1O2R6,OCE,M,73,11.6,6/17/19,12,35.46,CTmax,30.57388,14.211971,NJ,NJ,S,NA,39.81,28 to 12
O3O4G6,OCE,M,73,11.6,6/17/19,12,37.02,CTmax,30.57388,14.211971,NJ,NJ,S,NA,39.81,28 to 12
G3P4O5,OCE,M,83,17,6/17/19,12,36.89,CTmax,30.57388,14.211971,NJ,NJ,S,NA,39.81,28 to 12
P1R4P5,SOC,F,76,11.5,6/17/19,12,36.37,CTmax,27.17952,14.211971,NJ,NJ,S,53.93098,39.78,28 to 12
O1R4P5,SOC,F,69,10.7,6/17/19,12,36.15,CTmax,27.17952,14.211971,NJ,NJ,S,53.93098,39.78,28 to 12
G1P3P5,SOC,F,78,18,6/17/19,12,36.29,CTmax,27.17952,14.211971,NJ,NJ,S,53.93098,39.78,28 to 12
P2G3R5,SOC,F,65,8.6,6/17/19,12,36.68,CTmax,27.17952,14.211971,NJ,NJ,S,53.93098,39.78,28 to 12
R2R5G6,SOC,M,80,15.3,6/17/19,12,36.9,CTmax,27.17952,14.211971,NJ,NJ,S,53.93098,39.78,28 to 12
G2G4R5,SOC,M,81,17.3,6/17/19,12,36.84,CTmax,27.17952,14.211971,NJ,NJ,S,53.93098,39.78,28 to 12
G2G3O5,SOC,M,69,9,6/17/19,12,36.15,CTmax,27.17952,14.211971,NJ,NJ,S,53.93098,39.78,28 to 12
R3G4O6,SOC,M,70,11.4,6/17/19,12,36.85,CTmax,27.17952,14.211971,NJ,NJ,S,53.93098,39.78,28 to 12
P3O4R6,NOC,F,69,10.2,6/18/19,12,36.3,CTmax,27.10122,14.228548,NJ,NJ,S,49.24793,39.87,28 to 12
O3G4O6,NOC,F,67,8.2,6/18/19,12,37.19,CTmax,27.10122,14.228548,NJ,NJ,S,49.24793,39.87,28 to 12
O2P4P5,NOC,F,82,20.3,6/18/19,12,36.81,CTmax,27.10122,14.228548,NJ,NJ,S,49.24793,39.87,28 to 12
G2O3P5,NOC,M,77,12.1,6/18/19,12,36.98,CTmax,27.10122,14.228548,NJ,NJ,S,49.24793,39.87,28 to 12
G1G2G6,NOC,M,65,8.2,6/18/19,12,36.14,CTmax,27.10122,14.228548,NJ,NJ,S,49.24793,39.87,28 to 12
G2O3O4,NOC,M,62,6.9,6/18/19,12,34.74,CTmax,27.10122,14.228548,NJ,NJ,S,49.24793,39.87,28 to 12
O1G2R5,OCE,F,72,13.5,6/18/19,12,37.22,CTmax,30.57388,14.211971,NJ,NJ,S,NA,39.81,28 to 12
O3O4R6,OCE,F,80,13.9,6/18/19,12,37.33,CTmax,30.57388,14.211971,NJ,NJ,S,NA,39.81,28 to 12
O1G3G4,OCE,M,79,13.4,6/18/19,12,36.69,CTmax,30.57388,14.211971,NJ,NJ,S,NA,39.81,28 to 12
R1R4G5,OCE,M,73,11.1,6/18/19,12,36.42,CTmax,30.57388,14.211971,NJ,NJ,S,NA,39.81,28 to 12
G2P3P4P6,OCE,M,84,18.7,6/18/19,12,35.91,CTmax,30.57388,14.211971,NJ,NJ,S,NA,39.81,28 to 12
G2P3O6,SOC,F,72,10,6/18/19,12,35.72,CTmax,27.17952,14.211971,NJ,NJ,S,53.93098,39.78,28 to 12
P1G5P6,SOC,F,70,15,6/18/19,12,36.1,CTmax,27.17952,14.211971,NJ,NJ,S,53.93098,39.78,28 to 12
G3O4G6,SOC,F,61,6.9,6/18/19,12,36.98,CTmax,27.17952,14.211971,NJ,NJ,S,53.93098,39.78,28 to 12
R1R4R6,SOC,M,78,14.4,6/18/19,12,36.44,CTmax,27.17952,14.211971,NJ,NJ,S,53.93098,39.78,28 to 12
P2G5G6,SOC,M,73,11.4,6/18/19,12,36.19,CTmax,27.17952,14.211971,NJ,NJ,S,53.93098,39.78,28 to 12
O2O3G6,SOC,M,64,7.8,6/18/19,12,36.54,CTmax,27.17952,14.211971,NJ,NJ,S,53.93098,39.78,28 to 12
R1G2P4,NOC,F,68,10.5,6/19/19,28,42.28,CTmax,27.10122,14.228548,NJ,NJ,S,49.24793,39.87,12 to 28
G2G3R5,NOC,F,70,10.5,6/19/19,28,42.37,CTmax,27.10122,14.228548,NJ,NJ,S,49.24793,39.87,12 to 28
R2R4R6,NOC,F,64,7.5,6/19/19,28,42.64,CTmax,27.10122,14.228548,NJ,NJ,S,49.24793,39.87,12 to 28
O1O2R5,NOC,F,74,9.7,6/19/19,28,42.66,CTmax,27.10122,14.228548,NJ,NJ,S,49.24793,39.87,12 to 28
P1O3R4,NOC,M,80,13.5,6/19/19,28,42.28,CTmax,27.10122,14.228548,NJ,NJ,S,49.24793,39.87,12 to 28
R1P2O5,NOC,M,75,12.2,6/19/19,28,42,CTmax,27.10122,14.228548,NJ,NJ,S,49.24793,39.87,12 to 28
G4G5R6,NOC,M,73,10.4,6/19/19,28,42.38,CTmax,27.10122,14.228548,NJ,NJ,S,49.24793,39.87,12 to 28
O4G5G6,OCE,F,80,12.7,6/19/19,28,41.83,CTmax,30.57388,14.211971,NJ,NJ,S,NA,39.81,12 to 28
R1R2R6,OCE,F,68,8.7,6/19/19,28,42.55,CTmax,30.57388,14.211971,NJ,NJ,S,NA,39.81,12 to 28
G1O5P6,OCE,M,78,15,6/19/19,28,41.81,CTmax,30.57388,14.211971,NJ,NJ,S,NA,39.81,12 to 28
G1R4P6,OCE,M,71,10.9,6/19/19,28,42.51,CTmax,30.57388,14.211971,NJ,NJ,S,NA,39.81,12 to 28
R1O2R5,OCE,M,72,10.4,6/19/19,28,42.32,CTmax,30.57388,14.211971,NJ,NJ,S,NA,39.81,12 to 28
R1P2R5,OCE,M,74,11.6,6/19/19,28,42.11,CTmax,30.57388,14.211971,NJ,NJ,S,NA,39.81,12 to 28
P3R4R5,OCE,M,76,11.8,6/19/19,28,42.54,CTmax,30.57388,14.211971,NJ,NJ,S,NA,39.81,12 to 28
R3G5O6,OCE,M,73,9,6/19/19,28,42.06,CTmax,30.57388,14.211971,NJ,NJ,S,NA,39.81,12 to 28
G2P4G5,SOC,F,82,15.2,6/19/19,28,42.48,CTmax,27.17952,14.211971,NJ,NJ,S,53.93098,39.78,12 to 28
R1G3R5,SOC,M,72,11.2,6/19/19,28,42.42,CTmax,27.17952,14.211971,NJ,NJ,S,53.93098,39.78,12 to 28
P1G4O5,SOC,M,74,11.4,6/19/19,28,42.77,CTmax,27.17952,14.211971,NJ,NJ,S,53.93098,39.78,12 to 28
P1G2R3,SOC,M,72,9.6,6/19/19,28,42.6,CTmax,27.17952,14.211971,NJ,NJ,S,53.93098,39.78,12 to 28
G1R3G5,SOC,M,72,10.3,6/19/19,28,42.45,CTmax,27.17952,14.211971,NJ,NJ,S,53.93098,39.78,12 to 28
R1O2O5,NOC,F,70,8.1,6/20/19,28,42.73,CTmax,27.10122,14.228548,NJ,NJ,S,49.24793,39.87,12 to 28
O1R2O4,NOC,F,75,13,6/20/19,28,42.22,CTmax,27.10122,14.228548,NJ,NJ,S,49.24793,39.87,12 to 28
O1O3R4,NOC,F,68,8.1,6/20/19,28,42.51,CTmax,27.10122,14.228548,NJ,NJ,S,49.24793,39.87,12 to 28
G2O4G6,NOC,M,67,8.5,6/20/19,28,42.92,CTmax,27.10122,14.228548,NJ,NJ,S,49.24793,39.87,12 to 28
G1O2G6,OCE,F,65,8.6,6/20/19,28,42.59,CTmax,30.57388,14.211971,NJ,NJ,S,NA,39.81,12 to 28
R2P5P6,OCE,F,72,11.8,6/20/19,28,42.28,CTmax,30.57388,14.211971,NJ,NJ,S,NA,39.81,12 to 28
P2R4G5,OCE,F,72,11,6/20/19,28,42.4,CTmax,30.57388,14.211971,NJ,NJ,S,NA,39.81,12 to 28
P1R3R5,OCE,F,75,12,6/20/19,28,42.52,CTmax,30.57388,14.211971,NJ,NJ,S,NA,39.81,12 to 28
R1R3G6,OCE,M,69,9.8,6/20/19,28,42.4,CTmax,30.57388,14.211971,NJ,NJ,S,NA,39.81,12 to 28
O2G5R6,OCE,M,64,7.7,6/20/19,28,42.49,CTmax,30.57388,14.211971,NJ,NJ,S,NA,39.81,12 to 28
R3P5G6,OCE,M,75,12.1,6/20/19,28,42.88,CTmax,30.57388,14.211971,NJ,NJ,S,NA,39.81,12 to 28
O1R2G5,OCE,M,68,8.9,6/20/19,28,42.49,CTmax,30.57388,14.211971,NJ,NJ,S,NA,39.81,12 to 28
G2P3R6,OCE,M,75,14,6/20/19,28,42.59,CTmax,30.57388,14.211971,NJ,NJ,S,NA,39.81,12 to 28
O3G5R6,SOC,F,72,12.2,6/20/19,28,42.79,CTmax,27.17952,14.211971,NJ,NJ,S,53.93098,39.78,12 to 28
G1R2G5,SOC,F,70,9.4,6/20/19,28,42.57,CTmax,27.17952,14.211971,NJ,NJ,S,53.93098,39.78,12 to 28
R1R5P6,SOC,M,76,12.3,6/20/19,28,42.33,CTmax,27.17952,14.211971,NJ,NJ,S,53.93098,39.78,12 to 28
O3O4G5,SOC,M,78,13,6/20/19,28,42.62,CTmax,27.17952,14.211971,NJ,NJ,S,53.93098,39.78,12 to 28
R1O2P4,SOC,M,72,13.5,6/20/19,28,41.94,CTmax,27.17952,14.211971,NJ,NJ,S,53.93098,39.78,12 to 28
R2O3O5,SOC,M,67,8.5,6/20/19,28,42.12,CTmax,27.17952,14.211971,NJ,NJ,S,53.93098,39.78,12 to 28
R3R5R6,SOC,M,73,11.2,6/20/19,28,42.2,CTmax,27.17952,14.211971,NJ,NJ,S,53.93098,39.78,12 to 28
P1G4G5,NOC,F,79,14.4,6/21/19,28,42.6,CTmax,27.10122,14.228548,NJ,NJ,S,49.24793,39.87,12 to 28
R3O4O6,NOC,F,66,8.4,6/21/19,28,42.67,CTmax,27.10122,14.228548,NJ,NJ,S,49.24793,39.87,12 to 28
O1G3O6,NOC,F,62,9.2,6/21/19,28,42.58,CTmax,27.10122,14.228548,NJ,NJ,S,49.24793,39.87,12 to 28
O2O4R5,NOC,F,74,11.2,6/21/19,28,42.6,CTmax,27.10122,14.228548,NJ,NJ,S,49.24793,39.87,12 to 28
P2G3P6,NOC,M,65,7.7,6/21/19,28,42.65,CTmax,27.10122,14.228548,NJ,NJ,S,49.24793,39.87,12 to 28
G1R2P5,NOC,M,70,7.1,6/21/19,28,42.68,CTmax,27.10122,14.228548,NJ,NJ,S,49.24793,39.87,12 to 28
R2P3G4,NOC,M,53,4.1,6/21/19,28,42.58,CTmax,27.10122,14.228548,NJ,NJ,S,49.24793,39.87,12 to 28
R2O3O6,NOC,M,61,5.6,6/21/19,28,42.38,CTmax,27.10122,14.228548,NJ,NJ,S,49.24793,39.87,12 to 28
P2G4P5,NOC,M,62,8.3,6/21/19,28,42.5,CTmax,27.10122,14.228548,NJ,NJ,S,49.24793,39.87,12 to 28
O4O5R6,OCE,F,84,15.7,6/21/19,28,42.35,CTmax,30.57388,14.211971,NJ,NJ,S,NA,39.81,12 to 28
O2R5R6,OCE,M,65,8.3,6/21/19,28,42.06,CTmax,30.57388,14.211971,NJ,NJ,S,NA,39.81,12 to 28
O1G3P6,OCE,M,75,11.3,6/21/19,28,42.44,CTmax,30.57388,14.211971,NJ,NJ,S,NA,39.81,12 to 28
P3R4G6,SOC,F,65,8.8,6/21/19,28,42.77,CTmax,27.17952,14.211971,NJ,NJ,S,53.93098,39.78,12 to 28
R1O2P6,SOC,F,80,16.4,6/21/19,28,42.66,CTmax,27.17952,14.211971,NJ,NJ,S,53.93098,39.78,12 to 28
P2O4G5,SOC,F,71,9.6,6/21/19,28,42.57,CTmax,27.17952,14.211971,NJ,NJ,S,53.93098,39.78,12 to 28
R3R4G6,SOC,F,61,7.4,6/21/19,28,42.5,CTmax,27.17952,14.211971,NJ,NJ,S,53.93098,39.78,12 to 28
G2O3R5,SOC,F,70,10.6,6/21/19,28,42.33,CTmax,27.17952,14.211971,NJ,NJ,S,53.93098,39.78,12 to 28
P1G5O6,SOC,F,NA,11,6/21/19,28,42.28,CTmax,27.17952,14.211971,NJ,NJ,S,53.93098,39.78,12 to 28
G1O3R6,SOC,M,71,11.3,6/21/19,28,42.53,CTmax,27.17952,14.211971,NJ,NJ,S,53.93098,39.78,12 to 28
G1R2R6,SOC,M,70,8.4,6/21/19,28,42.51,CTmax,27.17952,14.211971,NJ,NJ,S,53.93098,39.78,12 to 28
P1R3O6,PENME,F,60,5.4,6/24/19,28,42.01,CTmax,21.35523,8.606675,PENME-DIME,ME,N,27.27436,44.4663861,12 to 28
P1G3R5,RVMA,F,73,10,6/24/19,28,41.81,CTmax,23.49572,11.710242,RVMA-EHMA,MA,N,44.46299,41.674169,12 to 28
O3O4R5,RVMA,M,78,10.7,6/24/19,28,41.14,CTmax,23.49572,11.710242,RVMA-EHMA,MA,N,44.46299,41.674169,12 to 28
G2R5P6,RVMA,F,71,8.8,6/24/19,28,42.12,CTmax,23.49572,11.710242,RVMA-EHMA,MA,N,44.46299,41.674169,12 to 28
R3G4P5,DIME,F,82,10.7,6/24/19,28,41.55,CTmax,16.92318,9.07777,PENME-DIME,ME,N,17.6729,44.165011,12 to 28
G1R2O5,EHMA,F,64,6.2,6/24/19,28,42.11,CTmax,19.31422,9.07777,RVMA-EHMA,MA,N,33.13356,41.82633,12 to 28
P3R4R6,PENME,M,67,6.3,6/24/19,28,41.23,CTmax,21.35523,8.606675,PENME-DIME,ME,N,27.27436,44.4663861,12 to 28
G1P2R5,PENME,F,81,10.4,6/24/19,28,41.6,CTmax,21.35523,8.606675,PENME-DIME,ME,N,27.27436,44.4663861,12 to 28
R3R5P6,PEAME,F,73,8.8,6/24/19,28,41.79,CTmax,15.63283,8.606675,OCME-PEAME,ME,N,13.10594,44.29059,12 to 28
G1O2P4,DIME,M,67,5.6,6/24/19,28,41.88,CTmax,16.92318,9.07777,PENME-DIME,ME,N,17.6729,44.165011,12 to 28
P3R5R6,OCME,M,63,5.1,6/24/19,28,41.64,CTmax,18.06903,8.606675,OCME-PEAME,ME,N,11.41609,44.421147,12 to 28
O4G5R6,PEAME,M,51,4.3,6/24/19,28,41.69,CTmax,15.63283,8.606675,OCME-PEAME,ME,N,13.10594,44.29059,12 to 28
R2R4R5,PENME,M,73,8.3,6/24/19,28,41.45,CTmax,21.35523,8.606675,PENME-DIME,ME,N,27.27436,44.4663861,12 to 28
G1O5R6,RVMA,F,66,6.8,6/24/19,28,42.05,CTmax,23.49572,11.710242,RVMA-EHMA,MA,N,44.46299,41.674169,12 to 28
P2R3P4,DIME,F,70,9.3,6/24/19,28,41.84,CTmax,16.92318,9.07777,PENME-DIME,ME,N,17.6729,44.165011,12 to 28
R1R5G6,RVMA,M,72,8.8,6/24/19,28,41.15,CTmax,23.49572,11.710242,RVMA-EHMA,MA,N,44.46299,41.674169,12 to 28
R2G3R4,EHMA,M,60,5.6,6/24/19,28,41.93,CTmax,19.31422,9.07777,RVMA-EHMA,MA,N,33.13356,41.82633,12 to 28
P2O5R6,PEAME,F,71,10.6,6/24/19,28,41.6,CTmax,15.63283,8.606675,OCME-PEAME,ME,N,13.10594,44.29059,12 to 28
R1P3R6,PEAME,M,63,5.4,6/24/19,28,41.55,CTmax,15.63283,8.606675,OCME-PEAME,ME,N,13.10594,44.29059,12 to 28
P2P3O6,RVMA,F,67,8.3,6/24/19,28,41.91,CTmax,23.49572,11.710242,RVMA-EHMA,MA,N,44.46299,41.674169,12 to 28
O2P3O4,EHMA,F,66,5.9,6/24/19,28,42.29,CTmax,19.31422,9.07777,RVMA-EHMA,MA,N,33.13356,41.82633,12 to 28
O1G4R6,EHMA,F,54,4,6/24/19,28,42.4,CTmax,19.31422,9.07777,RVMA-EHMA,MA,N,33.13356,41.82633,12 to 28
O1R3R6,RVMA,M,75,10.5,6/24/19,28,42.2,CTmax,23.49572,11.710242,RVMA-EHMA,MA,N,44.46299,41.674169,12 to 28
P1O3R6,PENME,M,64,6.4,6/24/19,28,41.83,CTmax,21.35523,8.606675,PENME-DIME,ME,N,27.27436,44.4663861,12 to 28
O1O2P6,PEAME,M,58,4.8,6/24/19,28,42.14,CTmax,15.63283,8.606675,OCME-PEAME,ME,N,13.10594,44.29059,12 to 28
O2G3G4,EHMA,F,72,9.7,6/24/19,28,41.86,CTmax,19.31422,9.07777,RVMA-EHMA,MA,N,33.13356,41.82633,12 to 28
O1R3G4,EHMA,M,62,7,6/24/19,28,42.09,CTmax,19.31422,9.07777,RVMA-EHMA,MA,N,33.13356,41.82633,12 to 28
O1G3R4,OCME,F,64,7.2,6/24/19,28,41.51,CTmax,18.06903,8.606675,OCME-PEAME,ME,N,11.41609,44.421147,12 to 28
O1P4P5,PEAME,F,66,7,6/24/19,28,41.4,CTmax,15.63283,8.606675,OCME-PEAME,ME,N,13.10594,44.29059,12 to 28
O3P4R6,OCME,F,62,6.3,6/25/19,28,41.77,CTmax,18.06903,8.606675,OCME-PEAME,ME,N,11.41609,44.421147,12 to 28
G2G3P5,DIME,M,70,6.1,6/25/19,28,41.7,CTmax,16.92318,9.07777,PENME-DIME,ME,N,17.6729,44.165011,12 to 28
G1P2R3,PEAME,F,67,8.3,6/25/19,28,41.77,CTmax,15.63283,8.606675,OCME-PEAME,ME,N,13.10594,44.29059,12 to 28
O1O2R4,DIME,M,70,8.4,6/25/19,28,41.25,CTmax,16.92318,9.07777,PENME-DIME,ME,N,17.6729,44.165011,12 to 28
G2O5R6,RVMA,M,71,8.9,6/25/19,28,41.7,CTmax,23.49572,11.710242,RVMA-EHMA,MA,N,44.46299,41.674169,12 to 28
R4O5R6,PENME,M,61,4.2,6/25/19,28,41.5,CTmax,21.35523,8.606675,PENME-DIME,ME,N,27.27436,44.4663861,12 to 28
R1R2G6,DIME,F,80,9.3,6/25/19,28,41.54,CTmax,16.92318,9.07777,PENME-DIME,ME,N,17.6729,44.165011,12 to 28
G2P3G6,OCME,M,48,4.9,6/25/19,28,41.94,CTmax,18.06903,8.606675,OCME-PEAME,ME,N,11.41609,44.421147,12 to 28
G1P4O5,PENME,M,66,6.4,6/25/19,28,41.43,CTmax,21.35523,8.606675,PENME-DIME,ME,N,27.27436,44.4663861,12 to 28
O2G5O6,PEAME,F,66,6.8,6/25/19,28,41.72,CTmax,15.63283,8.606675,OCME-PEAME,ME,N,13.10594,44.29059,12 to 28
P2R3G5,EHMA,M,61,6.9,6/25/19,28,42.3,CTmax,19.31422,9.07777,RVMA-EHMA,MA,N,33.13356,41.82633,12 to 28
G1P4G6,PEAME,M,65,5.6,6/25/19,28,41.4,CTmax,15.63283,8.606675,OCME-PEAME,ME,N,13.10594,44.29059,12 to 28
P1G2O4,OCME,M,66,6.7,6/25/19,28,41.34,CTmax,18.06903,8.606675,OCME-PEAME,ME,N,11.41609,44.421147,12 to 28
G2R4R5,DIME,F,58,3.9,6/25/19,28,42.05,CTmax,16.92318,9.07777,PENME-DIME,ME,N,17.6729,44.165011,12 to 28
R1O4R5,RVMA,F,70,10,6/25/19,28,42.4,CTmax,23.49572,11.710242,RVMA-EHMA,MA,N,44.46299,41.674169,12 to 28
P3P4R5,DIME,M,82,11.7,6/25/19,28,40.97,CTmax,16.92318,9.07777,PENME-DIME,ME,N,17.6729,44.165011,12 to 28
P1G2G5,PENME,F,62,7.3,6/25/19,28,41.66,CTmax,21.35523,8.606675,PENME-DIME,ME,N,27.27436,44.4663861,12 to 28
P1R3G4,DIME,M,67,6.1,6/25/19,28,41.66,CTmax,16.92318,9.07777,PENME-DIME,ME,N,17.6729,44.165011,12 to 28
R1O4G6,EHMA,F,67,7.8,6/25/19,28,42.17,CTmax,19.31422,9.07777,RVMA-EHMA,MA,N,33.13356,41.82633,12 to 28
G2R3G5,EHMA,F,69,8.6,6/25/19,28,42.3,CTmax,19.31422,9.07777,RVMA-EHMA,MA,N,33.13356,41.82633,12 to 28
O4R5O6,DIME,F,81,13.1,7/2/19,28,41.84,CTmax,16.92318,9.07777,PENME-DIME,ME,N,17.6729,44.165011,12 to 28
O4G5P6,EHMA,M,71,8.4,7/2/19,28,41.42,CTmax,19.31422,9.07777,RVMA-EHMA,MA,N,33.13356,41.82633,12 to 28
O1O2O3,OCME,M,65,6.3,7/2/19,28,41.72,CTmax,18.06903,8.606675,OCME-PEAME,ME,N,11.41609,44.421147,12 to 28
G3O4G5,PENME,F,69,9,7/2/19,28,41.6,CTmax,21.35523,8.606675,PENME-DIME,ME,N,27.27436,44.4663861,12 to 28
P2G3P4,OCME,F,65,6.4,7/2/19,28,40.94,CTmax,18.06903,8.606675,OCME-PEAME,ME,N,11.41609,44.421147,12 to 28
G1G3O5,PEAME,M,63,5.5,7/2/19,28,41.12,CTmax,15.63283,8.606675,OCME-PEAME,ME,N,13.10594,44.29059,12 to 28
R2R3G6,OCME,M,53,4.4,7/2/19,28,41.31,CTmax,18.06903,8.606675,OCME-PEAME,ME,N,11.41609,44.421147,12 to 28
R2R4P6,OCME,M,57,4.2,7/2/19,28,41.22,CTmax,18.06903,8.606675,OCME-PEAME,ME,N,11.41609,44.421147,12 to 28
G4P5G6,PENME,F,61,5.2,7/2/19,28,41.86,CTmax,21.35523,8.606675,PENME-DIME,ME,N,27.27436,44.4663861,12 to 28
P1O3P4,EHMA,M,79,12.8,7/2/19,28,41.8,CTmax,19.31422,9.07777,RVMA-EHMA,MA,N,33.13356,41.82633,12 to 28
O2G3O5,RVMA,M,76,10.3,7/2/19,28,41.69,CTmax,23.49572,11.710242,RVMA-EHMA,MA,N,44.46299,41.674169,12 to 28
P2R3O5,RVMA,M,67,6.5,7/2/19,28,41.88,CTmax,23.49572,11.710242,RVMA-EHMA,MA,N,44.46299,41.674169,12 to 28
R4R5P6,PEAME,F,70,10.3,7/2/19,28,41.16,CTmax,15.63283,8.606675,OCME-PEAME,ME,N,13.10594,44.29059,12 to 28
P1O5R6,PENME,F,66,6.4,7/2/19,28,41.11,CTmax,21.35523,8.606675,PENME-DIME,ME,N,27.27436,44.4663861,12 to 28
G3P4P5,PEAME,F,80,13.7,7/2/19,28,41.44,CTmax,15.63283,8.606675,OCME-PEAME,ME,N,13.10594,44.29059,12 to 28
R3G5G6,DIME,M,62,4.8,7/2/19,28,41.58,CTmax,16.92318,9.07777,PENME-DIME,ME,N,17.6729,44.165011,12 to 28
G3R4O6,PENME,M,71,8.3,7/2/19,28,41.3,CTmax,21.35523,8.606675,PENME-DIME,ME,N,27.27436,44.4663861,12 to 28
G3P4O6,DIME,M,69,6.3,7/2/19,28,41.55,CTmax,16.92318,9.07777,PENME-DIME,ME,N,17.6729,44.165011,12 to 28
G2O3G5,PEAME,M,62,6.5,7/3/19,28,41.38,CTmax,15.63283,8.606675,OCME-PEAME,ME,N,13.10594,44.29059,12 to 28
R1O2G6,OCME,M,61,5.4,7/3/19,28,41.55,CTmax,18.06903,8.606675,OCME-PEAME,ME,N,11.41609,44.421147,12 to 28
G2R4O6,OCME,M,63,5.7,7/3/19,28,40.9,CTmax,18.06903,8.606675,OCME-PEAME,ME,N,11.41609,44.421147,12 to 28
G3O5P6,EHMA,F,74,11.2,7/3/19,28,41.6,CTmax,19.31422,9.07777,RVMA-EHMA,MA,N,33.13356,41.82633,12 to 28
P1P4P6,OCME,M,70,6.9,7/3/19,28,41.08,CTmax,18.06903,8.606675,OCME-PEAME,ME,N,11.41609,44.421147,12 to 28
G1R4R6,PENME,F,72,11.3,7/3/19,28,40.76,CTmax,21.35523,8.606675,PENME-DIME,ME,N,27.27436,44.4663861,12 to 28
P1G2R4,OCME,M,51,2.4,7/3/19,28,41.6,CTmax,18.06903,8.606675,OCME-PEAME,ME,N,11.41609,44.421147,12 to 28
R2G3G5,PENME,F,81,13.2,7/3/19,28,41.7,CTmax,21.35523,8.606675,PENME-DIME,ME,N,27.27436,44.4663861,12 to 28
R2O4G6,RVMA,M,71,7.6,7/3/19,28,41.92,CTmax,23.49572,11.710242,RVMA-EHMA,MA,N,44.46299,41.674169,12 to 28
P1G2P5,DIME,F,64,5.3,7/3/19,28,41.69,CTmax,16.92318,9.07777,PENME-DIME,ME,N,17.6729,44.165011,12 to 28
O1P4O6,OCME,M,62,6.2,7/3/19,28,41.27,CTmax,18.06903,8.606675,OCME-PEAME,ME,N,11.41609,44.421147,12 to 28
O2O4O6,PENME,M,79,9.6,7/3/19,28,40.95,CTmax,21.35523,8.606675,PENME-DIME,ME,N,27.27436,44.4663861,12 to 28
G4G5O6,PENME,F,80,14.7,7/3/19,28,40.83,CTmax,21.35523,8.606675,PENME-DIME,ME,N,27.27436,44.4663861,12 to 28
G3G5O6,EHMA,M,79,14.7,7/3/19,28,42.59,CTmax,19.31422,9.07777,RVMA-EHMA,MA,N,33.13356,41.82633,12 to 28
R3P4R6,DIME,M,75,7.9,7/3/19,28,40.83,CTmax,16.92318,9.07777,PENME-DIME,ME,N,17.6729,44.165011,12 to 28
R2G4O6,DIME,F,79,8,7/3/19,28,41.73,CTmax,16.92318,9.07777,PENME-DIME,ME,N,17.6729,44.165011,12 to 28
P2R4P5,PEAME,M,67,6.6,7/3/19,28,41.31,CTmax,15.63283,8.606675,OCME-PEAME,ME,N,13.10594,44.29059,12 to 28
O1P2R6,DIME,M,67,5.9,7/3/19,28,41.2,CTmax,16.92318,9.07777,PENME-DIME,ME,N,17.6729,44.165011,12 to 28
R3G4R6,PENME,M,79,8,7/3/19,28,40.83,CTmax,21.35523,8.606675,PENME-DIME,ME,N,27.27436,44.4663861,12 to 28
R4O5G6,OCME,F,72,9.5,7/3/19,28,41.32,CTmax,18.06903,8.606675,OCME-PEAME,ME,N,11.41609,44.421147,12 to 28
G1R4G5,RVMA,F,68,8.2,7/3/19,28,41.8,CTmax,23.49572,11.710242,RVMA-EHMA,MA,N,44.46299,41.674169,12 to 28
P1G4R5,RVMA,F,78,11.2,7/3/19,28,41.43,CTmax,23.49572,11.710242,RVMA-EHMA,MA,N,44.46299,41.674169,12 to 28
P2R3P6,RVMA,F,66,7.6,7/3/19,28,41.18,CTmax,23.49572,11.710242,RVMA-EHMA,MA,N,44.46299,41.674169,12 to 28
G2R3R6,RVMA,M,77,11.8,7/3/19,28,41.51,CTmax,23.49572,11.710242,RVMA-EHMA,MA,N,44.46299,41.674169,12 to 28
O2G4G6,EHMA,M,59,5.3,7/3/19,28,41.4,CTmax,19.31422,9.07777,RVMA-EHMA,MA,N,33.13356,41.82633,12 to 28
P2G4G6,DIME,M,73,7.9,7/3/19,28,41.36,CTmax,16.92318,9.07777,PENME-DIME,ME,N,17.6729,44.165011,12 to 28
P3G4O6,PEAME,F,71,9.6,7/3/19,28,41.45,CTmax,15.63283,8.606675,OCME-PEAME,ME,N,13.10594,44.29059,12 to 28
R1R2O5,OCME,M,60,5.2,7/3/19,28,41.4,CTmax,18.06903,8.606675,OCME-PEAME,ME,N,11.41609,44.421147,12 to 28
P2R4O5,EHMA,M,59,5.2,7/3/19,28,41.84,CTmax,19.31422,9.07777,RVMA-EHMA,MA,N,33.13356,41.82633,12 to 28
R1G3P6,DIME,M,72,7.6,7/8/19,12,36.09,CTmax,16.92318,9.07777,PENME-DIME,ME,N,17.6729,44.165011,28 to 12
P3O5G6,PEAME,F,68,7.7,7/8/19,12,35.8,CTmax,15.63283,8.606675,OCME-PEAME,ME,N,13.10594,44.29059,28 to 12
R1P2G5,RVMA,M,81,12.2,7/8/19,12,36.21,CTmax,23.49572,11.710242,RVMA-EHMA,MA,N,44.46299,41.674169,28 to 12
O1G2G3,PENME,M,70,8,7/8/19,12,34.47,CTmax,21.35523,8.606675,PENME-DIME,ME,N,27.27436,44.4663861,28 to 12
P3G5R6,OCME,F,75,9.8,7/8/19,12,34.96,CTmax,18.06903,8.606675,OCME-PEAME,ME,N,11.41609,44.421147,28 to 12
G3G5G6,PEAME,M,71,7,7/8/19,12,36.78,CTmax,15.63283,8.606675,OCME-PEAME,ME,N,13.10594,44.29059,28 to 12
O1R2G3,EHMA,F,57,6.5,7/8/19,12,36.55,CTmax,19.31422,9.07777,RVMA-EHMA,MA,N,33.13356,41.82633,28 to 12
G1O2P6,PEAME,F,72,7.4,7/8/19,12,36.33,CTmax,15.63283,8.606675,OCME-PEAME,ME,N,13.10594,44.29059,28 to 12
G1O4O5,RVMA,M,78,11.8,7/8/19,12,35.39,CTmax,23.49572,11.710242,RVMA-EHMA,MA,N,44.46299,41.674169,28 to 12
G3G4O5,OCME,M,65,6.3,7/8/19,12,34.85,CTmax,18.06903,8.606675,OCME-PEAME,ME,N,11.41609,44.421147,28 to 12
P1G3O5,DIME,M,66,5.5,7/8/19,12,36.12,CTmax,16.92318,9.07777,PENME-DIME,ME,N,17.6729,44.165011,28 to 12
O2O5R6,EHMA,F,64,6,7/8/19,12,36.21,CTmax,19.31422,9.07777,RVMA-EHMA,MA,N,33.13356,41.82633,28 to 12
G1G2R4,OCME,M,68,6.2,7/8/19,12,36.28,CTmax,18.06903,8.606675,OCME-PEAME,ME,N,11.41609,44.421147,28 to 12
G1P2O3,PEAME,M,68,7,7/8/19,12,36.49,CTmax,15.63283,8.606675,OCME-PEAME,ME,N,13.10594,44.29059,28 to 12
P1O3G4,PENME,F,73,8.9,7/8/19,12,35.86,CTmax,21.35523,8.606675,PENME-DIME,ME,N,27.27436,44.4663861,28 to 12
O2O3G4,DIME,M,70,6.3,7/8/19,12,36.59,CTmax,16.92318,9.07777,PENME-DIME,ME,N,17.6729,44.165011,28 to 12
G2P3P4,PEAME,F,75,8.1,7/8/19,12,37.46,CTmax,15.63283,8.606675,OCME-PEAME,ME,N,13.10594,44.29059,28 to 12
O2R3O6,EHMA,M,76,10.3,7/8/19,12,36.25,CTmax,19.31422,9.07777,RVMA-EHMA,MA,N,33.13356,41.82633,28 to 12
G2O4P5,RVMA,M,69,6.4,7/8/19,12,36.55,CTmax,23.49572,11.710242,RVMA-EHMA,MA,N,44.46299,41.674169,28 to 12
R4R5G6,RVMA,F,82,14.4,7/8/19,12,37.07,CTmax,23.49572,11.710242,RVMA-EHMA,MA,N,44.46299,41.674169,28 to 12
R2G5O6,PENME,F,81,10,7/8/19,12,35.5,CTmax,21.35523,8.606675,PENME-DIME,ME,N,27.27436,44.4663861,28 to 12
G1O4P5,OCME,F,80,10.7,7/8/19,12,35.3,CTmax,18.06903,8.606675,OCME-PEAME,ME,N,11.41609,44.421147,28 to 12
G1O3G6,PENME,M,70,7.4,7/8/19,12,36.07,CTmax,21.35523,8.606675,PENME-DIME,ME,N,27.27436,44.4663861,28 to 12
R1G4R6,RVMA,F,81,11.8,7/8/19,12,36.86,CTmax,23.49572,11.710242,RVMA-EHMA,MA,N,44.46299,41.674169,28 to 12
R2O5G6,DIME,F,94,15,7/8/19,12,36.78,CTmax,16.92318,9.07777,PENME-DIME,ME,N,17.6729,44.165011,28 to 12
R3P4G5,PENME,F,78,11.1,7/8/19,12,34.79,CTmax,21.35523,8.606675,PENME-DIME,ME,N,27.27436,44.4663861,28 to 12
G2R3G6,RVMA,F,65,7.1,7/8/19,12,35.89,CTmax,23.49572,11.710242,RVMA-EHMA,MA,N,44.46299,41.674169,28 to 12
P4G5G6,EHMA,M,82,13.3,7/8/19,12,37.5,CTmax,19.31422,9.07777,RVMA-EHMA,MA,N,33.13356,41.82633,28 to 12
O2R3G6,DIME,F,80,11.1,7/8/19,12,35.19,CTmax,16.92318,9.07777,PENME-DIME,ME,N,17.6729,44.165011,28 to 12
G1O3R4,DIME,F,83,11.8,7/9/19,12,37.1,CTmax,16.92318,9.07777,PENME-DIME,ME,N,17.6729,44.165011,28 to 12
P1R2G3,OCME,F,69,7,7/9/19,12,35.68,CTmax,18.06903,8.606675,OCME-PEAME,ME,N,11.41609,44.421147,28 to 12
O2R5P6,OCME,M,55,3.6,7/9/19,12,33.75,CTmax,18.06903,8.606675,OCME-PEAME,ME,N,11.41609,44.421147,28 to 12
O1O5G6,DIME,F,61,5,7/9/19,12,35.75,CTmax,16.92318,9.07777,PENME-DIME,ME,N,17.6729,44.165011,28 to 12
O2P4G5,RVMA,M,75,10.5,7/9/19,12,36.19,CTmax,23.49572,11.710242,RVMA-EHMA,MA,N,44.46299,41.674169,28 to 12
R3G5P6,EHMA,F,86,15.5,7/9/19,12,37.2,CTmax,19.31422,9.07777,RVMA-EHMA,MA,N,33.13356,41.82633,28 to 12
G3O5G6,PENME,M,68,7,7/9/19,12,33.57,CTmax,21.35523,8.606675,PENME-DIME,ME,N,27.27436,44.4663861,28 to 12
R1P2O4,PENME,F,79,15.9,7/9/19,12,34.46,CTmax,21.35523,8.606675,PENME-DIME,ME,N,27.27436,44.4663861,28 to 12
O2R5O6,PEAME,M,63,4.8,7/9/19,12,36.8,CTmax,15.63283,8.606675,OCME-PEAME,ME,N,13.10594,44.29059,28 to 12
G1G3G6,DIME,M,79,8.7,7/9/19,12,35.22,CTmax,16.92318,9.07777,PENME-DIME,ME,N,17.6729,44.165011,28 to 12
G2O3O6,DIME,M,71,6.6,7/9/19,12,36.46,CTmax,16.92318,9.07777,PENME-DIME,ME,N,17.6729,44.165011,28 to 12
O1G5R6,EHMA,M,75,9.5,7/9/19,12,36.83,CTmax,19.31422,9.07777,RVMA-EHMA,MA,N,33.13356,41.82633,28 to 12
G1G2G4,RVMA,F,76,11.6,7/9/19,12,35.42,CTmax,23.49572,11.710242,RVMA-EHMA,MA,N,44.46299,41.674169,28 to 12
G1G2P3,PEAME,M,67,7.6,7/9/19,12,35.04,CTmax,15.63283,8.606675,OCME-PEAME,ME,N,13.10594,44.29059,28 to 12
O1R5P6,PEAME,F,71,8.5,7/9/19,12,34.79,CTmax,15.63283,8.606675,OCME-PEAME,ME,N,13.10594,44.29059,28 to 12
O1P2G5,OCME,M,59,4.9,7/9/19,12,36.13,CTmax,18.06903,8.606675,OCME-PEAME,ME,N,11.41609,44.421147,28 to 12
O1R2O5,PENME,F,74,9.8,7/9/19,12,35.84,CTmax,21.35523,8.606675,PENME-DIME,ME,N,27.27436,44.4663861,28 to 12
P2G4G5,PENME,F,70,8.1,7/9/19,12,36.57,CTmax,21.35523,8.606675,PENME-DIME,ME,N,27.27436,44.4663861,28 to 12
P1P2R4,EHMA,F,68,8.2,7/9/19,12,36.97,CTmax,19.31422,9.07777,RVMA-EHMA,MA,N,33.13356,41.82633,28 to 12
G1O2G5,PENME,F,66,6.2,7/9/19,12,35.76,CTmax,21.35523,8.606675,PENME-DIME,ME,N,27.27436,44.4663861,28 to 12
P1O4G5,PEAME,F,72,8.9,7/9/19,12,36.21,CTmax,15.63283,8.606675,OCME-PEAME,ME,N,13.10594,44.29059,28 to 12
P1P2G5,EHMA,M,71,8.2,7/9/19,12,36.1,CTmax,19.31422,9.07777,RVMA-EHMA,MA,N,33.13356,41.82633,28 to 12
P2O4R6,OCME,M,73,9.1,7/9/19,12,35.27,CTmax,18.06903,8.606675,OCME-PEAME,ME,N,11.41609,44.421147,28 to 12
G2G3R6,OCME,F,59,4.5,7/9/19,12,36.11,CTmax,18.06903,8.606675,OCME-PEAME,ME,N,11.41609,44.421147,28 to 12
G3P4G5,RVMA,M,79,10.9,7/9/19,12,36.86,CTmax,23.49572,11.710242,RVMA-EHMA,MA,N,44.46299,41.674169,28 to 12
R1R3P5,OCME,M,59,4.1,7/9/19,12,36.21,CTmax,18.06903,8.606675,OCME-PEAME,ME,N,11.41609,44.421147,28 to 12
P2R3G6,DIME,M,77,9.5,7/9/19,12,36.21,CTmax,16.92318,9.07777,PENME-DIME,ME,N,17.6729,44.165011,28 to 12
G2G3G4,EHMA,F,72,8.9,7/9/19,12,36.64,CTmax,19.31422,9.07777,RVMA-EHMA,MA,N,33.13356,41.82633,28 to 12
R1O5O6,EHMA,M,60,4.8,7/9/19,12,36.05,CTmax,19.31422,9.07777,RVMA-EHMA,MA,N,33.13356,41.82633,28 to 12
G2P3R5,RVMA,M,66,6.3,7/9/19,12,36.3,CTmax,23.49572,11.710242,RVMA-EHMA,MA,N,44.46299,41.674169,28 to 12
P4G5R6,PEAME,M,65,5.6,7/9/19,12,35.43,CTmax,15.63283,8.606675,OCME-PEAME,ME,N,13.10594,44.29059,28 to 12
R1P5O6,PEAME,F,71,7.9,7/10/19,12,36.21,CTmax,15.63283,8.606675,OCME-PEAME,ME,N,13.10594,44.29059,28 to 12
G2R5G6,PENME,F,75,8.9,7/10/19,12,35.27,CTmax,21.35523,8.606675,PENME-DIME,ME,N,27.27436,44.4663861,28 to 12
R1O2P3,RVMA,F,67,7.8,7/10/19,12,36.1,CTmax,23.49572,11.710242,RVMA-EHMA,MA,N,44.46299,41.674169,28 to 12
O1G4P6,PEAME,F,74,8,7/10/19,12,34.46,CTmax,15.63283,8.606675,OCME-PEAME,ME,N,13.10594,44.29059,28 to 12
R2G3P4,PENME,M,74,7.5,7/10/19,12,35.78,CTmax,21.35523,8.606675,PENME-DIME,ME,N,27.27436,44.4663861,28 to 12
G2P5P6,RVMA,F,70,8.3,7/10/19,12,35.64,CTmax,23.49572,11.710242,RVMA-EHMA,MA,N,44.46299,41.674169,28 to 12
P1P3O6,DIME,M,65,6.4,7/10/19,12,35.84,CTmax,16.92318,9.07777,PENME-DIME,ME,N,17.6729,44.165011,28 to 12
O2G3P5,PEAME,F,72,9.5,7/10/19,12,35.65,CTmax,15.63283,8.606675,OCME-PEAME,ME,N,13.10594,44.29059,28 to 12
G1R3O5,RVMA,M,80,13.6,7/10/19,12,36.2,CTmax,23.49572,11.710242,RVMA-EHMA,MA,N,44.46299,41.674169,28 to 12
G1O2P3,OCME,M,58,4.1,7/10/19,12,34.92,CTmax,18.06903,8.606675,OCME-PEAME,ME,N,11.41609,44.421147,28 to 12
R1P2R6,PEAME,M,64,5.4,7/10/19,12,35.84,CTmax,15.63283,8.606675,OCME-PEAME,ME,N,13.10594,44.29059,28 to 12
R1G4R5,OCME,M,49,2.2,7/10/19,12,33.14,CTmax,18.06903,8.606675,OCME-PEAME,ME,N,11.41609,44.421147,28 to 12
R2O3P4,OCME,F,67,8.1,7/10/19,12,35.45,CTmax,18.06903,8.606675,OCME-PEAME,ME,N,11.41609,44.421147,28 to 12
G1G3P5,DIME,M,67,6.9,7/10/19,12,35.07,CTmax,16.92318,9.07777,PENME-DIME,ME,N,17.6729,44.165011,28 to 12
O3P4G6,PEAME,M,68,6.8,7/10/19,12,36,CTmax,15.63283,8.606675,OCME-PEAME,ME,N,13.10594,44.29059,28 to 12
O2R3G5,OCME,M,66,6,7/10/19,12,35.35,CTmax,18.06903,8.606675,OCME-PEAME,ME,N,11.41609,44.421147,28 to 12
R2P3G5,RVMA,M,74,9.9,7/10/19,12,36.89,CTmax,23.49572,11.710242,RVMA-EHMA,MA,N,44.46299,41.674169,28 to 12
R2P4R6,OCME,M,63,5.8,7/10/19,12,35.19,CTmax,18.06903,8.606675,OCME-PEAME,ME,N,11.41609,44.421147,28 to 12
O4O5O6,RVMA,F,77,8.7,7/10/19,12,36.93,CTmax,23.49572,11.710242,RVMA-EHMA,MA,N,44.46299,41.674169,28 to 12
P2G3G4,OCME,M,64,5.9,7/10/19,12,35.11,CTmax,18.06903,8.606675,OCME-PEAME,ME,N,11.41609,44.421147,28 to 12
G1O4R6,PENME,F,75,10,7/10/19,12,35.31,CTmax,21.35523,8.606675,PENME-DIME,ME,N,27.27436,44.4663861,28 to 12
G3O4R5,PENME,M,80,10.5,7/10/19,12,35.76,CTmax,21.35523,8.606675,PENME-DIME,ME,N,27.27436,44.4663861,28 to 12
P3G5O6,PENME,F,80,10.5,7/10/19,12,36,CTmax,21.35523,8.606675,PENME-DIME,ME,N,27.27436,44.4663861,28 to 12
R3R5O6,PENME,F,80,10.5,7/10/19,12,34.04,CTmax,21.35523,8.606675,PENME-DIME,ME,N,27.27436,44.4663861,28 to 12
G1G3O6,RVMA,M,74,9.8,7/10/19,12,36.2,CTmax,23.49572,11.710242,RVMA-EHMA,MA,N,44.46299,41.674169,28 to 12
G3R4O5,DIME,M,81,10.6,7/10/19,12,35.67,CTmax,16.92318,9.07777,PENME-DIME,ME,N,17.6729,44.165011,28 to 12
O1O3O6,PENME,M,75,10.7,7/10/19,12,36.35,CTmax,21.35523,8.606675,PENME-DIME,ME,N,27.27436,44.4663861,28 to 12
G1G2R6,PEAME,M,71,9,7/11/19,12,35.56,CTmax,15.63283,8.606675,OCME-PEAME,ME,N,13.10594,44.29059,28 to 12
P2R5O6,PEAME,F,75,8.8,7/11/19,12,34.26,CTmax,15.63283,8.606675,OCME-PEAME,ME,N,13.10594,44.29059,28 to 12
G1P3O6,PEAME,M,71,7.7,7/11/19,12,35.01,CTmax,15.63283,8.606675,OCME-PEAME,ME,N,13.10594,44.29059,28 to 12
P2P3G4,OCME,M,63,5.7,7/11/19,12,36.47,CTmax,18.06903,8.606675,OCME-PEAME,ME,N,11.41609,44.421147,28 to 12
O1R2P6,RVMA,M,81,12.6,7/11/19,12,35.84,CTmax,23.49572,11.710242,RVMA-EHMA,MA,N,44.46299,41.674169,28 to 12
O3G5G6,DIME,F,68,6.6,7/11/19,12,34.6,CTmax,16.92318,9.07777,PENME-DIME,ME,N,17.6729,44.165011,28 to 12
G2R3P6,DIME,M,65,6.6,7/11/19,12,35.32,CTmax,16.92318,9.07777,PENME-DIME,ME,N,17.6729,44.165011,28 to 12
O1G2G6,PEAME,M,61,5.7,7/11/19,12,35.27,CTmax,15.63283,8.606675,OCME-PEAME,ME,N,13.10594,44.29059,28 to 12
O3G5P6,EHMA,M,71,8.4,7/11/19,12,36.22,CTmax,19.31422,9.07777,RVMA-EHMA,MA,N,33.13356,41.82633,28 to 12
G1R3R4,DIME,M,75,8.3,7/11/19,12,36.07,CTmax,16.92318,9.07777,PENME-DIME,ME,N,17.6729,44.165011,28 to 12
P2O3O4,OCME,F,82,11.6,7/11/19,28,41.7,CTmax,18.06903,8.606675,OCME-PEAME,ME,N,11.41609,44.421147,12 to 28
O2G3O4,EHMA,F,70,8.1,7/11/19,28,41.78,CTmax,19.31422,9.07777,RVMA-EHMA,MA,N,33.13356,41.82633,12 to 28
R1R3R6,EHMA,F,58,5.5,7/11/19,28,41.48,CTmax,19.31422,9.07777,RVMA-EHMA,MA,N,33.13356,41.82633,12 to 28
P2R4G6,DIME,M,69,7,7/11/19,28,41.37,CTmax,16.92318,9.07777,PENME-DIME,ME,N,17.6729,44.165011,12 to 28
G1O3G5,PENME,M,70,7.8,7/11/19,28,41.46,CTmax,21.35523,8.606675,PENME-DIME,ME,N,27.27436,44.4663861,12 to 28
O1P3G5,PENME,M,57,3.8,7/11/19,28,41.85,CTmax,21.35523,8.606675,PENME-DIME,ME,N,27.27436,44.4663861,12 to 28
G2O3G6,DIME,M,68,6.3,7/11/19,28,41.31,CTmax,16.92318,9.07777,PENME-DIME,ME,N,17.6729,44.165011,12 to 28
G1G2P5,RVMA,F,70,9.1,7/11/19,28,41.81,CTmax,23.49572,11.710242,RVMA-EHMA,MA,N,44.46299,41.674169,12 to 28
R2R3R4,OCME,M,60,5,7/11/19,28,41.55,CTmax,18.06903,8.606675,OCME-PEAME,ME,N,11.41609,44.421147,12 to 28
G2O3P6,PENME,M,67,6.4,7/11/19,28,41.19,CTmax,21.35523,8.606675,PENME-DIME,ME,N,27.27436,44.4663861,12 to 28
G1G3R6,RVMA,M,68,7.9,7/11/19,28,42.08,CTmax,23.49572,11.710242,RVMA-EHMA,MA,N,44.46299,41.674169,12 to 28
G1O2P5,PEAME,M,64,5.9,7/11/19,28,41.48,CTmax,15.63283,8.606675,OCME-PEAME,ME,N,13.10594,44.29059,12 to 28
R2R3O6,EHMA,M,62,5.3,7/11/19,28,41.42,CTmax,19.31422,9.07777,RVMA-EHMA,MA,N,33.13356,41.82633,12 to 28
R2G5G6,PEAME,M,72,7.6,7/11/19,28,41.26,CTmax,15.63283,8.606675,OCME-PEAME,ME,N,13.10594,44.29059,12 to 28
G1R2P4,PEAME,F,67,6.8,7/11/19,28,41.78,CTmax,15.63283,8.606675,OCME-PEAME,ME,N,13.10594,44.29059,12 to 28
O1O3R5,RVMA,F,86,11.9,7/11/19,28,41.79,CTmax,23.49572,11.710242,RVMA-EHMA,MA,N,44.46299,41.674169,12 to 28
O1O2G5,RVMA,M,79,11.8,7/11/19,28,41.33,CTmax,23.49572,11.710242,RVMA-EHMA,MA,N,44.46299,41.674169,12 to 28
O1G2O5,EHMA,F,64,10.1,7/11/19,28,41.77,CTmax,19.31422,9.07777,RVMA-EHMA,MA,N,33.13356,41.82633,12 to 28
O1O4R5,PEAME,M,64,5.1,7/11/19,28,41.54,CTmax,15.63283,8.606675,OCME-PEAME,ME,N,13.10594,44.29059,12 to 28
G1R3O4,EHMA,F,71,12.4,7/11/19,28,41.94,CTmax,19.31422,9.07777,RVMA-EHMA,MA,N,33.13356,41.82633,12 to 28
G2G5P6,OCME,M,65,5.8,7/12/19,12,36.11,CTmax,18.06903,8.606675,OCME-PEAME,ME,N,11.41609,44.421147,28 to 12
P1P2G6,PEAME,F,79,11.8,7/12/19,12,34.75,CTmax,15.63283,8.606675,OCME-PEAME,ME,N,13.10594,44.29059,28 to 12
R1P4O6,EHMA,M,69,8.4,7/12/19,12,36,CTmax,19.31422,9.07777,RVMA-EHMA,MA,N,33.13356,41.82633,28 to 12
R1R2R3,RVMA,M,74,9.5,7/12/19,12,36.52,CTmax,23.49572,11.710242,RVMA-EHMA,MA,N,44.46299,41.674169,28 to 12
G1O3R5,PENME,M,63,6,7/12/19,12,36.06,CTmax,21.35523,8.606675,PENME-DIME,ME,N,27.27436,44.4663861,28 to 12
G4G5P6,RVMA,M,81,12.2,7/12/19,12,36.9,CTmax,23.49572,11.710242,RVMA-EHMA,MA,N,44.46299,41.674169,28 to 12
O2P3G5,EHMA,M,73,8.6,7/12/19,12,36,CTmax,19.31422,9.07777,RVMA-EHMA,MA,N,33.13356,41.82633,28 to 12
P1R2R3,RVMA,F,74,9.9,7/12/19,12,37.17,CTmax,23.49572,11.710242,RVMA-EHMA,MA,N,44.46299,41.674169,28 to 12
G1G2R5,EHMA,F,83,15.9,7/12/19,12,36.87,CTmax,19.31422,9.07777,RVMA-EHMA,MA,N,33.13356,41.82633,28 to 12
P2O4G6,EHMA,M,60,5.1,7/12/19,12,35.36,CTmax,19.31422,9.07777,RVMA-EHMA,MA,N,33.13356,41.82633,28 to 12
G1R2R5,OCME,F,75,10.5,7/12/19,12,35.74,CTmax,18.06903,8.606675,OCME-PEAME,ME,N,11.41609,44.421147,28 to 12
G2G5G6,EHMA,F,71,9.4,7/12/19,12,36.3,CTmax,19.31422,9.07777,RVMA-EHMA,MA,N,33.13356,41.82633,28 to 12
R1R4O5,EHMA,F,69,7.6,7/12/19,12,36.75,CTmax,19.31422,9.07777,RVMA-EHMA,MA,N,33.13356,41.82633,28 to 12
G1R3G4,DIME,M,66,6.1,7/12/19,12,36.74,CTmax,16.92318,9.07777,PENME-DIME,ME,N,17.6729,44.165011,28 to 12
R1O3R6,DIME,F,82,11.9,7/12/19,12,35.5,CTmax,16.92318,9.07777,PENME-DIME,ME,N,17.6729,44.165011,28 to 12
P1P4G5,EHMA,M,70,7.3,7/12/19,12,37.01,CTmax,19.31422,9.07777,RVMA-EHMA,MA,N,33.13356,41.82633,28 to 12
O1G4G6,EHMA,F,64,5.8,7/12/19,12,36.38,CTmax,19.31422,9.07777,RVMA-EHMA,MA,N,33.13356,41.82633,28 to 12
O1G3G5,OCME,M,65,7.7,7/12/19,12,35.17,CTmax,18.06903,8.606675,OCME-PEAME,ME,N,11.41609,44.421147,28 to 12