FishID,pop,sex,Date,Temp,length,mass,tenth_perc_MO2_mg_hr,tenth_perc_MO2_mg_hr_kg,phenotype,aug2018_temp,tenyr_mean_temp,pair,state,mt_haplotype,temp_var,latitude,accl_order,accl_temp
G1P4R6,DIME,M,4/10/19,28,67,5.4,2.131897836,0.000394796,WAM,16.92318,9.07777,PENME-DIME,ME,N,17.6729,44.165011,28 to 12,28
G2O3O6,DIME,M,4/10/19,28,65,5.6,3.810659597,0.000680475,WAM,16.92318,9.07777,PENME-DIME,ME,N,17.6729,44.165011,28 to 12,28
O1P4R5,EHMA,F,4/10/19,28,70,9.2,4.835457452,0.000525593,WAM,19.31422,9.07777,RVMA-EHMA,MA,N,33.13356,41.82633,28 to 12,28
G1O4P5,OCME,F,4/10/19,28,77,10.7,8.992999,0.000840467,WAM,18.06903,8.606675,OCME-PEAME,ME,N,11.41609,44.421147,28 to 12,28
R1R3P5,OCME,M,4/10/19,28,58,3.4,3.426528777,0.001007803,WAM,18.06903,8.606675,OCME-PEAME,ME,N,11.41609,44.421147,28 to 12,28
P4G5R6,PEAME,M,4/10/19,28,62,5,4.132116018,0.000826423,WAM,15.63283,8.606675,OCME-PEAME,ME,N,13.10594,44.29059,28 to 12,28
P3G5R6,OCME,F,4/10/19,28,73,9.5,6.843994891,0.000720421,WAM,18.06903,8.606675,OCME-PEAME,ME,N,11.41609,44.421147,28 to 12,28
O1R2O5,PENME,F,4/10/19,28,74,10.5,8.981107789,0.000855344,WAM,21.35523,8.606675,PENME-DIME,ME,N,27.27436,44.4663861,28 to 12,28
G1O4O5,RVMA,M,4/10/19,28,76,9.4,6.581540284,0.000700164,WAM,23.49572,11.710242,RVMA-EHMA,MA,N,44.46299,41.674169,28 to 12,28
O1P2R3,RVMA,M,4/10/19,28,76,12.3,10.23105253,0.000831793,WAM,23.49572,11.710242,RVMA-EHMA,MA,N,44.46299,41.674169,28 to 12,28
G1G3G6,DIME,M,4/10/19,28,74,7.5,5.848118439,0.000779749,WAM,16.92318,9.07777,PENME-DIME,ME,N,17.6729,44.165011,28 to 12,28
P1P2R4,EHMA,F,4/10/19,28,67,8.3,6.545608688,0.000788628,WAM,19.31422,9.07777,RVMA-EHMA,MA,N,33.13356,41.82633,28 to 12,28
R1G4R6,RVMA,F,4/10/19,28,78,11.8,8.68873899,0.000736334,WAM,23.49572,11.710242,RVMA-EHMA,MA,N,44.46299,41.674169,28 to 12,28
O3R5G6,RVMA,F,4/10/19,28,76,11.4,9.763799476,0.000856474,WAM,23.49572,11.710242,RVMA-EHMA,MA,N,44.46299,41.674169,28 to 12,28
O1G2G3,PENME,M,4/10/19,28,69,7,6.840879593,0.000977269,WAM,21.35523,8.606675,PENME-DIME,ME,N,27.27436,44.4663861,28 to 12,28
G1O3G6,PENME,M,4/10/19,28,68,6.7,5.161849223,0.000770425,WAM,21.35523,8.606675,PENME-DIME,ME,N,27.27436,44.4663861,28 to 12,28
G1P2R5,PENME,F,4/11/19,12,78,12,1.700303777,0.000141692,WAM,21.35523,8.606675,PENME-DIME,ME,N,27.27436,44.4663861,12 to 28,12
O1P4P5,PEAME,F,4/11/19,12,62,8,1.882315171,0.000235289,WAM,15.63283,8.606675,OCME-PEAME,ME,N,13.10594,44.29059,12 to 28,12
P1R3G4,DIME,M,4/11/19,12,65,6.2,2.343836408,0.000378038,WAM,16.92318,9.07777,PENME-DIME,ME,N,17.6729,44.165011,12 to 28,12
O1R3R6,RVMA,M,4/11/19,12,62,8,1.816999964,0.000227125,WAM,23.49572,11.710242,RVMA-EHMA,MA,N,44.46299,41.674169,12 to 28,12
O1O2R4,DIME,M,4/11/19,12,69,8.2,2.206924335,0.000269137,WAM,16.92318,9.07777,PENME-DIME,ME,N,17.6729,44.165011,12 to 28,12
R2R4R5,PENME,M,4/11/19,12,70,8.9,3.626448668,0.000407466,WAM,21.35523,8.606675,PENME-DIME,ME,N,27.27436,44.4663861,12 to 28,12
G3O4G5,PENME,F,4/11/19,12,68,9,3.023989738,0.000335999,WAM,21.35523,8.606675,PENME-DIME,ME,N,27.27436,44.4663861,12 to 28,12
O2G3G4,EHMA,F,4/11/19,12,72,10,2.718485817,0.000271849,WAM,19.31422,9.07777,RVMA-EHMA,MA,N,33.13356,41.82633,12 to 28,12
O4G5P6,EHMA,M,4/11/19,12,63,6.1,2.369634162,0.000388465,WAM,19.31422,9.07777,RVMA-EHMA,MA,N,33.13356,41.82633,12 to 28,12
P3R5R6,OCME,M,4/11/19,12,59,5,2.36354031,0.000472708,WAM,18.06903,8.606675,OCME-PEAME,ME,N,11.41609,44.421147,12 to 28,12
O3G4G5,PENME,F,4/23/19,28,72,13.5,6.185153311,0.00045816,WAM,21.35523,8.606675,PENME-DIME,ME,N,27.27436,44.4663861,28 to 12,28
G1O2G5,PENME,F,4/23/19,28,63,6.3,3.576962255,0.000567772,WAM,21.35523,8.606675,PENME-DIME,ME,N,27.27436,44.4663861,28 to 12,28
R3P4G5,PENME,F,4/23/19,28,76,11.8,5.009367657,0.000424523,WAM,21.35523,8.606675,PENME-DIME,ME,N,27.27436,44.4663861,28 to 12,28
P3O5G6,PEAME,F,4/23/19,28,69,7.8,4.164083708,0.000533857,WAM,15.63283,8.606675,OCME-PEAME,ME,N,13.10594,44.29059,28 to 12,28
O2P4G5,RVMA,M,4/23/19,28,72,10.1,4.903482114,0.000485493,WAM,23.49572,11.710242,RVMA-EHMA,MA,N,44.46299,41.674169,28 to 12,28
O2O5R6,EHMA,F,4/23/19,28,62,5.5,2.569642649,0.000467208,WAM,19.31422,9.07777,RVMA-EHMA,MA,N,33.13356,41.82633,28 to 12,28
P2G4G5,PENME,F,4/23/19,28,66,7.4,3.371001334,0.000455541,WAM,21.35523,8.606675,PENME-DIME,ME,N,27.27436,44.4663861,28 to 12,28
G1G2G4,RVMA,F,4/23/19,28,68,9.1,4.372169337,0.000480458,WAM,23.49572,11.710242,RVMA-EHMA,MA,N,44.46299,41.674169,28 to 12,28
O2R5O6,PEAME,M,4/23/19,28,63,4.7,2.375104426,0.000505341,WAM,15.63283,8.606675,OCME-PEAME,ME,N,13.10594,44.29059,28 to 12,28
G3G5G6,PEAME,M,4/23/19,28,68,6.7,4.811156208,0.000718083,WAM,15.63283,8.606675,OCME-PEAME,ME,N,13.10594,44.29059,28 to 12,28
O2O3G4,DIME,M,4/23/19,28,66,5.7,2.874790677,0.000504349,WAM,16.92318,9.07777,PENME-DIME,ME,N,17.6729,44.165011,28 to 12,28
P1O4O5,RVMA,F,4/23/19,28,72,11.3,6.613664754,0.00058528,WAM,23.49572,11.710242,RVMA-EHMA,MA,N,44.46299,41.674169,28 to 12,28
G2G3G4,EHMA,F,4/23/19,28,70,8.9,4.506076559,0.000506301,WAM,19.31422,9.07777,RVMA-EHMA,MA,N,33.13356,41.82633,28 to 12,28
P2O4R6,OCME,M,4/23/19,28,76,8.6,5.256732696,0.000611248,WAM,18.06903,8.606675,OCME-PEAME,ME,N,11.41609,44.421147,28 to 12,28
R1P2G5,RVMA,M,4/23/19,28,74,10.2,5.629763065,0.000551938,WAM,23.49572,11.710242,RVMA-EHMA,MA,N,44.46299,41.674169,28 to 12,28
G2P3R5,RVMA,M,4/23/19,28,63,5.9,3.422130475,0.000580022,WAM,23.49572,11.710242,RVMA-EHMA,MA,N,44.46299,41.674169,28 to 12,28
O2R3O6,EHMA,M,4/23/19,28,74,10,5.318306208,0.000531831,WAM,19.31422,9.07777,RVMA-EHMA,MA,N,33.13356,41.82633,28 to 12,28
O1R2R5,OCME,F,4/23/19,28,65,7.1,2.361958435,0.00033267,WAM,18.06903,8.606675,OCME-PEAME,ME,N,11.41609,44.421147,28 to 12,28
G3P4G5,RVMA,M,4/23/19,28,72,9,3.526813002,0.000391868,WAM,23.49572,11.710242,RVMA-EHMA,MA,N,44.46299,41.674169,28 to 12,28
G2P3G5,EHMA,M,4/23/19,28,69,7.2,3.678790745,0.000510943,WAM,19.31422,9.07777,RVMA-EHMA,MA,N,33.13356,41.82633,28 to 12,28
P1G4R5,RVMA,F,4/24/19,12,72,11.9,2.438810321,0.000204942,WAM,23.49572,11.710242,RVMA-EHMA,MA,N,44.46299,41.674169,12 to 28,12
G1R2P4,PEAME,F,4/24/19,12,68,7.8,2.117065929,0.000271419,WAM,15.63283,8.606675,OCME-PEAME,ME,N,13.10594,44.29059,12 to 28,12
O1R4P6,PEAME,F,4/24/19,12,67,7.6,1.906547639,0.000250862,WAM,15.63283,8.606675,OCME-PEAME,ME,N,13.10594,44.29059,12 to 28,12
O2O4O6,PENME,M,4/24/19,12,76,9.7,1.853766015,0.00019111,WAM,21.35523,8.606675,PENME-DIME,ME,N,27.27436,44.4663861,12 to 28,12
P1G3G5,PEAME,F,4/24/19,12,71,9.2,2.051018411,0.000222937,WAM,15.63283,8.606675,OCME-PEAME,ME,N,13.10594,44.29059,12 to 28,12
O1O3R5,RVMA,F,4/24/19,12,77,13.3,3.580701521,0.000269226,WAM,23.49572,11.710242,RVMA-EHMA,MA,N,44.46299,41.674169,12 to 28,12
R1R2O5,OCME,M,4/24/19,12,56,3.9,1.442994732,0.000369999,WAM,18.06903,8.606675,OCME-PEAME,ME,N,11.41609,44.421147,12 to 28,12
P1O5R6,PENME,F,4/24/19,12,70,7.7,2.71157804,0.000352153,WAM,21.35523,8.606675,PENME-DIME,ME,N,27.27436,44.4663861,12 to 28,12
P2R4G6,DIME,M,4/24/19,12,65,5.3,1.594785873,0.000300903,WAM,16.92318,9.07777,PENME-DIME,ME,N,17.6729,44.165011,12 to 28,12
R2O4G6,RVMA,M,4/24/19,12,65,6.3,2.184930171,0.000346814,WAM,23.49572,11.710242,RVMA-EHMA,MA,N,44.46299,41.674169,12 to 28,12
G1R3O4,EHMA,F,4/24/19,12,74,10.5,4.031063093,0.000383911,WAM,19.31422,9.07777,RVMA-EHMA,MA,N,33.13356,41.82633,12 to 28,12
P1P4P6,OCME,M,4/24/19,12,67,6.3,2.467931654,0.000391735,WAM,18.06903,8.606675,OCME-PEAME,ME,N,11.41609,44.421147,12 to 28,12
G1R4R6,PENME,F,4/24/19,12,66,7.5,1.932956082,0.000257727,WAM,21.35523,8.606675,PENME-DIME,ME,N,27.27436,44.4663861,12 to 28,12
G1R4G5,RVMA,F,4/24/19,12,72,9.9,3.185079006,0.000321725,WAM,23.49572,11.710242,RVMA-EHMA,MA,N,44.46299,41.674169,12 to 28,12
O1O4R5,PEAME,M,4/24/19,12,57,4.6,1.943276548,0.000422451,WAM,15.63283,8.606675,OCME-PEAME,ME,N,13.10594,44.29059,12 to 28,12
P2R3G6,DIME,M,4/25/19,28,73,9,4.666587128,0.00051851,WAM,16.92318,9.07777,PENME-DIME,ME,N,17.6729,44.165011,28 to 12,28
R2G5O6,PENME,F,4/25/19,28,74,11.4,6.414339688,0.000562661,WAM,21.35523,8.606675,PENME-DIME,ME,N,27.27436,44.4663861,28 to 12,28
O1R5P6,PEAME,F,4/25/19,28,69,8.3,5.527154724,0.000665922,WAM,15.63283,8.606675,OCME-PEAME,ME,N,13.10594,44.29059,28 to 12,28
P4G5G6,EHMA,M,4/25/19,28,80,13.4,7.4744554,0.000557795,WAM,19.31422,9.07777,RVMA-EHMA,MA,N,33.13356,41.82633,28 to 12,28
G1O3R4,DIME,F,4/25/19,28,80,13.2,6.448929243,0.000488555,WAM,16.92318,9.07777,PENME-DIME,ME,N,17.6729,44.165011,28 to 12,28
G2G4O6,PENME,F,4/25/19,28,79,12,4.959647779,0.000413304,WAM,21.35523,8.606675,PENME-DIME,ME,N,27.27436,44.4663861,28 to 12,28
G1O2P6,PEAME,F,4/25/19,28,67,7.9,4.020391915,0.00050891,WAM,15.63283,8.606675,OCME-PEAME,ME,N,13.10594,44.29059,28 to 12,28
P1G3O5,DIME,M,4/25/19,28,62,5.4,4.15251567,0.000768984,WAM,16.92318,9.07777,PENME-DIME,ME,N,17.6729,44.165011,28 to 12,28
O2R3G6,DIME,F,4/25/19,28,75,11.2,6.311772045,0.000563551,WAM,16.92318,9.07777,PENME-DIME,ME,N,17.6729,44.165011,28 to 12,28
G1G2R4,OCME,M,4/25/19,28,66,6.1,5.326249223,0.000873156,WAM,18.06903,8.606675,OCME-PEAME,ME,N,11.41609,44.421147,28 to 12,28
P1O4G5,PEAME,F,4/25/19,28,70,10.6,5.85158998,0.000552037,WAM,15.63283,8.606675,OCME-PEAME,ME,N,13.10594,44.29059,28 to 12,28
P1R2G3,OCME,F,4/25/19,28,69,8,6.363845484,0.000795481,WAM,18.06903,8.606675,OCME-PEAME,ME,N,11.41609,44.421147,28 to 12,28
P3G4G5,DIME,F,4/25/19,28,78,8.9,4.870710262,0.000547271,WAM,16.92318,9.07777,PENME-DIME,ME,N,17.6729,44.165011,28 to 12,28
G1P2O3,PEAME,M,4/25/19,28,67,6.6,4.963909096,0.000752107,WAM,15.63283,8.606675,OCME-PEAME,ME,N,13.10594,44.29059,28 to 12,28
R2O5G6,DIME,F,4/25/19,28,92,16.1,7.431420523,0.000461579,WAM,16.92318,9.07777,PENME-DIME,ME,N,17.6729,44.165011,28 to 12,28
P1O3G4,PENME,F,4/25/19,28,71,9.1,7.474865093,0.000821414,WAM,21.35523,8.606675,PENME-DIME,ME,N,27.27436,44.4663861,28 to 12,28
R3G5P6,EHMA,F,4/25/19,28,85,15.6,7.261143503,0.000465458,WAM,19.31422,9.07777,RVMA-EHMA,MA,N,33.13356,41.82633,28 to 12,28
G2G3R6,OCME,F,4/25/19,28,56,4.1,3.725823523,0.000908737,WAM,18.06903,8.606675,OCME-PEAME,ME,N,11.41609,44.421147,28 to 12,28
O2O3P5,OCME,M,4/25/19,28,60,4.9,4.929011841,0.001005921,WAM,18.06903,8.606675,OCME-PEAME,ME,N,11.41609,44.421147,28 to 12,28
G2P3P4,PEAME,F,4/25/19,28,71,8.1,4.341456906,0.000535982,WAM,15.63283,8.606675,OCME-PEAME,ME,N,13.10594,44.29059,28 to 12,28
R3G4R6,PENME,M,4/26/19,12,71,7.8,1.739256952,0.000222982,WAM,21.35523,8.606675,PENME-DIME,ME,N,27.27436,44.4663861,12 to 28,12
G1O5R6,RVMA,F,4/26/19,12,65,7.2,2.194190462,0.000304749,WAM,23.49572,11.710242,RVMA-EHMA,MA,N,44.46299,41.674169,12 to 28,12
O1G3R4,OCME,F,4/26/19,12,65,7.2,2.127196963,0.000295444,WAM,18.06903,8.606675,OCME-PEAME,ME,N,11.41609,44.421147,12 to 28,12
G4G5O6,PENME,F,4/26/19,12,85,19.3,3.178068269,0.000164667,WAM,21.35523,8.606675,PENME-DIME,ME,N,27.27436,44.4663861,12 to 28,12
G2R4R5,DIME,F,4/26/19,12,55,2.9,1.40423643,0.000484219,WAM,16.92318,9.07777,PENME-DIME,ME,N,17.6729,44.165011,12 to 28,12
P1G2O4,OCME,M,4/26/19,12,66,6.1,2.758525923,0.000452217,WAM,18.06903,8.606675,OCME-PEAME,ME,N,11.41609,44.421147,12 to 28,12
R1P3R6,PEAME,M,4/26/19,12,60,4.6,1.684663157,0.000366231,WAM,15.63283,8.606675,OCME-PEAME,ME,N,13.10594,44.29059,12 to 28,12
R4O5R6,PENME,M,4/26/19,12,59,4,1.389700155,0.000347425,WAM,21.35523,8.606675,PENME-DIME,ME,N,27.27436,44.4663861,12 to 28,12
R2R3G6,OCME,M,4/26/19,12,58,4.6,1.58005332,0.00034349,WAM,18.06903,8.606675,OCME-PEAME,ME,N,11.41609,44.421147,12 to 28,12
R2R4P6,OCME,M,4/26/19,12,55,3.3,2.261820862,0.0006854,WAM,18.06903,8.606675,OCME-PEAME,ME,N,11.41609,44.421147,12 to 28,12
O2G4P5,RVMA,M,4/26/19,12,76,11.6,2.108563851,0.000181773,WAM,23.49572,11.710242,RVMA-EHMA,MA,N,44.46299,41.674169,12 to 28,12
R1O2G5,PEAME,F,4/26/19,12,70,8.5,1.952795598,0.000229741,WAM,15.63283,8.606675,OCME-PEAME,ME,N,13.10594,44.29059,12 to 28,12
G1P3P4,DIME,F,4/26/19,12,58,4.6,1.75734239,0.000382031,WAM,16.92318,9.07777,PENME-DIME,ME,N,17.6729,44.165011,12 to 28,12
R1O5P6,EHMA,F,4/26/19,12,67,8,2.286251461,0.000285781,WAM,19.31422,9.07777,RVMA-EHMA,MA,N,33.13356,41.82633,12 to 28,12
R1O2R4,RVMA,F,4/26/19,12,79,13.1,2.609353571,0.000199187,WAM,23.49572,11.710242,RVMA-EHMA,MA,N,44.46299,41.674169,12 to 28,12
O2R4P6,PEAME,F,4/26/19,12,64,7,1.75098294,0.00025014,WAM,15.63283,8.606675,OCME-PEAME,ME,N,13.10594,44.29059,12 to 28,12
R2G4R6,RVMA,M,4/26/19,12,62,5.1,1.703554866,0.00033403,WAM,23.49572,11.710242,RVMA-EHMA,MA,N,44.46299,41.674169,12 to 28,12
P2O4O5,RVMA,M,4/26/19,12,61,5.1,1.52288657,0.000298605,WAM,23.49572,11.710242,RVMA-EHMA,MA,N,44.46299,41.674169,12 to 28,12
G2O3P6,PENME,M,4/27/19,12,66,5.6,1.344955321,0.000240171,WAM,21.35523,8.606675,PENME-DIME,ME,N,27.27436,44.4663861,12 to 28,12
P2R3P6,RVMA,F,4/27/19,12,67,7.1,2.767483818,0.000389786,WAM,23.49572,11.710242,RVMA-EHMA,MA,N,44.46299,41.674169,12 to 28,12
P2G4G6,DIME,M,4/27/19,12,72,7.7,2.031410876,0.00026382,WAM,16.92318,9.07777,PENME-DIME,ME,N,17.6729,44.165011,12 to 28,12
O1P2R6,DIME,M,4/27/19,12,67,6.4,2.361418825,0.000368972,WAM,16.92318,9.07777,PENME-DIME,ME,N,17.6729,44.165011,12 to 28,12
O1O2G5,RVMA,M,4/27/19,12,77,9.3,2.323917165,0.000249884,WAM,23.49572,11.710242,RVMA-EHMA,MA,N,44.46299,41.674169,12 to 28,12
P1O2P6,OCME,F,4/27/19,12,59,5.5,2.245190281,0.000408216,WAM,18.06903,8.606675,OCME-PEAME,ME,N,11.41609,44.421147,12 to 28,12
R4O5G6,OCME,F,4/27/19,12,75,10,2.964302834,0.00029643,WAM,18.06903,8.606675,OCME-PEAME,ME,N,11.41609,44.421147,12 to 28,12
G2R3R6,RVMA,M,4/27/19,12,74,9.7,2.397954135,0.000247212,WAM,23.49572,11.710242,RVMA-EHMA,MA,N,44.46299,41.674169,12 to 28,12
G3O5P6,EHMA,F,4/27/19,12,76,11.6,3.819017121,0.000329226,WAM,19.31422,9.07777,RVMA-EHMA,MA,N,33.13356,41.82633,12 to 28,12
P1G3P4,PENME,F,4/27/19,12,71,9.1,3.238299752,0.000355857,WAM,21.35523,8.606675,PENME-DIME,ME,N,27.27436,44.4663861,12 to 28,12
G1O3G5,PENME,M,4/27/19,12,70,6.8,2.114109348,0.000310898,WAM,21.35523,8.606675,PENME-DIME,ME,N,27.27436,44.4663861,12 to 28,12
R2G3G5,PENME,F,4/27/19,12,81,12.4,3.056843046,0.00024652,WAM,21.35523,8.606675,PENME-DIME,ME,N,27.27436,44.4663861,12 to 28,12
P1O3P4,EHMA,M,4/27/19,12,75,13.1,3.992385363,0.000304762,WAM,19.31422,9.07777,RVMA-EHMA,MA,N,33.13356,41.82633,12 to 28,12
P3G4O6,PEAME,F,4/27/19,12,71,8.8,2.650228054,0.000301162,WAM,15.63283,8.606675,OCME-PEAME,ME,N,13.10594,44.29059,12 to 28,12
R2G5G6,PEAME,M,4/27/19,12,71,7.8,1.949144291,0.00024989,WAM,15.63283,8.606675,OCME-PEAME,ME,N,13.10594,44.29059,12 to 28,12
G1O2P5,PEAME,M,4/27/19,12,62,5,2.104769817,0.000420954,WAM,15.63283,8.606675,OCME-PEAME,ME,N,13.10594,44.29059,12 to 28,12
P2O3O4,OCME,F,4/27/19,12,85,13.8,3.404909831,0.000246733,WAM,18.06903,8.606675,OCME-PEAME,ME,N,11.41609,44.421147,12 to 28,12
G2O3G6,DIME,M,4/27/19,12,70,6.5,1.762291859,0.000271122,WAM,16.92318,9.07777,PENME-DIME,ME,N,17.6729,44.165011,12 to 28,12
R3P4R6,DIME,M,4/27/19,12,71,6.9,2.1297509,0.00030866,WAM,16.92318,9.07777,PENME-DIME,ME,N,17.6729,44.165011,12 to 28,12
G3G4O5,OCME,M,4/28/19,28,63,6.2,3.881845506,0.000626104,WAM,18.06903,8.606675,OCME-PEAME,ME,N,11.41609,44.421147,28 to 12,28
O1G5R6,EHMA,M,4/28/19,28,67,8.2,6.40695122,0.000781336,WAM,19.31422,9.07777,RVMA-EHMA,MA,N,33.13356,41.82633,28 to 12,28
R1G3P6,DIME,M,4/28/19,28,72,7.1,3.493087132,0.000491984,WAM,16.92318,9.07777,PENME-DIME,ME,N,17.6729,44.165011,28 to 12,28
G1G2P3,PEAME,M,4/28/19,28,65,5.9,2.881582192,0.000488404,WAM,15.63283,8.606675,OCME-PEAME,ME,N,13.10594,44.29059,28 to 12,28
P1P2G5,EHMA,M,4/28/19,28,66,7.2,4.328280457,0.00060115,WAM,19.31422,9.07777,RVMA-EHMA,MA,N,33.13356,41.82633,28 to 12,28
O1O5G6,DIME,F,4/28/19,28,61,5,5.44200311,0.001088401,WAM,16.92318,9.07777,PENME-DIME,ME,N,17.6729,44.165011,28 to 12,28
G2R3G6,RVMA,F,4/28/19,28,65,6.7,3.832629558,0.000572034,WAM,23.49572,11.710242,RVMA-EHMA,MA,N,44.46299,41.674169,28 to 12,28
R3G4G5,PEAME,M,4/28/19,28,68,5.3,5.078952747,0.000958293,WAM,15.63283,8.606675,OCME-PEAME,ME,N,13.10594,44.29059,28 to 12,28
P1R3P4,EHMA,F,4/28/19,28,57,5.5,8.72019912,0.001585491,WAM,19.31422,9.07777,RVMA-EHMA,MA,N,33.13356,41.82633,28 to 12,28
G1R3R4,DIME,M,4/28/19,28,67,6.7,4.577879305,0.000683266,WAM,16.92318,9.07777,PENME-DIME,ME,N,17.6729,44.165011,28 to 12,28
R1P4O6,EHMA,M,4/28/19,28,62,7.1,4.453445124,0.000627246,WAM,19.31422,9.07777,RVMA-EHMA,MA,N,33.13356,41.82633,28 to 12,28
R2P3P5,RVMA,M,4/28/19,28,85,18.9,8.791477356,0.000465158,WAM,23.49572,11.710242,RVMA-EHMA,MA,N,44.46299,41.674169,28 to 12,28
R4R5G6,RVMA,F,4/28/19,28,76,14.9,6.642726162,0.000445821,WAM,23.49572,11.710242,RVMA-EHMA,MA,N,44.46299,41.674169,28 to 12,28
O3R4G5,PEAME,M,4/28/19,28,64,6.1,3.850390635,0.000631212,WAM,15.63283,8.606675,OCME-PEAME,ME,N,13.10594,44.29059,28 to 12,28
G2O4P5,RVMA,M,4/28/19,28,66,6.7,4.886483017,0.000729326,WAM,23.49572,11.710242,RVMA-EHMA,MA,N,44.46299,41.674169,28 to 12,28
G1R2O3,RVMA,F,4/28/19,28,61,5.7,3.879235147,0.000680568,WAM,23.49572,11.710242,RVMA-EHMA,MA,N,44.46299,41.674169,28 to 12,28
G1G4P5,RVMA,F,4/28/19,28,64,6.6,4.303672427,0.000652072,WAM,23.49572,11.710242,RVMA-EHMA,MA,N,44.46299,41.674169,28 to 12,28
R2P3G5,RVMA,M,4/28/19,28,69,8.3,4.838928677,0.000583003,WAM,23.49572,11.710242,RVMA-EHMA,MA,N,44.46299,41.674169,28 to 12,28
P1P3G6,RVMA,M,4/28/19,28,70,10.2,7.594308744,0.00074454,WAM,23.49572,11.710242,RVMA-EHMA,MA,N,44.46299,41.674169,28 to 12,28
P2R5O6,PEAME,F,4/28/19,28,70,9.4,7.270398705,0.000773447,WAM,15.63283,8.606675,OCME-PEAME,ME,N,13.10594,44.29059,28 to 12,28
G3P5P6,PENME,F,4/30/19,28,84,14.3,4.956463948,0.000346606,WAM,21.35523,8.606675,PENME-DIME,ME,N,27.27436,44.4663861,28 to 12,28
O3O5R6,DIME,M,4/30/19,28,71,5.5,3.385826708,0.000615605,WAM,16.92318,9.07777,PENME-DIME,ME,N,17.6729,44.165011,28 to 12,28
G3R4O5,DIME,M,4/30/19,28,80,9,4.66133938,0.000517927,WAM,16.92318,9.07777,PENME-DIME,ME,N,17.6729,44.165011,28 to 12,28
R3R5O6,PENME,F,4/30/19,28,76,9,4.615428971,0.000512825,WAM,21.35523,8.606675,PENME-DIME,ME,N,27.27436,44.4663861,28 to 12,28
G2G5P6,OCME,M,4/30/19,28,62,5.4,3.471564416,0.000642882,WAM,18.06903,8.606675,OCME-PEAME,ME,N,11.41609,44.421147,28 to 12,28
R1P2R6,PEAME,M,4/30/19,28,63,5.2,2.893426984,0.000556428,WAM,15.63283,8.606675,OCME-PEAME,ME,N,13.10594,44.29059,28 to 12,28
R1O2P3,RVMA,F,4/30/19,28,62,6.8,8.165829796,0.001200857,WAM,23.49572,11.710242,RVMA-EHMA,MA,N,44.46299,41.674169,28 to 12,28
R2O3P4,OCME,F,4/30/19,28,66,6,3.511390799,0.000585232,WAM,18.06903,8.606675,OCME-PEAME,ME,N,11.41609,44.421147,28 to 12,28
G1R3G4,DIME,M,4/30/19,28,62,4.6,4.662809769,0.001013654,WAM,16.92318,9.07777,PENME-DIME,ME,N,17.6729,44.165011,28 to 12,28
P3G5O6,PENME,F,4/30/19,28,75,9.2,4.544023702,0.000493916,WAM,21.35523,8.606675,PENME-DIME,ME,N,27.27436,44.4663861,28 to 12,28
O2R4R6,RVMA,M,4/30/19,28,82,12,5.645002792,0.000470417,WAM,23.49572,11.710242,RVMA-EHMA,MA,N,44.46299,41.674169,28 to 12,28
O1R2P6,RVMA,M,4/30/19,28,82,13.4,7.681281871,0.00057323,WAM,23.49572,11.710242,RVMA-EHMA,MA,N,44.46299,41.674169,28 to 12,28
G2R5G6,PENME,F,4/30/19,28,68,7.4,3.134839869,0.000423627,WAM,21.35523,8.606675,PENME-DIME,ME,N,27.27436,44.4663861,28 to 12,28
P1R2R3,RVMA,F,4/30/19,28,70,9.1,6.462572227,0.000710173,WAM,23.49572,11.710242,RVMA-EHMA,MA,N,44.46299,41.674169,28 to 12,28
O4O5O6,RVMA,F,4/30/19,28,71,7.9,4.500127254,0.000569636,WAM,23.49572,11.710242,RVMA-EHMA,MA,N,44.46299,41.674169,28 to 12,28
O3P4G6,PEAME,M,4/30/19,28,69,5.8,2.6170038,0.000451208,WAM,15.63283,8.606675,OCME-PEAME,ME,N,13.10594,44.29059,28 to 12,28
G2G5G6,EHMA,F,4/30/19,28,68,8.9,4.089670306,0.000459514,WAM,19.31422,9.07777,RVMA-EHMA,MA,N,33.13356,41.82633,28 to 12,28
R1P3O6,EHMA,M,4/30/19,28,80,12.5,7.158928958,0.000572714,WAM,19.31422,9.07777,RVMA-EHMA,MA,N,33.13356,41.82633,28 to 12,28
O1P4O6,OCME,M,5/1/19,12,64,5.5,1.582337043,287.6976442,WAM,18.06903,8.606675,OCME-PEAME,ME,N,11.41609,44.421147,12 to 28,12
G3R4O6,PENME,M,5/1/19,12,67,7,1.644376744,234.9109635,WAM,21.35523,8.606675,PENME-DIME,ME,N,27.27436,44.4663861,12 to 28,12
O2G3O5,RVMA,M,5/1/19,12,73,9.3,1.438238046,154.6492523,WAM,23.49572,11.710242,RVMA-EHMA,MA,N,44.46299,41.674169,12 to 28,12
P2R4O5,EHMA,M,5/1/19,12,56,4.3,1.479258897,344.0136969,WAM,19.31422,9.07777,RVMA-EHMA,MA,N,33.13356,41.82633,12 to 28,12
R1R2G4,OCME,F,5/1/19,12,60,5.4,1.682634972,311.5990688,WAM,18.06903,8.606675,OCME-PEAME,ME,N,11.41609,44.421147,12 to 28,12
O2G4G6,EHMA,M,5/1/19,12,57,4.3,1.298523422,301.9821911,WAM,19.31422,9.07777,RVMA-EHMA,MA,N,33.13356,41.82633,12 to 28,12
R2R3O6,EHMA,M,5/1/19,12,56,3.7,1.297400784,350.6488605,WAM,19.31422,9.07777,RVMA-EHMA,MA,N,33.13356,41.82633,12 to 28,12
O1G2O5,EHMA,F,5/1/19,12,61,5.5,1.789475411,325.3591656,WAM,19.31422,9.07777,RVMA-EHMA,MA,N,33.13356,41.82633,12 to 28,12
R2R3R4,OCME,M,5/1/19,12,56,3.9,1.547932429,396.9057511,WAM,18.06903,8.606675,OCME-PEAME,ME,N,11.41609,44.421147,12 to 28,12
G2R4O6,OCME,M,5/1/19,12,61,5.2,1.321656577,254.1647264,WAM,18.06903,8.606675,OCME-PEAME,ME,N,11.41609,44.421147,12 to 28,12
P2R4P5,PEAME,M,5/1/19,12,67,6.5,1.62932768,250.6657969,WAM,15.63283,8.606675,OCME-PEAME,ME,N,13.10594,44.29059,12 to 28,12
P2G3O4,EHMA,F,5/1/19,12,67,9.3,1.519019314,163.3354101,WAM,19.31422,9.07777,RVMA-EHMA,MA,N,33.13356,41.82633,12 to 28,12
R4R5P6,PEAME,F,5/1/19,12,69,8.9,1.549422356,174.0923996,WAM,15.63283,8.606675,OCME-PEAME,ME,N,13.10594,44.29059,12 to 28,12
O2G3O4,EHMA,F,5/1/19,12,62,5.9,1.434836274,243.1925889,WAM,19.31422,9.07777,RVMA-EHMA,MA,N,33.13356,41.82633,12 to 28,12
G1O4G5,DIME,M,5/1/19,12,65,5.7,1.705472228,299.2056541,WAM,16.92318,9.07777,PENME-DIME,ME,N,17.6729,44.165011,12 to 28,12
P2R3O5,RVMA,M,5/1/19,12,65,6.3,1.348153697,213.9926504,WAM,23.49572,11.710242,RVMA-EHMA,MA,N,44.46299,41.674169,12 to 28,12
G2O3G5,PEAME,M,5/1/19,12,66,6.5,1.67805948,258.162997,WAM,15.63283,8.606675,OCME-PEAME,ME,N,13.10594,44.29059,12 to 28,12
G1G3R6,RVMA,M,5/1/19,12,63,6.1,1.59026696,260.6995017,WAM,23.49572,11.710242,RVMA-EHMA,MA,N,44.46299,41.674169,12 to 28,12
O1P3P4,OCME,F,5/1/19,12,71,8.5,1.397718314,164.4374487,WAM,18.06903,8.606675,OCME-PEAME,ME,N,11.41609,44.421147,12 to 28,12
G1R2P5,NOC,M,3/21/19,12,72,6.2,2.276732806,367.2149687,WAM,27.10122,14.228548,NJ,NJ,S,49.24793,39.87,12 to 28,12
G1R4P6,OCE,M,3/21/19,12,78,8.8,2.140488756,243.2373586,WAM,30.57388,14.211971,NJ,NJ,S,NA,39.81,12 to 28,12
G2G3R5,NOC,F,3/21/19,12,80,10,1.950754036,195.0754036,WAM,27.10122,14.228548,NJ,NJ,S,49.24793,39.87,12 to 28,12
G2O4G6,NOC,M,3/21/19,12,72,5.8,1.603597987,276.4824115,WAM,27.10122,14.228548,NJ,NJ,S,49.24793,39.87,12 to 28,12
G2P4G5,SOC,F,3/21/19,12,90,12.8,1.622288046,126.7412536,WAM,27.17952,14.211971,NJ,NJ,S,53.93098,39.78,12 to 28,12
G4G5R6,NOC,M,3/21/19,12,75,7.5,1.566653147,208.8870862,WAM,27.10122,14.228548,NJ,NJ,S,49.24793,39.87,12 to 28,12
O1G3O6,NOC,F,3/21/19,12,77,8.4,1.400107498,166.679464,WAM,27.10122,14.228548,NJ,NJ,S,49.24793,39.87,12 to 28,12
O1O2R5,NOC,F,3/21/19,12,81,9,1.993549344,221.5054827,WAM,27.10122,14.228548,NJ,NJ,S,49.24793,39.87,12 to 28,12
O2O4R5,NOC,F,3/21/19,12,85,10.6,2.03207848,191.7055169,WAM,27.10122,14.228548,NJ,NJ,S,49.24793,39.87,12 to 28,12
P1G2R3,SOC,M,3/21/19,12,75,7.3,2.467920725,338.0713323,WAM,27.17952,14.211971,NJ,NJ,S,53.93098,39.78,12 to 28,12
P1G4G5,NOC,F,3/21/19,12,91,13.8,2.740096715,198.557733,WAM,27.10122,14.228548,NJ,NJ,S,49.24793,39.87,12 to 28,12
P2O4G5,SOC,F,3/21/19,12,75,7.5,2.922063512,389.6084682,WAM,27.17952,14.211971,NJ,NJ,S,53.93098,39.78,12 to 28,12
R1G2P4,NOC,F,3/21/19,12,80,9.2,2.059430695,223.8511624,WAM,27.10122,14.228548,NJ,NJ,S,49.24793,39.87,12 to 28,12
R1G3R5,SOC,M,3/21/19,12,78,8.3,1.468820133,176.9662811,WAM,27.17952,14.211971,NJ,NJ,S,53.93098,39.78,12 to 28,12
R1O2P6,SOC,F,3/21/19,12,94,16.4,3.395664493,207.052713,WAM,27.17952,14.211971,NJ,NJ,S,53.93098,39.78,12 to 28,12
R3G5O6,OCE,M,3/21/19,12,73,6.4,3.218408133,502.8762707,WAM,30.57388,14.211971,NJ,NJ,S,NA,39.81,12 to 28,12
R3R5R6,SOC,M,3/21/19,12,83,9.5,1.508669839,158.8073515,WAM,27.17952,14.211971,NJ,NJ,S,53.93098,39.78,12 to 28,12
G1O2G6,OCE,F,4/2/19,12,74,9.1,2.054763362,225.7981716,WAM,30.57388,14.211971,NJ,NJ,S,NA,39.81,12 to 28,12
O1R2G5,OCE,M,4/2/19,12,75,7.1,2.134547271,300.6404607,WAM,30.57388,14.211971,NJ,NJ,S,NA,39.81,12 to 28,12
O2G5R6,OCE,M,4/2/19,12,70,6.5,1.991800899,306.4309075,WAM,30.57388,14.211971,NJ,NJ,S,NA,39.81,12 to 28,12
O2R5R6,OCE,M,4/2/19,12,75,7.2,2.803372956,389.357355,WAM,30.57388,14.211971,NJ,NJ,S,NA,39.81,12 to 28,12
O3G5R6,SOC,F,4/2/19,12,81,10,3.574111298,357.4111298,WAM,27.17952,14.211971,NJ,NJ,S,53.93098,39.78,12 to 28,12
O3O4G5,SOC,M,4/2/19,12,89,11.9,2.81040283,236.168305,WAM,27.17952,14.211971,NJ,NJ,S,53.93098,39.78,12 to 28,12
O4O5R6,OCE,F,4/2/19,12,95,15.9,3.458119806,217.4918117,WAM,30.57388,14.211971,NJ,NJ,S,NA,39.81,12 to 28,12
P1G5O6,SOC,F,4/2/19,12,85,13.7,3.119926852,227.731887,WAM,27.17952,14.211971,NJ,NJ,S,53.93098,39.78,12 to 28,12
P1R3R5,OCE,F,4/2/19,12,90,13.2,0.959753145,72.7085716,WAM,30.57388,14.211971,NJ,NJ,S,NA,39.81,12 to 28,12
P2R4G5,OCE,F,4/2/19,12,82,10.6,3.123603701,294.6795944,WAM,30.57388,14.211971,NJ,NJ,S,NA,39.81,12 to 28,12
R1R2R6,OCE,F,4/2/19,12,75,7.6,1.866182283,245.5503004,WAM,30.57388,14.211971,NJ,NJ,S,NA,39.81,12 to 28,12
R1R3G6,OCE,M,4/2/19,12,75,7.3,1.732613606,237.3443295,WAM,30.57388,14.211971,NJ,NJ,S,NA,39.81,12 to 28,12
R1R5P6,SOC,M,4/2/19,12,87,11.4,2.741538199,240.485807,WAM,27.17952,14.211971,NJ,NJ,S,53.93098,39.78,12 to 28,12
R2O3O5,SOC,M,4/2/19,12,74,7.6,1.740044479,228.9532209,WAM,27.17952,14.211971,NJ,NJ,S,53.93098,39.78,12 to 28,12
R2P4O5,OCE,M,4/2/19,12,76,8.6,2.228479346,259.1255054,WAM,30.57388,14.211971,NJ,NJ,S,NA,39.81,12 to 28,12
G1P3R4,NOC,F,3/20/19,28,71,11.2,5.800975304,517.9442236,WAM,27.10122,14.228548,NJ,NJ,S,49.24793,39.87,28 to 12,28
P1R4P5,SOC,F,3/20/19,28,77,11,3.228926371,293.538761,WAM,27.17952,14.211971,NJ,NJ,S,53.93098,39.78,28 to 12,28
P3O5O6,OCE,M,3/20/19,28,66,8.2,4.598866196,560.8373409,WAM,30.57388,14.211971,NJ,NJ,S,NA,39.81,28 to 12,28
R2R5G6,SOC,M,3/20/19,28,75,14.6,6.482068232,443.9772761,WAM,27.17952,14.211971,NJ,NJ,S,53.93098,39.78,28 to 12,28
R3O5G6,OCE,M,3/20/19,28,64,7.6,1.852918796,243.8051048,WAM,30.57388,14.211971,NJ,NJ,S,NA,39.81,28 to 12,28
G1R3G6,NOC,F,3/22/19,28,72,10.8,7.497431743,694.2066429,WAM,27.10122,14.228548,NJ,NJ,S,49.24793,39.87,28 to 12,28
G1R3P5,NOC,M,3/22/19,28,78,12.5,8.506748314,680.5398651,WAM,27.10122,14.228548,NJ,NJ,S,49.24793,39.87,28 to 12,28
G2G5O6,OCE,M,3/22/19,28,70,8.7,2.897507813,333.0468751,WAM,30.57388,14.211971,NJ,NJ,S,NA,39.81,28 to 12,28
G2P4P5,NOC,M,3/22/19,28,74,10,5.874311638,587.4311638,WAM,27.10122,14.228548,NJ,NJ,S,49.24793,39.87,28 to 12,28
G2P4R6,OCE,F,3/22/19,28,70,8.4,3.554925363,423.2054004,WAM,30.57388,14.211971,NJ,NJ,S,NA,39.81,28 to 12,28
G3R4P5,NOC,M,3/22/19,28,81,12.8,3.805377156,297.2950903,WAM,27.10122,14.228548,NJ,NJ,S,49.24793,39.87,28 to 12,28
O1G2R5,OCE,F,3/22/19,28,73,12.4,4.754867033,383.4570188,WAM,30.57388,14.211971,NJ,NJ,S,NA,39.81,28 to 12,28
O2O4G6,OCE,M,3/22/19,28,71,10.8,6.42605535,595.005125,WAM,30.57388,14.211971,NJ,NJ,S,NA,39.81,28 to 12,28
O2P3O6,OCE,M,3/22/19,28,75,11.5,3.037551212,264.134888,WAM,30.57388,14.211971,NJ,NJ,S,NA,39.81,28 to 12,28
P1G3G6,OCE,F,3/22/19,28,80,14,5.168176504,369.1554646,WAM,30.57388,14.211971,NJ,NJ,S,NA,39.81,28 to 12,28
P1R3G6,OCE,F,3/22/19,28,81,16.1,4.268722615,265.1380506,WAM,30.57388,14.211971,NJ,NJ,S,NA,39.81,28 to 12,28
P2P4R6,NOC,M,3/22/19,28,62,7.4,4.925468916,665.6039076,WAM,27.10122,14.228548,NJ,NJ,S,49.24793,39.87,28 to 12,28
R1P4R5,SOC,M,3/22/19,28,80,14.1,4.855151561,344.3369901,WAM,27.17952,14.211971,NJ,NJ,S,53.93098,39.78,28 to 12,28
R2G4G5,OCE,M,3/22/19,28,64,6.6,2.315182126,350.7851706,WAM,30.57388,14.211971,NJ,NJ,S,NA,39.81,28 to 12,28
R3G4O6,SOC,M,3/22/19,28,70,10.2,3.625253398,355.4169998,WAM,27.17952,14.211971,NJ,NJ,S,53.93098,39.78,28 to 12,28
R4R5O6,OCE,M,3/22/19,28,74,11.4,4.613326085,404.6777267,WAM,30.57388,14.211971,NJ,NJ,S,NA,39.81,28 to 12,28
G1O2O6,NOC,F,3/27/19,28,73,10.5,1.420538677,135.2893978,WAM,27.10122,14.228548,NJ,NJ,S,49.24793,39.87,28 to 12,28
G2G3O4,OCE,F,3/27/19,28,86,15.6,4.428386254,283.8709137,WAM,30.57388,14.211971,NJ,NJ,S,NA,39.81,28 to 12,28
G2O3P5,NOC,M,3/27/19,28,71,10.9,3.282547068,301.1511071,WAM,27.10122,14.228548,NJ,NJ,S,49.24793,39.87,28 to 12,28
G2R4P6,OCE,M,3/27/19,28,83,16.3,4.447238276,272.8367041,WAM,30.57388,14.211971,NJ,NJ,S,NA,39.81,28 to 12,28
O1G2O6,OCE,M,3/27/19,28,67,8.5,2.426358914,285.4539899,WAM,30.57388,14.211971,NJ,NJ,S,NA,39.81,28 to 12,28
O1G3G4,OCE,M,3/27/19,28,78,12.5,3.461949987,276.955999,WAM,30.57388,14.211971,NJ,NJ,S,NA,39.81,28 to 12,28
O2P4P5,NOC,F,3/27/19,28,88,17.8,1.917153246,107.7052385,WAM,27.10122,14.228548,NJ,NJ,S,49.24793,39.87,28 to 12,28
O3O4G6,OCE,M,3/27/19,28,79,15.7,3.526032113,224.5880327,WAM,30.57388,14.211971,NJ,NJ,S,NA,39.81,28 to 12,28
P1P2R3,NOC,M,3/27/19,28,70,10.2,3.226333885,316.3072437,WAM,27.10122,14.228548,NJ,NJ,S,49.24793,39.87,28 to 12,28
P1R2G4,OCE,F,3/27/19,28,81,16.7,5.107973364,305.8666685,WAM,30.57388,14.211971,NJ,NJ,S,NA,39.81,28 to 12,28
P1R2R6,NOC,M,3/27/19,28,68,7.5,3.302373313,440.3164417,WAM,27.10122,14.228548,NJ,NJ,S,49.24793,39.87,28 to 12,28
R1P3P4,OCE,F,3/27/19,28,84,18.4,3.578125507,194.4633428,WAM,30.57388,14.211971,NJ,NJ,S,NA,39.81,28 to 12,28
G1G2G6,NOC,M,4/8/19,28,67,8,4.762085496,595.260687,WAM,27.10122,14.228548,NJ,NJ,S,49.24793,39.87,28 to 12,28
G1O2R4,SOC,M,4/8/19,28,84,13.3,4.374131199,328.882045,WAM,27.17952,14.211971,NJ,NJ,S,53.93098,39.78,28 to 12,28
G2P3O6,SOC,F,4/8/19,28,73,9.7,4.589384431,473.1324156,WAM,27.17952,14.211971,NJ,NJ,S,53.93098,39.78,28 to 12,28
G3O4G6,SOC,F,4/8/19,28,62,6.7,2.940364879,438.8604297,WAM,27.17952,14.211971,NJ,NJ,S,53.93098,39.78,28 to 12,28
G3R4P6,SOC,F,4/8/19,28,92,18.2,7.152366637,392.9871779,WAM,27.17952,14.211971,NJ,NJ,S,53.93098,39.78,28 to 12,28
G4R5R6,NOC,F,4/8/19,28,74,10.7,5.984734296,559.3209622,WAM,27.10122,14.228548,NJ,NJ,S,49.24793,39.87,28 to 12,28
O1R2G4,SOC,F,4/8/19,28,67,7.6,5.058188098,665.5510655,WAM,27.17952,14.211971,NJ,NJ,S,53.93098,39.78,28 to 12,28
O1R2G6,OCE,F,4/8/19,28,74,11.9,3.700705323,310.9836406,WAM,30.57388,14.211971,NJ,NJ,S,NA,39.81,28 to 12,28
O1R2R4,SOC,F,4/8/19,28,76,12.9,5.963318266,462.2727338,WAM,27.17952,14.211971,NJ,NJ,S,53.93098,39.78,28 to 12,28
O1R4P5,SOC,F,4/8/19,28,71,10.1,5.703040828,564.6575077,WAM,27.17952,14.211971,NJ,NJ,S,53.93098,39.78,28 to 12,28
O2O3G6,SOC,M,4/8/19,28,67,7.1,4.357123426,613.6793558,WAM,27.17952,14.211971,NJ,NJ,S,53.93098,39.78,28 to 12,28
O3O4R6,OCE,F,4/8/19,28,82,12.3,6.91947574,562.5590033,WAM,30.57388,14.211971,NJ,NJ,S,NA,39.81,28 to 12,28
P1G4P6,NOC,M,4/8/19,28,72,9.3,4.737007265,509.3556199,WAM,27.10122,14.228548,NJ,NJ,S,49.24793,39.87,28 to 12,28
P2G5G6,SOC,M,4/8/19,28,74,4.3,4.288120847,997.2374063,WAM,27.17952,14.211971,NJ,NJ,S,53.93098,39.78,28 to 12,28
P3O4G5,NOC,M,4/8/19,28,52,4.1,3.443070027,839.7731774,WAM,27.10122,14.228548,NJ,NJ,S,49.24793,39.87,28 to 12,28
P3O4R6,NOC,F,4/8/19,28,69,9.2,5.126731714,557.2534471,WAM,27.10122,14.228548,NJ,NJ,S,49.24793,39.87,28 to 12,28
R1G3O5,NOC,F,4/8/19,28,74,11.9,4.900275287,411.7878393,WAM,27.10122,14.228548,NJ,NJ,S,49.24793,39.87,28 to 12,28
R1P3O4,SOC,F,4/8/19,28,79,13.1,5.688240673,434.2168453,WAM,27.17952,14.211971,NJ,NJ,S,53.93098,39.78,28 to 12,28
R1R4R6,SOC,M,4/8/19,28,82,13.2,2.980565743,225.800435,WAM,27.17952,14.211971,NJ,NJ,S,53.93098,39.78,28 to 12,28
R3O5O6,NOC,F,4/8/19,28,67,8.4,5.07515148,604.1847,WAM,27.10122,14.228548,NJ,NJ,S,49.24793,39.87,28 to 12,28
G2R5P6,RVMA,F,6/10/19,28,71,8.8,5.502911221,0.000625331,WAM,23.49572,11.710242,RVMA-EHMA,MA,N,44.46299,41.674169,12 to 28,28
G1P2R5,PENME,F,6/10/19,28,81,10.4,5.045861111,0.000485179,WAM,21.35523,8.606675,PENME-DIME,ME,N,27.27436,44.4663861,12 to 28,28
G1O5R6,RVMA,F,6/10/19,28,66,6.8,3.746239122,0.000550918,WAM,23.49572,11.710242,RVMA-EHMA,MA,N,44.46299,41.674169,12 to 28,28
R1R5G6,RVMA,M,6/10/19,28,72,8.8,5.551891496,0.000630897,WAM,23.49572,11.710242,RVMA-EHMA,MA,N,44.46299,41.674169,12 to 28,28
O4G5R6,PEAME,M,6/10/19,28,51,4.3,5.142359015,0.001195897,WAM,15.63283,8.606675,OCME-PEAME,ME,N,13.10594,44.29059,12 to 28,28
P3R5R6,OCME,M,6/10/19,28,63,5.1,4.46772103,0.000876024,WAM,18.06903,8.606675,OCME-PEAME,ME,N,11.41609,44.421147,12 to 28,28
G1O2P4,DIME,M,6/10/19,28,67,5.6,5.421615194,0.000968146,WAM,16.92318,9.07777,PENME-DIME,ME,N,17.6729,44.165011,12 to 28,28
O1G3R4,OCME,F,6/10/19,28,64,7.2,6.35241647,0.00088228,WAM,18.06903,8.606675,OCME-PEAME,ME,N,11.41609,44.421147,12 to 28,28
O3O4R5,RVMA,M,6/10/19,28,78,10.7,6.115798788,0.00057157,WAM,23.49572,11.710242,RVMA-EHMA,MA,N,44.46299,41.674169,12 to 28,28
P2R3P4,DIME,F,6/10/19,28,70,9.3,6.598721739,0.00070954,WAM,16.92318,9.07777,PENME-DIME,ME,N,17.6729,44.165011,12 to 28,28
P3R4R6,PENME,M,6/10/19,28,67,6.3,5.040905945,0.000800144,WAM,21.35523,8.606675,PENME-DIME,ME,N,27.27436,44.4663861,12 to 28,28
R3G4P5,DIME,F,6/10/19,28,82,10.7,6.521514344,0.000609487,WAM,16.92318,9.07777,PENME-DIME,ME,N,17.6729,44.165011,12 to 28,28
P1R3O6,PENME,F,6/10/19,28,60,5.4,4.788843037,0.000886823,WAM,21.35523,8.606675,PENME-DIME,ME,N,27.27436,44.4663861,12 to 28,28
R1P3R6,PEAME,M,6/10/19,28,63,5.4,5.498157996,0.001018177,WAM,15.63283,8.606675,OCME-PEAME,ME,N,13.10594,44.29059,12 to 28,28
G1R2O5,EHMA,F,6/10/19,28,64,6.2,5.367912698,0.000865792,WAM,19.31422,9.07777,RVMA-EHMA,MA,N,33.13356,41.82633,12 to 28,28
O1P4P5,PEAME,F,6/10/19,28,66,7,5.511006203,0.000787287,WAM,15.63283,8.606675,OCME-PEAME,ME,N,13.10594,44.29059,12 to 28,28
R2R4R5,PENME,M,6/10/19,28,73,8.3,6.556968572,0.000789996,WAM,21.35523,8.606675,PENME-DIME,ME,N,27.27436,44.4663861,12 to 28,28
O3P4R6,OCME,F,6/11/19,28,62,6.3,4.888789583,0.000775998,WAM,18.06903,8.606675,OCME-PEAME,ME,N,11.41609,44.421147,12 to 28,28
O2P3O4,EHMA,F,6/11/19,28,66,5.9,4.164257438,0.000705806,WAM,19.31422,9.07777,RVMA-EHMA,MA,N,33.13356,41.82633,12 to 28,28
G1P2R3,PEAME,F,6/11/19,28,67,8.3,8.153018751,0.000982291,WAM,15.63283,8.606675,OCME-PEAME,ME,N,13.10594,44.29059,12 to 28,28
P2O5R6,PEAME,F,6/11/19,28,71,10.6,5.460419026,0.000515134,WAM,15.63283,8.606675,OCME-PEAME,ME,N,13.10594,44.29059,12 to 28,28
O1R3R6,RVMA,M,6/11/19,28,75,10.5,6.110220809,0.000581926,WAM,23.49572,11.710242,RVMA-EHMA,MA,N,44.46299,41.674169,12 to 28,28
O1O2R4,DIME,M,6/11/19,28,70,8.4,3.770788071,0.000448903,WAM,16.92318,9.07777,PENME-DIME,ME,N,17.6729,44.165011,12 to 28,28
O1R3G4,EHMA,M,6/11/19,28,62,7,5.07520887,0.00072503,WAM,19.31422,9.07777,RVMA-EHMA,MA,N,33.13356,41.82633,12 to 28,28
R4O5R6,PENME,M,6/11/19,28,61,4.2,5.969990565,0.001421426,WAM,21.35523,8.606675,PENME-DIME,ME,N,27.27436,44.4663861,12 to 28,28
O2G3G4,EHMA,F,6/11/19,28,72,9.7,7.711503106,0.000795,WAM,19.31422,9.07777,RVMA-EHMA,MA,N,33.13356,41.82633,12 to 28,28
G2O5R6,RVMA,M,6/11/19,28,71,8.9,8.114644616,0.000911758,WAM,23.49572,11.710242,RVMA-EHMA,MA,N,44.46299,41.674169,12 to 28,28
P1O3R6,PENME,M,6/11/19,28,64,6.4,5.827376,0.000910528,WAM,21.35523,8.606675,PENME-DIME,ME,N,27.27436,44.4663861,12 to 28,28
O1O2P6,PEAME,M,6/11/19,28,58,4.8,5.333598194,0.001111166,WAM,15.63283,8.606675,OCME-PEAME,ME,N,13.10594,44.29059,12 to 28,28
G2G3P5,DIME,M,6/11/19,28,70,6.1,5.860219085,0.000960692,WAM,16.92318,9.07777,PENME-DIME,ME,N,17.6729,44.165011,12 to 28,28
P2P3O6,RVMA,F,6/11/19,28,67,8.3,4.892164607,0.000589417,WAM,23.49572,11.710242,RVMA-EHMA,MA,N,44.46299,41.674169,12 to 28,28
G2P3G6,OCME,M,6/11/19,28,48,4.9,5.959393785,0.001216203,WAM,18.06903,8.606675,OCME-PEAME,ME,N,11.41609,44.421147,12 to 28,28
R1R2G6,DIME,F,6/11/19,28,80,9.3,6.44080126,0.000692559,WAM,16.92318,9.07777,PENME-DIME,ME,N,17.6729,44.165011,12 to 28,28
O1G4R6,EHMA,F,6/11/19,28,54,4,3.9225296,0.000980632,WAM,19.31422,9.07777,RVMA-EHMA,MA,N,33.13356,41.82633,12 to 28,28
R2G3R4,EHMA,M,6/11/19,28,60,5.6,5.282066841,0.000943226,WAM,19.31422,9.07777,RVMA-EHMA,MA,N,33.13356,41.82633,12 to 28,28
G1P4O5,PENME,M,6/11/19,28,66,6.4,5.052140075,0.000789397,WAM,21.35523,8.606675,PENME-DIME,ME,N,27.27436,44.4663861,12 to 28,28
P3P4R5,DIME,M,6/12/19,28,82,11.7,4.226948162,0.000361278,WAM,16.92318,9.07777,PENME-DIME,ME,N,17.6729,44.165011,12 to 28,28
R1O4G6,EHMA,F,6/12/19,28,67,7.8,8.423207186,0.001079898,WAM,19.31422,9.07777,RVMA-EHMA,MA,N,33.13356,41.82633,12 to 28,28
O4R5O6,DIME,F,6/12/19,28,81,13.1,6.880416818,0.000525223,WAM,16.92318,9.07777,PENME-DIME,ME,N,17.6729,44.165011,12 to 28,28
P2R3G5,EHMA,M,6/12/19,28,61,6.9,4.524989859,0.000655796,WAM,19.31422,9.07777,RVMA-EHMA,MA,N,33.13356,41.82633,12 to 28,28
P2G3P4,OCME,F,6/12/19,28,65,6.4,5.882189121,0.000919092,WAM,18.06903,8.606675,OCME-PEAME,ME,N,11.41609,44.421147,12 to 28,28
O4G5P6,EHMA,M,6/12/19,28,71,8.4,9.11182714,0.001084741,WAM,19.31422,9.07777,RVMA-EHMA,MA,N,33.13356,41.82633,12 to 28,28
G1G3O5,PEAME,M,6/12/19,28,63,5.5,6.211704976,0.001129401,WAM,15.63283,8.606675,OCME-PEAME,ME,N,13.10594,44.29059,12 to 28,28
G3O4G5,PENME,F,6/12/19,28,69,9,5.752449707,0.000639161,WAM,21.35523,8.606675,PENME-DIME,ME,N,27.27436,44.4663861,12 to 28,28
R2R3G6,OCME,M,6/12/19,28,53,4.4,4.402483499,0.001000564,WAM,18.06903,8.606675,OCME-PEAME,ME,N,11.41609,44.421147,12 to 28,28
P1G2O4,OCME,M,6/12/19,28,66,6.7,6.017135715,0.00089808,WAM,18.06903,8.606675,OCME-PEAME,ME,N,11.41609,44.421147,12 to 28,28
R2R4P6,OCME,M,6/12/19,28,57,4.2,6.455866907,0.001537111,WAM,18.06903,8.606675,OCME-PEAME,ME,N,11.41609,44.421147,12 to 28,28
G4P5G6,PENME,F,6/12/19,28,61,5.2,5.554245021,0.001068124,WAM,21.35523,8.606675,PENME-DIME,ME,N,27.27436,44.4663861,12 to 28,28
O1O2O3,OCME,M,6/12/19,28,65,6.3,5.524830681,0.000876957,WAM,18.06903,8.606675,OCME-PEAME,ME,N,11.41609,44.421147,12 to 28,28
R1O4R5,RVMA,F,6/12/19,28,70,10,8.144574832,0.000814457,WAM,23.49572,11.710242,RVMA-EHMA,MA,N,44.46299,41.674169,12 to 28,28
P1R3G4,DIME,M,6/12/19,28,67,6.1,6.921863223,0.001134732,WAM,16.92318,9.07777,PENME-DIME,ME,N,17.6729,44.165011,12 to 28,28
G2R3G5,EHMA,F,6/12/19,28,69,8.6,8.343980633,0.00097023,WAM,19.31422,9.07777,RVMA-EHMA,MA,N,33.13356,41.82633,12 to 28,28
G1P4G6,PEAME,M,6/12/19,28,65,5.6,5.317632652,0.000949577,WAM,15.63283,8.606675,OCME-PEAME,ME,N,13.10594,44.29059,12 to 28,28
P2R4P5,PEAME,M,6/13/19,28,67,6.6,3.767968321,0.000570904,WAM,15.63283,8.606675,OCME-PEAME,ME,N,13.10594,44.29059,12 to 28,28
G1R4R6,PENME,F,6/13/19,28,72,11.3,3.523274837,0.000311794,WAM,21.35523,8.606675,PENME-DIME,ME,N,27.27436,44.4663861,12 to 28,28
O1P3P4,OCME,F,6/13/19,28,66,5,1.998685966,0.000399737,WAM,18.06903,8.606675,OCME-PEAME,ME,N,11.41609,44.421147,12 to 28,28
P2R3O5,RVMA,M,6/13/19,28,67,6.5,1.989897855,0.000306138,WAM,23.49572,11.710242,RVMA-EHMA,MA,N,44.46299,41.674169,12 to 28,28
G3O5P6,EHMA,F,6/13/19,28,74,11.2,5.571465145,0.000497452,WAM,19.31422,9.07777,RVMA-EHMA,MA,N,33.13356,41.82633,12 to 28,28
G1O4G5,DIME,M,6/13/19,28,69,6.7,5.078902763,0.000758045,WAM,16.92318,9.07777,PENME-DIME,ME,N,17.6729,44.165011,12 to 28,28
G3P4P5,PEAME,F,6/13/19,28,80,13.7,7.218764189,0.000526917,WAM,15.63283,8.606675,OCME-PEAME,ME,N,13.10594,44.29059,12 to 28,28
P1G2R4,OCME,M,6/13/19,28,51,2.4,2.61742388,0.001090593,WAM,18.06903,8.606675,OCME-PEAME,ME,N,11.41609,44.421147,12 to 28,28
G2R4O6,OCME,M,6/13/19,28,63,5.7,6.28333508,0.001102339,WAM,18.06903,8.606675,OCME-PEAME,ME,N,11.41609,44.421147,12 to 28,28
P1P4P6,OCME,M,6/13/19,28,70,6.9,1.379659049,0.000199951,WAM,18.06903,8.606675,OCME-PEAME,ME,N,11.41609,44.421147,12 to 28,28
P1O5R6,PENME,F,6/13/19,28,66,6.4,3.473112657,0.000542674,WAM,21.35523,8.606675,PENME-DIME,ME,N,27.27436,44.4663861,12 to 28,28
P1O3P4,EHMA,M,6/13/19,28,79,12.8,8.57290413,0.000669758,WAM,19.31422,9.07777,RVMA-EHMA,MA,N,33.13356,41.82633,12 to 28,28
G2R3R6,RVMA,M,6/13/19,28,77,11.8,8.802563823,0.00074598,WAM,23.49572,11.710242,RVMA-EHMA,MA,N,44.46299,41.674169,12 to 28,28
R3G5G6,DIME,M,6/13/19,28,62,4.8,3.194983687,0.000665622,WAM,16.92318,9.07777,PENME-DIME,ME,N,17.6729,44.165011,12 to 28,28
O2G3O5,RVMA,M,6/13/19,28,76,10.3,5.860240021,0.000568955,WAM,23.49572,11.710242,RVMA-EHMA,MA,N,44.46299,41.674169,12 to 28,28
G2O3G5,PEAME,M,6/13/19,28,62,6.5,5.908438449,0.000908991,WAM,15.63283,8.606675,OCME-PEAME,ME,N,13.10594,44.29059,12 to 28,28
R4R5P6,PEAME,F,6/13/19,28,70,10.3,6.468657584,0.000628025,WAM,15.63283,8.606675,OCME-PEAME,ME,N,13.10594,44.29059,12 to 28,28
G3R4O6,PENME,M,6/13/19,28,71,8.3,3.862929265,0.000465413,WAM,21.35523,8.606675,PENME-DIME,ME,N,27.27436,44.4663861,12 to 28,28
P2R3P6,RVMA,F,6/14/19,28,66,7.6,5.362093436,0.000705539,WAM,23.49572,11.710242,RVMA-EHMA,MA,N,44.46299,41.674169,12 to 28,28
O2O4O6,PENME,M,6/14/19,28,79,9.6,5.299076229,0.000551987,WAM,21.35523,8.606675,PENME-DIME,ME,N,27.27436,44.4663861,12 to 28,28
O2G4G6,EHMA,M,6/14/19,28,59,5.3,3.470531647,0.000654817,WAM,19.31422,9.07777,RVMA-EHMA,MA,N,33.13356,41.82633,12 to 28,28
G4G5O6,PENME,F,6/14/19,28,80,14.7,8.811023597,0.000599389,WAM,21.35523,8.606675,PENME-DIME,ME,N,27.27436,44.4663861,12 to 28,28
P2G4G6,DIME,M,6/14/19,28,73,7.9,6.023466301,0.000762464,WAM,16.92318,9.07777,PENME-DIME,ME,N,17.6729,44.165011,12 to 28,28
P3G4O6,PEAME,F,6/14/19,28,71,9.6,6.223196711,0.00064825,WAM,15.63283,8.606675,OCME-PEAME,ME,N,13.10594,44.29059,12 to 28,28
P1G4R5,RVMA,F,6/14/19,28,78,11.2,8.265796345,0.000738018,WAM,23.49572,11.710242,RVMA-EHMA,MA,N,44.46299,41.674169,12 to 28,28
R2O4G6,RVMA,M,6/14/19,28,71,7.6,6.367729659,0.000837859,WAM,23.49572,11.710242,RVMA-EHMA,MA,N,44.46299,41.674169,12 to 28,28
R3P4R6,DIME,M,6/14/19,28,75,7.9,5.283546668,0.000668803,WAM,16.92318,9.07777,PENME-DIME,ME,N,17.6729,44.165011,12 to 28,28
O1P2R6,DIME,M,6/14/19,28,67,5.9,5.833944087,0.000988804,WAM,16.92318,9.07777,PENME-DIME,ME,N,17.6729,44.165011,12 to 28,28
R1R2O5,OCME,M,6/14/19,28,60,5.2,5.079644026,0.000976855,WAM,18.06903,8.606675,OCME-PEAME,ME,N,11.41609,44.421147,12 to 28,28
O1P4O6,OCME,M,6/14/19,28,62,6.2,5.92283253,0.000955296,WAM,18.06903,8.606675,OCME-PEAME,ME,N,11.41609,44.421147,12 to 28,28
G3G5O6,EHMA,M,6/14/19,28,79,14.7,10.07053474,0.00068507,WAM,19.31422,9.07777,RVMA-EHMA,MA,N,33.13356,41.82633,12 to 28,28
R3G4R6,PENME,M,6/14/19,28,79,8,5.839012682,0.000729877,WAM,21.35523,8.606675,PENME-DIME,ME,N,27.27436,44.4663861,12 to 28,28
P2R4O5,EHMA,M,6/14/19,28,59,5.2,4.929900731,0.000948058,WAM,19.31422,9.07777,RVMA-EHMA,MA,N,33.13356,41.82633,12 to 28,28
G1O3G6,PENME,M,6/18/19,12,70,7.4,1.12023651,151.3833122,WAM,21.35523,8.606675,PENME-DIME,ME,N,27.27436,44.4663861,28 to 12,12
R3P4G5,PENME,F,6/18/19,12,78,11.1,1.629317026,146.7853176,WAM,21.35523,8.606675,PENME-DIME,ME,N,27.27436,44.4663861,28 to 12,12
O2R3G6,DIME,F,6/18/19,12,80,11.1,1.283602612,115.639875,WAM,16.92318,9.07777,PENME-DIME,ME,N,17.6729,44.165011,28 to 12,12
P3O5G6,PEAME,F,6/18/19,12,68,7.7,1.165039035,151.3037707,WAM,15.63283,8.606675,OCME-PEAME,ME,N,13.10594,44.29059,28 to 12,12
G1P2O3,PEAME,M,6/18/19,12,68,7,1.186002355,169.4289079,WAM,15.63283,8.606675,OCME-PEAME,ME,N,13.10594,44.29059,28 to 12,12
G2R3G6,RVMA,F,6/18/19,12,65,7.1,1.397436119,196.8219886,WAM,23.49572,11.710242,RVMA-EHMA,MA,N,44.46299,41.674169,28 to 12,12
P1O3G4,PENME,F,6/18/19,12,73,8.9,1.3100426,147.1957977,WAM,21.35523,8.606675,PENME-DIME,ME,N,27.27436,44.4663861,28 to 12,12
G1O4P5,OCME,F,6/18/19,12,80,10.7,1.289857428,120.5474232,WAM,18.06903,8.606675,OCME-PEAME,ME,N,11.41609,44.421147,28 to 12,12
O1G2G3,PENME,M,6/18/19,12,70,8,1.250471008,156.308876,WAM,21.35523,8.606675,PENME-DIME,ME,N,27.27436,44.4663861,28 to 12,12
O2O5R6,EHMA,F,6/18/19,12,64,6,1.171539226,195.2565377,WAM,19.31422,9.07777,RVMA-EHMA,MA,N,33.13356,41.82633,28 to 12,12
G2O3O6,DIME,M,6/18/19,12,71,6.6,1.156450359,175.2197513,WAM,16.92318,9.07777,PENME-DIME,ME,N,17.6729,44.165011,28 to 12,12
G1G2R4,OCME,M,6/18/19,12,68,6.2,1.096839569,176.9096078,WAM,18.06903,8.606675,OCME-PEAME,ME,N,11.41609,44.421147,28 to 12,12
P1G3O5,DIME,M,6/18/19,12,66,5.5,1.13850369,207.0006708,WAM,16.92318,9.07777,PENME-DIME,ME,N,17.6729,44.165011,28 to 12,12
G1O4O5,RVMA,M,6/18/19,12,78,11.8,1.532979221,129.9134933,WAM,23.49572,11.710242,RVMA-EHMA,MA,N,44.46299,41.674169,28 to 12,12
P4G5G6,EHMA,M,6/18/19,12,82,13.3,1.531812915,115.1739034,WAM,19.31422,9.07777,RVMA-EHMA,MA,N,33.13356,41.82633,28 to 12,12
R2G5O6,PENME,F,6/18/19,12,81,10,1.250869332,125.0869332,WAM,21.35523,8.606675,PENME-DIME,ME,N,27.27436,44.4663861,28 to 12,12
R1G3P6,DIME,M,6/18/19,12,72,7.6,1.295648605,170.4800795,WAM,16.92318,9.07777,PENME-DIME,ME,N,17.6729,44.165011,28 to 12,12
R3G5P6,EHMA,F,6/19/19,12,86,15.5,1.522521097,98.22716753,WAM,19.31422,9.07777,RVMA-EHMA,MA,N,33.13356,41.82633,28 to 12,12
G1O3R4,DIME,F,6/19/19,12,83,11.8,1.277881559,108.2950474,WAM,16.92318,9.07777,PENME-DIME,ME,N,17.6729,44.165011,28 to 12,12
R2O5G6,DIME,F,6/19/19,12,94,15,1.310856728,87.3904485,WAM,16.92318,9.07777,PENME-DIME,ME,N,17.6729,44.165011,28 to 12,12
G2P3P4,PEAME,F,6/19/19,12,75,8.1,1.121382069,138.4422307,WAM,15.63283,8.606675,OCME-PEAME,ME,N,13.10594,44.29059,28 to 12,12
G3G5G6,PEAME,M,6/19/19,12,71,7,1.109793391,158.5419131,WAM,15.63283,8.606675,OCME-PEAME,ME,N,13.10594,44.29059,28 to 12,12
O1R2G3,EHMA,F,6/19/19,12,57,6.5,1.222127803,188.019662,WAM,19.31422,9.07777,RVMA-EHMA,MA,N,33.13356,41.82633,28 to 12,12
P3G5R6,OCME,F,6/19/19,12,75,9.8,1.475975041,150.6096981,WAM,18.06903,8.606675,OCME-PEAME,ME,N,11.41609,44.421147,28 to 12,12
R1G4R6,RVMA,F,6/19/19,12,81,11.8,1.643758713,139.3015858,WAM,23.49572,11.710242,RVMA-EHMA,MA,N,44.46299,41.674169,28 to 12,12
G1O2P6,PEAME,F,6/19/19,12,72,7.4,1.094080792,147.8487557,WAM,15.63283,8.606675,OCME-PEAME,ME,N,13.10594,44.29059,28 to 12,12
O2R5P6,OCME,M,6/19/19,12,55,3.6,0.925277352,257.0214866,WAM,18.06903,8.606675,OCME-PEAME,ME,N,11.41609,44.421147,28 to 12,12
O1G5R6,EHMA,M,6/19/19,12,75,9.5,1.34130752,141.1902653,WAM,19.31422,9.07777,RVMA-EHMA,MA,N,33.13356,41.82633,28 to 12,12
G2O4P5,RVMA,M,6/19/19,12,69,6.4,1.195395365,186.7805257,WAM,23.49572,11.710242,RVMA-EHMA,MA,N,44.46299,41.674169,28 to 12,12
R4R5G6,RVMA,F,6/19/19,12,82,14.4,1.60739942,111.6249597,WAM,23.49572,11.710242,RVMA-EHMA,MA,N,44.46299,41.674169,28 to 12,12
O2P4G5,RVMA,M,6/19/19,12,75,10.5,1.442484265,137.3794538,WAM,23.49572,11.710242,RVMA-EHMA,MA,N,44.46299,41.674169,28 to 12,12
G3G4O5,OCME,M,6/19/19,12,65,6.3,1.142949983,181.4206322,WAM,18.06903,8.606675,OCME-PEAME,ME,N,11.41609,44.421147,28 to 12,12
G1G3G6,DIME,M,6/19/19,12,79,8.7,1.289387347,148.2054421,WAM,16.92318,9.07777,PENME-DIME,ME,N,17.6729,44.165011,28 to 12,12
O1O5G6,DIME,F,6/19/19,12,61,5,1.09586511,219.1730221,WAM,16.92318,9.07777,PENME-DIME,ME,N,17.6729,44.165011,28 to 12,12
O2O3G4,DIME,M,6/19/19,12,70,6.3,1.182643627,187.7212106,WAM,16.92318,9.07777,PENME-DIME,ME,N,17.6729,44.165011,28 to 12,12
P2O4R6,OCME,M,6/20/19,12,73,9.1,1.233407494,135.539285,WAM,18.06903,8.606675,OCME-PEAME,ME,N,11.41609,44.421147,28 to 12,12
G3P4G5,RVMA,M,6/20/19,12,79,10.9,1.26894792,116.4172403,WAM,23.49572,11.710242,RVMA-EHMA,MA,N,44.46299,41.674169,28 to 12,12
G1G2G4,RVMA,F,6/20/19,12,76,11.6,1.338949497,115.4266808,WAM,23.49572,11.710242,RVMA-EHMA,MA,N,44.46299,41.674169,28 to 12,12
P1P2R4,EHMA,F,6/20/19,12,68,8.2,1.29450143,157.8660281,WAM,19.31422,9.07777,RVMA-EHMA,MA,N,33.13356,41.82633,28 to 12,12
P2R3G6,DIME,M,6/20/19,12,77,9.5,1.290768369,135.8703546,WAM,16.92318,9.07777,PENME-DIME,ME,N,17.6729,44.165011,28 to 12,12
O1P2G5,OCME,M,6/20/19,12,59,4.9,1.218855673,248.7460558,WAM,18.06903,8.606675,OCME-PEAME,ME,N,11.41609,44.421147,28 to 12,12
O1R5P6,PEAME,F,6/20/19,12,71,8.5,1.240087317,145.8926255,WAM,15.63283,8.606675,OCME-PEAME,ME,N,13.10594,44.29059,28 to 12,12
P4G5R6,PEAME,M,6/20/19,12,65,5.6,1.216181808,217.1753229,WAM,15.63283,8.606675,OCME-PEAME,ME,N,13.10594,44.29059,28 to 12,12
G1G2P3,PEAME,M,6/20/19,12,67,7.6,1.233870868,162.35143,WAM,15.63283,8.606675,OCME-PEAME,ME,N,13.10594,44.29059,28 to 12,12
O1R2O5,PENME,F,6/20/19,12,74,9.8,1.255493102,128.1115411,WAM,21.35523,8.606675,PENME-DIME,ME,N,27.27436,44.4663861,28 to 12,12
P2G4G5,PENME,F,6/20/19,12,70,8.1,1.08064143,133.4125222,WAM,21.35523,8.606675,PENME-DIME,ME,N,27.27436,44.4663861,28 to 12,12
O2R5O6,PEAME,M,6/20/19,12,63,4.8,1.175245466,244.8428054,WAM,15.63283,8.606675,OCME-PEAME,ME,N,13.10594,44.29059,28 to 12,12
G2G3G4,EHMA,F,6/20/19,12,72,8.9,1.387996945,155.954713,WAM,19.31422,9.07777,RVMA-EHMA,MA,N,33.13356,41.82633,28 to 12,12
P1O4G5,PEAME,F,6/20/19,12,72,8.9,1.346395903,151.2804385,WAM,15.63283,8.606675,OCME-PEAME,ME,N,13.10594,44.29059,28 to 12,12
P1P2G5,EHMA,M,6/20/19,12,71,8.2,1.146323448,139.7955425,WAM,19.31422,9.07777,RVMA-EHMA,MA,N,33.13356,41.82633,28 to 12,12
R1R3P5,OCME,M,6/20/19,12,59,4.1,1.037743572,253.1081883,WAM,18.06903,8.606675,OCME-PEAME,ME,N,11.41609,44.421147,28 to 12,12
G2P3R5,RVMA,M,6/20/19,12,66,6.3,1.26977526,201.5516286,WAM,23.49572,11.710242,RVMA-EHMA,MA,N,44.46299,41.674169,28 to 12,12
G1O2G5,PENME,F,6/20/19,12,66,6.2,1.174970868,189.5114303,WAM,21.35523,8.606675,PENME-DIME,ME,N,27.27436,44.4663861,28 to 12,12
R1O5O6,EHMA,M,6/20/19,12,60,4.8,0.950476644,198.0159675,WAM,19.31422,9.07777,RVMA-EHMA,MA,N,33.13356,41.82633,28 to 12,12
G2G3R6,OCME,F,6/20/19,12,59,4.5,1.161007717,258.001715,WAM,18.06903,8.606675,OCME-PEAME,ME,N,11.41609,44.421147,28 to 12,12
O1G4P6,PEAME,F,6/21/19,12,74,8,1.169200969,146.1501212,WAM,15.63283,8.606675,OCME-PEAME,ME,N,13.10594,44.29059,28 to 12,12
R3R5O6,PENME,F,6/21/19,12,80,10.5,1.498268249,142.6922142,WAM,21.35523,8.606675,PENME-DIME,ME,N,27.27436,44.4663861,28 to 12,12
O2G3P5,PEAME,F,6/21/19,12,72,9.5,1.561421248,164.3601313,WAM,15.63283,8.606675,OCME-PEAME,ME,N,13.10594,44.29059,28 to 12,12
R2O3P4,OCME,F,6/21/19,12,67,8.1,1.308608652,161.5566238,WAM,18.06903,8.606675,OCME-PEAME,ME,N,11.41609,44.421147,28 to 12,12
R2P4R6,OCME,M,6/21/19,12,63,5.8,1.065425644,183.6940765,WAM,18.06903,8.606675,OCME-PEAME,ME,N,11.41609,44.421147,28 to 12,12
G1R3O5,RVMA,M,6/21/19,12,80,13.6,1.658689594,121.9624702,WAM,23.49572,11.710242,RVMA-EHMA,MA,N,44.46299,41.674169,28 to 12,12
G1O4R6,PENME,F,6/21/19,12,75,10,1.573902499,157.3902499,WAM,21.35523,8.606675,PENME-DIME,ME,N,27.27436,44.4663861,28 to 12,12
G1G3P5,DIME,M,6/21/19,12,67,6.9,1.383537915,200.5127413,WAM,16.92318,9.07777,PENME-DIME,ME,N,17.6729,44.165011,28 to 12,12
O1O3O6,PENME,M,6/21/19,12,75,10.7,1.43235241,133.8647112,WAM,21.35523,8.606675,PENME-DIME,ME,N,27.27436,44.4663861,28 to 12,12
O2R3G5,OCME,M,6/21/19,12,66,6,1.482162577,247.0270961,WAM,18.06903,8.606675,OCME-PEAME,ME,N,11.41609,44.421147,28 to 12,12
G1O2P3,OCME,M,6/21/19,12,58,4.1,1.201141768,292.9614067,WAM,18.06903,8.606675,OCME-PEAME,ME,N,11.41609,44.421147,28 to 12,12
P2G3G4,OCME,M,6/21/19,12,64,5.9,1.290760621,218.7729867,WAM,18.06903,8.606675,OCME-PEAME,ME,N,11.41609,44.421147,28 to 12,12
R2P3G5,RVMA,M,6/21/19,12,74,9.9,1.445163317,145.9760927,WAM,23.49572,11.710242,RVMA-EHMA,MA,N,44.46299,41.674169,28 to 12,12
P3G5O6,PENME,F,6/21/19,12,80,10.5,1.552696363,147.8758441,WAM,21.35523,8.606675,PENME-DIME,ME,N,27.27436,44.4663861,28 to 12,12
G1G3O6,RVMA,M,6/21/19,12,74,9.8,1.314258759,134.1080366,WAM,23.49572,11.710242,RVMA-EHMA,MA,N,44.46299,41.674169,28 to 12,12
R2G3P4,PENME,M,6/21/19,12,74,7.5,1.236673121,164.8897494,WAM,21.35523,8.606675,PENME-DIME,ME,N,27.27436,44.4663861,28 to 12,12
G3R4O5,DIME,M,6/21/19,12,81,10.6,1.808751878,170.6369697,WAM,16.92318,9.07777,PENME-DIME,ME,N,17.6729,44.165011,28 to 12,12
G2R5G6,PENME,F,6/21/19,12,75,8.9,1.349995439,151.6848808,WAM,21.35523,8.606675,PENME-DIME,ME,N,27.27436,44.4663861,28 to 12,12
O3P4G6,PEAME,M,6/21/19,12,68,6.8,1.395372204,205.2017948,WAM,15.63283,8.606675,OCME-PEAME,ME,N,13.10594,44.29059,28 to 12,12
R1P5O6,PEAME,F,6/24/19,12,71,7.9,2.013344174,254.8536929,WAM,15.63283,8.606675,OCME-PEAME,ME,N,13.10594,44.29059,28 to 12,12
G3O4R5,PENME,M,6/24/19,12,80,10.5,1.669743611,159.023201,WAM,21.35523,8.606675,PENME-DIME,ME,N,27.27436,44.4663861,28 to 12,12
G2P5P6,RVMA,F,6/24/19,12,70,8.3,1.574738145,189.7274873,WAM,23.49572,11.710242,RVMA-EHMA,MA,N,44.46299,41.674169,28 to 12,12
O4O5O6,RVMA,F,6/24/19,12,77,8.7,2.135215423,245.4270601,WAM,23.49572,11.710242,RVMA-EHMA,MA,N,44.46299,41.674169,28 to 12,12
R1O2P3,RVMA,F,6/24/19,12,67,7.8,1.669155736,213.9943252,WAM,23.49572,11.710242,RVMA-EHMA,MA,N,44.46299,41.674169,28 to 12,12
P1O3R5,PENME,M,6/24/19,12,66,5.6,1.752013462,312.8595468,WAM,21.35523,8.606675,PENME-DIME,ME,N,27.27436,44.4663861,28 to 12,12
P1P3O6,DIME,M,6/24/19,12,65,6.4,1.385864798,216.5413747,WAM,16.92318,9.07777,PENME-DIME,ME,N,17.6729,44.165011,28 to 12,12
R1P2R6,PEAME,M,6/24/19,12,64,5.4,1.594216744,295.2253231,WAM,15.63283,8.606675,OCME-PEAME,ME,N,13.10594,44.29059,28 to 12,12
P2R3R4,DIME,M,6/24/19,12,68,6,1.88464318,314.1071967,WAM,16.92318,9.07777,PENME-DIME,ME,N,17.6729,44.165011,28 to 12,12
O3O5R6,DIME,M,7/2/19,12,75,7.1,1.389628497,0.000195722,WAM,16.92318,9.07777,PENME-DIME,ME,N,17.6729,44.165011,28 to 12,12
R1P4O6,EHMA,M,7/2/19,12,69,8.4,1.578868914,0.000187961,WAM,19.31422,9.07777,RVMA-EHMA,MA,N,33.13356,41.82633,28 to 12,12
G2G5G6,EHMA,F,7/2/19,12,71,9.4,3.03017514,0.000322359,WAM,19.31422,9.07777,RVMA-EHMA,MA,N,33.13356,41.82633,28 to 12,12
P1R2R3,RVMA,F,7/2/19,12,74,9.9,2.084165227,0.000210522,WAM,23.49572,11.710242,RVMA-EHMA,MA,N,44.46299,41.674169,28 to 12,12
O2P3G5,EHMA,M,7/2/19,12,73,8.6,1.394192194,0.000162115,WAM,19.31422,9.07777,RVMA-EHMA,MA,N,33.13356,41.82633,28 to 12,12
G2G5P6,OCME,M,7/2/19,12,65,5.8,1.208112113,0.000208295,WAM,18.06903,8.606675,OCME-PEAME,ME,N,11.41609,44.421147,28 to 12,12
G1R3G4,DIME,M,7/2/19,12,66,6.1,1.335394354,0.000218917,WAM,16.92318,9.07777,PENME-DIME,ME,N,17.6729,44.165011,28 to 12,12
P1P4G5,EHMA,M,7/2/19,12,70,7.3,1.271434814,0.000174169,WAM,19.31422,9.07777,RVMA-EHMA,MA,N,33.13356,41.82633,28 to 12,12
G1O2R4,SOC,M,5/23/19,12,78,13.9,1.941205323,139.6550592,WAM,27.17952,14.211971,NJ,NJ,S,53.93098,39.78,28 to 12,12
G1R4O6,SOC,M,5/23/19,12,80,13.3,1.745106476,131.2110132,WAM,27.17952,14.211971,NJ,NJ,S,53.93098,39.78,28 to 12,12
G2R4P5,NOC,F,5/23/19,12,66,7.9,1.320004648,167.089196,WAM,27.10122,14.228548,NJ,NJ,S,49.24793,39.87,28 to 12,12
G2R4P6,OCE,M,5/23/19,12,85,16.8,2.073702447,123.4346695,WAM,30.57388,14.211971,NJ,NJ,S,NA,39.81,28 to 12,12
O1G2G5,NOC,M,5/23/19,12,64,7.7,1.870174662,242.8798262,WAM,27.10122,14.228548,NJ,NJ,S,49.24793,39.87,28 to 12,12
O1G2O6,OCE,M,5/23/19,12,68,6.5,2.173303596,334.3543993,WAM,30.57388,14.211971,NJ,NJ,S,NA,39.81,28 to 12,12
O1P2R4,NOC,F,5/23/19,12,62,6.8,1.065551373,156.6987313,WAM,27.10122,14.228548,NJ,NJ,S,49.24793,39.87,28 to 12,12
O1R2G6,OCE,F,5/23/19,12,75,11.1,1.483874918,133.6824251,WAM,30.57388,14.211971,NJ,NJ,S,NA,39.81,28 to 12,12
O1R4G5,NOC,F,5/23/19,12,68,9.5,1.205729838,126.9189303,WAM,27.10122,14.228548,NJ,NJ,S,49.24793,39.87,28 to 12,12
O2O3G5,NOC,F,5/23/19,12,66,7.5,1.042833114,139.0444152,WAM,27.10122,14.228548,NJ,NJ,S,49.24793,39.87,28 to 12,12
O2P3O6,OCE,M,5/23/19,12,78,13.4,1.552252393,115.8397308,WAM,30.57388,14.211971,NJ,NJ,S,NA,39.81,28 to 12,12
P1R2R6,NOC,M,5/23/19,12,70,8.3,1.735490626,209.0952562,WAM,27.10122,14.228548,NJ,NJ,S,49.24793,39.87,28 to 12,12
P3O5O6,OCE,M,5/23/19,12,67,8.9,1.537253858,172.7251526,WAM,30.57388,14.211971,NJ,NJ,S,NA,39.81,28 to 12,12
R1O2P5,SOC,M,5/23/19,12,61,6.1,1.001244896,164.1385076,WAM,27.17952,14.211971,NJ,NJ,S,53.93098,39.78,28 to 12,12
R1P3O4,SOC,F,5/23/19,12,77,12.5,1.89331815,151.465452,WAM,27.17952,14.211971,NJ,NJ,S,53.93098,39.78,28 to 12,12
R2O3G4,SOC,F,5/23/19,12,82,17.9,2.381491492,133.0442174,WAM,27.17952,14.211971,NJ,NJ,S,53.93098,39.78,28 to 12,12
R3O5G6,OCE,M,5/23/19,12,64,8.7,1.147873071,131.9394334,WAM,30.57388,14.211971,NJ,NJ,S,NA,39.81,28 to 12,12
G1G2G6,NOC,M,5/27/19,12,65,8.2,0.999970788,121.9476571,WAM,27.10122,14.228548,NJ,NJ,S,49.24793,39.87,28 to 12,12
G1P3P5,SOC,F,5/27/19,12,78,18,2.237359038,124.2977243,WAM,27.17952,14.211971,NJ,NJ,S,53.93098,39.78,28 to 12,12
G2G3O4,OCE,F,5/27/19,12,82,17,2.018219478,118.7187928,WAM,30.57388,14.211971,NJ,NJ,S,NA,39.81,28 to 12,12
G2G4R5,SOC,M,5/27/19,12,81,17.3,2.044472297,118.1775894,WAM,27.17952,14.211971,NJ,NJ,S,53.93098,39.78,28 to 12,12
G2O3O4,NOC,M,5/27/19,12,62,6.9,1.2077012,175.0291594,WAM,27.10122,14.228548,NJ,NJ,S,49.24793,39.87,28 to 12,12
G2O3P5,NOC,M,5/27/19,12,77,12.1,2.620737064,216.58984,WAM,27.10122,14.228548,NJ,NJ,S,49.24793,39.87,28 to 12,12
G2P3O6,SOC,F,5/27/19,12,72,10,1.303840907,130.3840907,WAM,27.17952,14.211971,NJ,NJ,S,53.93098,39.78,28 to 12,12
G2P3P6,OCE,M,5/27/19,12,84,18.7,1.775614685,94.95265693,WAM,30.57388,14.211971,NJ,NJ,S,NA,39.81,28 to 12,12
G2P4R6,OCE,F,5/27/19,12,73,10,1.504124055,150.4124055,WAM,30.57388,14.211971,NJ,NJ,S,NA,39.81,28 to 12,12
G3O4G6,SOC,F,5/27/19,12,61,6.9,1.019315202,147.7268408,WAM,27.17952,14.211971,NJ,NJ,S,53.93098,39.78,28 to 12,12
G3P4O5,OCE,M,5/27/19,12,83,17,1.494341001,87.9024118,WAM,30.57388,14.211971,NJ,NJ,S,NA,39.81,28 to 12,12
O1G2R5,OCE,F,5/27/19,12,72,13.5,1.13213797,83.86207185,WAM,30.57388,14.211971,NJ,NJ,S,NA,39.81,28 to 12,12
O1G3G4,OCE,M,5/27/19,12,79,13.4,1.491314137,111.2920998,WAM,30.57388,14.211971,NJ,NJ,S,NA,39.81,28 to 12,12
O1P2O4,NOC,M,5/27/19,12,62,7.1,1.164041879,163.9495604,WAM,27.10122,14.228548,NJ,NJ,S,49.24793,39.87,28 to 12,12
O1P5R6,NOC,F,5/27/19,12,80,15.2,1.807531555,118.9165497,WAM,27.10122,14.228548,NJ,NJ,S,49.24793,39.87,28 to 12,12
O2O3G6,SOC,M,5/27/19,12,64,7.8,1.427549174,183.0191249,WAM,27.17952,14.211971,NJ,NJ,S,53.93098,39.78,28 to 12,12
O2P4P5,NOC,F,5/27/19,12,82,20.3,3.14999139,155.1719896,WAM,27.10122,14.228548,NJ,NJ,S,49.24793,39.87,28 to 12,12
O2R4G5,NOC,M,5/27/19,12,64,6,0.531819815,88.63663586,WAM,27.10122,14.228548,NJ,NJ,S,49.24793,39.87,28 to 12,12
O3G4O6,NOC,F,5/27/19,12,67,8.2,1.231800517,150.2195752,WAM,27.10122,14.228548,NJ,NJ,S,49.24793,39.87,28 to 12,12
O3O4G6,OCE,M,5/27/19,12,73,15.9,2.014759211,126.7144158,WAM,30.57388,14.211971,NJ,NJ,S,NA,39.81,28 to 12,12
O3O4R6,OCE,F,5/27/19,12,80,13.9,2.729414688,196.3607689,WAM,30.57388,14.211971,NJ,NJ,S,NA,39.81,28 to 12,12
P1G3R6,OCE,M,5/27/19,12,64,7.3,1.445517458,198.0160902,WAM,30.57388,14.211971,NJ,NJ,S,NA,39.81,28 to 12,12
P1G5P6,SOC,F,5/27/19,12,70,15,2.068418076,137.8945384,WAM,27.17952,14.211971,NJ,NJ,S,53.93098,39.78,28 to 12,12
P1O2R6,OCE,M,5/27/19,12,73,11.6,1.526451995,131.5906892,WAM,30.57388,14.211971,NJ,NJ,S,NA,39.81,28 to 12,12
P1R4P5,SOC,F,5/27/19,12,76,11.5,1.91962467,166.9238843,WAM,27.17952,14.211971,NJ,NJ,S,53.93098,39.78,28 to 12,12
P2G3R5,SOC,F,5/27/19,12,65,8.6,1.209864207,140.6818845,WAM,27.17952,14.211971,NJ,NJ,S,53.93098,39.78,28 to 12,12
P2G5G6,SOC,M,5/27/19,12,73,11.4,1.212588512,106.3674133,WAM,27.17952,14.211971,NJ,NJ,S,53.93098,39.78,28 to 12,12
P3O4R6,NOC,F,5/27/19,12,69,10.2,1.097931436,107.6403369,WAM,27.10122,14.228548,NJ,NJ,S,49.24793,39.87,28 to 12,12
R1G3O5,NOC,F,5/27/19,12,72,11,1.413794195,128.526745,WAM,27.10122,14.228548,NJ,NJ,S,49.24793,39.87,28 to 12,12
R1P2R3,OCE,M,5/27/19,12,66,8.5,1.020511407,120.0601656,WAM,30.57388,14.211971,NJ,NJ,S,NA,39.81,28 to 12,12
R1R2R4,NOC,F,5/27/19,12,65,9.6,0.535485816,55.77977253,WAM,27.10122,14.228548,NJ,NJ,S,49.24793,39.87,28 to 12,12
R1R4G5,OCE,M,5/27/19,12,73,11.1,1.403620134,126.4522643,WAM,30.57388,14.211971,NJ,NJ,S,NA,39.81,28 to 12,12
R1R4R6,SOC,M,5/27/19,12,78,14.4,1.427414988,99.12604082,WAM,27.17952,14.211971,NJ,NJ,S,53.93098,39.78,28 to 12,12
R2R5G6,SOC,M,5/27/19,12,80,15.3,3.085073561,201.6387948,WAM,27.17952,14.211971,NJ,NJ,S,53.93098,39.78,28 to 12,12
R3O5O6,NOC,F,5/27/19,12,71,10.1,1.967888217,194.8404175,WAM,27.10122,14.228548,NJ,NJ,S,49.24793,39.87,28 to 12,12
G1O5P6,OCE,M,5/30/19,28,78,15,3.040926621,202.7284414,WAM,30.57388,14.211971,NJ,NJ,S,NA,39.81,12 to 28,28
G1R3G5,SOC,M,5/30/19,28,72,10.3,3.767923959,365.8178601,WAM,27.17952,14.211971,NJ,NJ,S,53.93098,39.78,12 to 28,28
G1R4P6,OCE,M,5/30/19,28,71,10.9,2.827998618,259.4494145,WAM,30.57388,14.211971,NJ,NJ,S,NA,39.81,12 to 28,28
G2G3R5,NOC,F,5/30/19,28,70,10.5,2.468312819,235.0774114,WAM,27.10122,14.228548,NJ,NJ,S,49.24793,39.87,12 to 28,28
G2P4G5,SOC,F,5/30/19,28,82,15.2,5.556808758,365.5795236,WAM,27.17952,14.211971,NJ,NJ,S,53.93098,39.78,12 to 28,28
G4G5R6,NOC,M,5/30/19,28,73,10.4,3.575923976,343.8388438,WAM,27.10122,14.228548,NJ,NJ,S,49.24793,39.87,12 to 28,28
O1O2R5,NOC,F,5/30/19,28,74,9.7,3.801622422,391.9198373,WAM,27.10122,14.228548,NJ,NJ,S,49.24793,39.87,12 to 28,28
O4G5G6,OCE,F,5/30/19,28,80,12.7,2.861372849,225.3049487,WAM,30.57388,14.211971,NJ,NJ,S,NA,39.81,12 to 28,28
P1G2R3,SOC,M,5/30/19,28,72,9.6,4.799970749,499.9969531,WAM,27.17952,14.211971,NJ,NJ,S,53.93098,39.78,12 to 28,28
P1G4O5,SOC,M,5/30/19,28,74,11.4,3.068604679,269.175849,WAM,27.17952,14.211971,NJ,NJ,S,53.93098,39.78,12 to 28,28
P1O3R4,NOC,M,5/30/19,28,80,13.5,5.324838761,394.4325008,WAM,27.10122,14.228548,NJ,NJ,S,49.24793,39.87,12 to 28,28
P3R4R5,OCE,M,5/30/19,28,76,11.8,4.159116354,352.4674876,WAM,30.57388,14.211971,NJ,NJ,S,NA,39.81,12 to 28,28
R1G2P4,NOC,F,5/30/19,28,68,10.5,4.05496584,386.1872229,WAM,27.10122,14.228548,NJ,NJ,S,49.24793,39.87,12 to 28,28
R1P2O5,NOC,M,5/30/19,28,75,12.2,3.148649514,258.0860258,WAM,27.10122,14.228548,NJ,NJ,S,49.24793,39.87,12 to 28,28
R1P2R5,OCE,M,5/30/19,28,74,11.6,3.838932918,330.942493,WAM,30.57388,14.211971,NJ,NJ,S,NA,39.81,12 to 28,28
R1R2R6,OCE,F,5/30/19,28,68,8.7,3.096071549,355.870293,WAM,30.57388,14.211971,NJ,NJ,S,NA,39.81,12 to 28,28
R2R4R6,NOC,F,5/30/19,28,64,7.5,3.141445702,418.859427,WAM,27.10122,14.228548,NJ,NJ,S,49.24793,39.87,12 to 28,28
R3G5O6,OCE,M,5/30/19,28,73,9,2.615324286,290.5915874,WAM,30.57388,14.211971,NJ,NJ,S,NA,39.81,12 to 28,28
G1O2G6,OCE,F,6/4/19,28,65,8.6,3.750369434,436.0894691,WAM,30.57388,14.211971,NJ,NJ,S,NA,39.81,12 to 28,28
G1R2G5,SOC,F,6/4/19,28,70,9.4,3.800598837,404.3190252,WAM,27.17952,14.211971,NJ,NJ,S,53.93098,39.78,12 to 28,28
G2O4G6,NOC,M,6/4/19,28,67,8.5,3.678938214,432.8162605,WAM,27.10122,14.228548,NJ,NJ,S,49.24793,39.87,12 to 28,28
G2P3R6,OCE,M,6/4/19,28,75,14,4.547922472,324.8516051,WAM,30.57388,14.211971,NJ,NJ,S,NA,39.81,12 to 28,28
O1O3R4,NOC,F,6/4/19,28,68,8.1,3.980928871,491.4727001,WAM,27.10122,14.228548,NJ,NJ,S,49.24793,39.87,12 to 28,28
O1R2G5,OCE,M,6/4/19,28,68,8.9,4.022226638,451.9355773,WAM,30.57388,14.211971,NJ,NJ,S,NA,39.81,12 to 28,28
O1R2O4,NOC,F,6/4/19,28,75,13,4.161598356,320.1229505,WAM,27.10122,14.228548,NJ,NJ,S,49.24793,39.87,12 to 28,28
O2G5R6,OCE,M,6/4/19,28,64,7.7,3.674841161,477.2520988,WAM,30.57388,14.211971,NJ,NJ,S,NA,39.81,12 to 28,28
O3G5R6,SOC,F,6/4/19,28,72,12.2,3.211196707,263.2128448,WAM,27.17952,14.211971,NJ,NJ,S,53.93098,39.78,12 to 28,28
O3O4G5,SOC,M,6/4/19,28,78,13,5.020075295,386.159638,WAM,27.17952,14.211971,NJ,NJ,S,53.93098,39.78,12 to 28,28
P1R3R5,OCE,F,6/4/19,28,75,12,6.786195631,565.5163026,WAM,30.57388,14.211971,NJ,NJ,S,NA,39.81,12 to 28,28
P2R4G5,OCE,F,6/4/19,28,72,11,4.176369543,379.6699584,WAM,30.57388,14.211971,NJ,NJ,S,NA,39.81,12 to 28,28
R1O2O5,NOC,F,6/4/19,28,70,8.1,1.846788753,227.9986115,WAM,27.10122,14.228548,NJ,NJ,S,49.24793,39.87,12 to 28,28
R1O2P4,SOC,M,6/4/19,28,72,13.5,4.228057473,313.1894425,WAM,27.17952,14.211971,NJ,NJ,S,53.93098,39.78,12 to 28,28
R1R3G6,OCE,M,6/4/19,28,69,9.8,4.360143028,444.9125539,WAM,30.57388,14.211971,NJ,NJ,S,NA,39.81,12 to 28,28
R1R5P6,SOC,M,6/4/19,28,76,12.3,4.878670213,396.6398547,WAM,27.17952,14.211971,NJ,NJ,S,53.93098,39.78,12 to 28,28
R2O3O5,SOC,M,6/4/19,28,67,8.5,2.656835267,312.568855,WAM,27.17952,14.211971,NJ,NJ,S,53.93098,39.78,12 to 28,28
R2P5P6,OCE,F,6/4/19,28,72,11.8,4.023120978,340.9424557,WAM,30.57388,14.211971,NJ,NJ,S,NA,39.81,12 to 28,28
R3P5G6,OCE,M,6/4/19,28,75,12.1,6.121970358,505.9479634,WAM,30.57388,14.211971,NJ,NJ,S,NA,39.81,12 to 28,28
R3R5R6,SOC,M,6/4/19,28,73,11.2,3.845140928,343.3161543,WAM,27.17952,14.211971,NJ,NJ,S,53.93098,39.78,12 to 28,28
G1O3R6,SOC,M,6/5/19,28,71,11.3,5.626834904,497.9499915,WAM,27.17952,14.211971,NJ,NJ,S,53.93098,39.78,12 to 28,28
G1R2P5,NOC,M,6/5/19,28,70,7.1,3.690232728,519.7510885,WAM,27.10122,14.228548,NJ,NJ,S,49.24793,39.87,12 to 28,28
G1R2R6,SOC,M,6/5/19,28,70,8.4,4.446023516,529.2885138,WAM,27.17952,14.211971,NJ,NJ,S,53.93098,39.78,12 to 28,28
G2O3R5,SOC,F,6/5/19,28,70,10.6,3.955642863,373.173855,WAM,27.17952,14.211971,NJ,NJ,S,53.93098,39.78,12 to 28,28
O1G3O6,NOC,F,6/5/19,28,62,9.2,4.304951888,467.929553,WAM,27.10122,14.228548,NJ,NJ,S,49.24793,39.87,12 to 28,28
O1G3P6,OCE,M,6/5/19,28,75,5.6,5.066764705,904.7794116,WAM,30.57388,14.211971,NJ,NJ,S,NA,39.81,12 to 28,28
O2O4R5,NOC,F,6/5/19,28,74,11.2,6.382583324,569.8735111,WAM,27.10122,14.228548,NJ,NJ,S,49.24793,39.87,12 to 28,28
O2R5R6,OCE,M,6/5/19,28,65,8.3,4.087850364,492.512092,WAM,30.57388,14.211971,NJ,NJ,S,NA,39.81,12 to 28,28
O4O5R6,OCE,F,6/5/19,28,84,15.7,5.566058249,354.5260031,WAM,30.57388,14.211971,NJ,NJ,S,NA,39.81,12 to 28,28
P1G5O6,SOC,F,6/5/19,28,72,11.8,4.560230577,386.4602184,WAM,27.17952,14.211971,NJ,NJ,S,53.93098,39.78,12 to 28,28
P2G3P6,NOC,M,6/5/19,28,65,7.7,2.931779787,380.7506217,WAM,27.10122,14.228548,NJ,NJ,S,49.24793,39.87,12 to 28,28
P2G4P5,NOC,M,6/5/19,28,62,8.3,3.377597127,406.9394129,WAM,27.10122,14.228548,NJ,NJ,S,49.24793,39.87,12 to 28,28
P2O4G5,SOC,F,6/5/19,28,71,9.6,4.074517678,424.4289248,WAM,27.17952,14.211971,NJ,NJ,S,53.93098,39.78,12 to 28,28
P3R4G6,SOC,F,6/5/19,28,65,8.8,4.670666273,530.757531,WAM,27.17952,14.211971,NJ,NJ,S,53.93098,39.78,12 to 28,28
R1O2P6,SOC,F,6/5/19,28,80,16.4,6.7325876,410.5236342,WAM,27.17952,14.211971,NJ,NJ,S,53.93098,39.78,12 to 28,28
R2O3O6,NOC,M,6/5/19,28,61,11.3,4.893270157,433.0327573,WAM,27.10122,14.228548,NJ,NJ,S,49.24793,39.87,12 to 28,28
R2P3G4,NOC,M,6/5/19,28,53,4.1,3.284258706,801.0387087,WAM,27.10122,14.228548,NJ,NJ,S,49.24793,39.87,12 to 28,28
R3O4O6,NOC,F,6/5/19,28,66,8.4,3.813910032,454.0369086,WAM,27.10122,14.228548,NJ,NJ,S,49.24793,39.87,12 to 28,28
R3R4G6,SOC,F,6/5/19,28,61,7.4,6.663084852,900.4168718,WAM,27.17952,14.211971,NJ,NJ,S,53.93098,39.78,12 to 28,28